command,text_orig,key,is_skippable,fit_mode,image,width,height,screenadapt,fadetime,intro,volume,crossfade,delay,time,duration,xstrength,ystrength,vibrato,randomness,fadeout,block,a,r,g,b,name,name2,focus,xFrom,yFrom,xTo,yTo,xScaleFrom,yScaleFrom,xScaleTo,yScaleTo,widgetID,style,fadestyle,offsetx,index,text,jp_text,jp_name,text_match
header,第六关（后）,title_test,true,BLACK_MASK,,,,,,,,,,,,,,,,,,,,,,,,,,,,,,,,,,,,,0,,,,False
background,,,,,bg_rooftop,1,1,coverall,1,,,,,,,,,,,,,,,,,,,,,,,,,,,,,,,,1,,,,False
playmusic,,$escape_loop,,,,,,,,$escape_intro,0.8,1.5,0.5,,,,,,,,,,,,,,,,,,,,,,,,,,,,2,,,,False
delay,,,,,,,,,,,,,,1,,,,,,,,,,,,,,,,,,,,,,,,,,,3,,,,False
camerashake,,,,,,,,,,,,,,,1,8,6,30,90,true,false,,,,,,,,,,,,,,,,,,,,4,,,,False
playsound,,$d_sp_chixiaobadao,,,,,,,,,,,,,,,,,,,,,,,,,,,,,,,,,,,,,,,5,,,,False
blocker,,,,,,,,,0.02,,,,,,,,,,,,true,0.7,1,0,0,,,,,,,,,,,,,,,,6,,,,False
blocker,,,,,,,,,0.25,,,,,,,,,,,,true,0,0,0,0,,,,,,,,,,,,,,,,7,,,,False
character,,,,,,,,,,,,,,,,,,,,,,,,,,char_010_chen_1#2,,,,,,,,,,,,,,,8,,,,False
name,退路已尽。,,,,,,,,,,,,,,,,,,,,,,,,,陈,,,,,,,,,,,,,,,9,退路已尽。,退路はもうない。,チェン,True
character,,,,,,,,,,,,,,,,,,,,,,,,,,char_1507_Mephisto_1#3,,,,,,,,,,,,,,,10,,,,False
name,......你，你！,,,,,,,,,,,,,,,,,,,,,,,,,梅菲斯特,,,,,,,,,,,,,,,11,......你，你！,……お、お前！,メフィスト,True
blocker,,,,,,,,,0.5,,,,,,,,,,,,true,1,0,0,0,,,,,,,,,,,,,,,,12,,,,False
blocker,,,,,,,,,0.5,,,,,,,,,,,,true,0,0,0,0,,,,,,,,,,,,,,,,13,,,,False
character,,,,,,,,,,,,,,,,,,,,,,,,,,char_017_homura_3#1,,,,,,,,,,,,,,,14,,,,False
name,你们还想往哪逃？,,,,,,,,,,,,,,,,,,,,,,,,,煌,,,,,,,,,,,,,,,15,你们还想往哪逃？,まだどこへ逃げようとしている？,ホシグマ,True
character,,,,,,,,,,,,,,,,,,,,,,,,,,char_1508_Faust_1#1,,,,,,,,,,,,,,,16,,,,False
name,唔。,,,,,,,,,,,,,,,,,,,,,,,,,浮士德,,,,,,,,,,,,,,,17,唔。,うっ。,ファウスト,True
character,,,,,,,,,,,,,,,,,,,,,,,,,,char_017_homura_3#1,,,,,,,,,,,,,,,18,,,,False
name,放下你的手！,,,,,,,,,,,,,,,,,,,,,,,,,煌,,,,,,,,,,,,,,,19,放下你的手！,その手を離せ！,ホシグマ,True
name,你的把戏已经被我看穿了，长鳞的小子！,,,,,,,,,,,,,,,,,,,,,,,,,煌,,,,,,,,,,,,,,,20,你的把戏已经被我看穿了，长鳞的小子！,お前の手口はもう見抜いているぞ、鱗のあるガキ！,ホシグマ,True
character,,,,,,,,,,,,,,,,,,,,,,,,,,char_1508_Faust_1#1,,,,,,,,,,,,,,,21,,,,False
camerashake,,,,,,,,,,,,,,,0.4,8,6,30,30,true,false,,,,,,,,,,,,,,,,,,,,22,,,,False
blocker,,,,,,,,,0.02,,,,,,,,,,,,true,0.7,0.95,0.95,0.95,,,,,,,,,,,,,,,,23,,,,False
playsound,,$d_sp_ballista,,,,,,,,,,,,,,,,,,,,,,,,,,,,,,,,,,,,,,,24,,,,False
blocker,,,,,,,,,0.25,,,,,,,,,,,,true,0,0.95,0.95,0.95,,,,,,,,,,,,,,,,25,,,,False
character,,,,,,,,,,,,,,,,,,,,,,,,,,char_017_homura_3#1,,,,,,,,,,,,,,,26,,,,False
playsound,,$p_imp_blunt_h,,,,,,,,,,,,,,,,,,,,,,,,,,,,,,,,,,,,,,,27,,,,False
camerashake,,,,,,,,,,,,,,,0.4,12,18,30,30,false,,,,,,,,,,,,,,,,,,,,,28,,,,False
delay,,,,,,,,,,,,,,1,,,,,,,,,,,,,,,,,,,,,,,,,,,29,,,,False
character,,,,,,,,,,,,,,,,,,,,,,,,,,char_017_homura_3#1,,,,,,,,,,,,,,,30,,,,False
name,我说了，我看穿了。,,,,,,,,,,,,,,,,,,,,,,,,,煌,,,,,,,,,,,,,,,31,我说了，我看穿了。,言っただろう、見抜いているって。,ホシグマ,True
character,,,,,,,,,,,,,,,,,,,,,,,,,,char_002_amiya_1#7,char_017_homura_3#1,1,,,,,,,,,,,,,32,,,,False
name,煌！,,,,,,,,,,,,,,,,,,,,,,,,,阿米娅,,,,,,,,,,,,,,,33,煌！,ホシグマ！,アーミヤ,True
character,,,,,,,,,,,,,,,,,,,,,,,,,,char_002_amiya_1#7,char_017_homura_3#1,2,,,,,,,,,,,,,34,,,,False
name,哼，不算什么，这点火力也就和炮仗差不多！,,,,,,,,,,,,,,,,,,,,,,,,,煌,,,,,,,,,,,,,,,35,哼，不算什么，这点火力也就和炮仗差不多！,ふん、大したことない。この程度の火力、ただの爆竹みたいなもんだ！,ホシグマ,True
character,,,,,,,,,,,,,,,,,,,,,,,,,,char_1508_Faust_1#1,,,,,,,,,,,,,,,36,,,,False
name,你提前防御住了弩弹。,,,,,,,,,,,,,,,,,,,,,,,,,浮士德,,,,,,,,,,,,,,,37,你提前防御住了弩弹。,君は事前にボルトを防いだのか。,ファウスト,True
name,你知道他们的位置？,,,,,,,,,,,,,,,,,,,,,,,,,浮士德,,,,,,,,,,,,,,,38,你知道他们的位置？,彼らの位置が分かっているのか？,ファウスト,True
character,,,,,,,,,,,,,,,,,,,,,,,,,,char_017_homura_3#1,,,,,,,,,,,,,,,39,,,,False
name,那当然，我已经全都找出来了。,,,,,,,,,,,,,,,,,,,,,,,,,煌,,,,,,,,,,,,,,,40,那当然，我已经全都找出来了。,もちろん、全部見つけてある。,ホシグマ,True
name,阿米娅，后退，我该用那个了！,,,,,,,,,,,,,,,,,,,,,,,,,煌,,,,,,,,,,,,,,,41,阿米娅，后退，我该用那个了！,アーミヤ、下がれ、例のを使う！,ホシグマ,True
character,,,,,,,,,,,,,,,,,,,,,,,,,,char_002_amiya_1#7,char_017_homura_3#1,1,,,,,,,,,,,,,42,,,,False
name,知道！我会再一次干扰梅菲斯特的护卫，抓紧时间！,,,,,,,,,,,,,,,,,,,,,,,,,阿米娅,,,,,,,,,,,,,,,43,知道！我会再一次干扰梅菲斯特的护卫，抓紧时间！,分かりました！もう一度メフィストの護衛を妨害して、時間を稼ぎます！,アーミヤ,True
character,,,,,,,,,,,,,,,,,,,,,,,,,,char_017_homura_3#1,,,,,,,,,,,,,,,44,,,,False
name,这点血是送你们做临别礼物的，整合运动的“幻影弩手”们！,,,,,,,,,,,,,,,,,,,,,,,,,煌,,,,,,,,,,,,,,,45,这点血是送你们做临别礼物的，整合运动的“幻影弩手”们！,この血はお前たちへの餞別だ、レユニオンの“幻影クロスボウ”共！,ホシグマ,True
name,沸腾吧，爆开他们的伪装吧！,,,,,,,,,,,,,,,,,,,,,,,,,煌,,,,,,,,,,,,,,,46,沸腾吧，爆开他们的伪装吧！,煮えたぎれ、奴らの偽装を暴け！,ホシグマ,True
blocker,,,,,,,,,1,,,,,,,,,,,,true,1,0,0,0,,,,,,,,,,,,,,,,47,,,,False
playsound,,$e_skill_skulsrsword,,,,,,,,,0.4,,,,,,,,,,,,,,,,,,,,,,,,,,,,,,48,,,,False
blocker,,,,,,,,,1.5,,,,,,,,,,,,false,0,,,,,,,,,,,,,,,,,,,49,,,,False
camerashake,,,,,,,,,,,,,,,1,10,12,30,90,true,false,,,,,,,,,,,,,,,,,,,,50,,,,False
blocker,,,,,,,,,0.02,,,,,,,,,,,,true,0.3,1,0,0,,,,,,,,,,,,,,,,51,,,,False
blocker,,,,,,,,,0.25,,,,,,,,,,,,true,0,0,0,0,,,,,,,,,,,,,,,,52,,,,False
image,,,,,avg_5_8_homura,,,coverall,0.3,,,,,,,,,,,,true,,,,,,,,,,,,,,,,,,,,53,,,,False
imagetween,,,,,,,,,,,,,,,15,,,,,,false,,,,,,,,0,0,0,0,1,1,1.15,1.15,,,,,54,,,,False
blocker,,,,,,,,,1,,,,,,,,,,,,true,0,,,,,,,,,,,,,,,,,,,55,,,,False
name,——！,,,,,,,,,,,,,,,,,,,,,,,,,浮士德,,,,,,,,,,,,,,,56,——！,——！,ファウスト,True
name,你泼洒自己的血，用血来点火？,,,,,,,,,,,,,,,,,,,,,,,,,浮士德,,,,,,,,,,,,,,,57,你泼洒自己的血，用血来点火？,自分の血を撒いて、火をつけたのか？,ファウスト,True
name,哈，我难道看起来像个术师吗？那种四处纵火的家伙，最多只是些自我意识过剩的门外汉。,,,,,,,,,,,,,,,,,,,,,,,,,煌,,,,,,,,,,,,,,,58,哈，我难道看起来像个术师吗？那种四处纵火的家伙，最多只是些自我意识过剩的门外汉。,はっ、私が術師に見えるか？あちこち火をつける奴なんて、せいぜい自意識過剰な素人だ。,ホシグマ,True
name,抱歉，这是战斗技巧。现身吧射手们，你们无处可藏了！,,,,,,,,,,,,,,,,,,,,,,,,,煌,,,,,,,,,,,,,,,59,抱歉，这是战斗技巧。现身吧射手们，你们无处可藏了！,悪いが、これは戦闘の技術だ。出てこい射手ども、もはや隠れる場所はない！,ホシグマ,True
blocker,,,,,,,,,1,,,,,,,,,,,,true,1,0,0,0,,,,,,,,,,,,,,,,60,,,,False
blocker,,,,,,,,,1,,,,,,,,,,,,true,0,,,,,,,,,,,,,,,,,,,61,,,,False
character,,,,,,,,,1,,,,,,,,,,,,true,,,,,avg_npc_016,,,,,,,,,,,,,,,62,,,,False
name,......,,,,,,,,,,,,,,,,,,,,,,,,,幻影弩手,,,,,,,,,,,,,,,63,......,……,幻影クロスボウ,True
name,浮士德，伪装消失了。,,,,,,,,,,,,,,,,,,,,,,,,,幻影弩手,,,,,,,,,,,,,,,64,浮士德，伪装消失了。,ファウスト、偽装が消えた。,幻影クロスボウ,True
character,,,,,,,,,,,,,,,,,,,,,,,,,,char_1508_Faust_1#1,,,,,,,,,,,,,,,65,,,,False
name,命令，撤退。,,,,,,,,,,,,,,,,,,,,,,,,,浮士德,,,,,,,,,,,,,,,66,命令，撤退。,命令だ、撤退しろ。,ファウスト,True
character,,,,,,,,,,,,,,,,,,,,,,,,,,char_015_lmg,,,,,,,,,,,,,,,67,,,,False
name,那些是......怎么回事！整合运动的狙击手是什么时候埋伏在那里的？,,,,,,,,,,,,,,,,,,,,,,,,,近卫局成员,,,,,,,,,,,,,,,68,那些是......怎么回事！整合运动的狙击手是什么时候埋伏在那里的？,あれは……どういうことだ！レユニオンの狙撃手はいつそこに潜んでいたんだ？,近衛局隊員,True
character,,,,,,,,,,,,,,,,,,,,,,,,,,char_1508_Faust_1#1,avg_npc_016,2,,,,,,,,,,,,,69,,,,False
name,现在？,,,,,,,,,,,,,,,,,,,,,,,,,幻影弩手,,,,,,,,,,,,,,,70,现在？,今？,幻影クロスボウ,True
character,,,,,,,,,,,,,,,,,,,,,,,,,,char_1508_Faust_1#1,avg_npc_016,1,,,,,,,,,,,,,71,,,,False
name,现在。,,,,,,,,,,,,,,,,,,,,,,,,,浮士德,,,,,,,,,,,,,,,72,现在。,今だ。,ファウスト,True
character,,,,,,,,,,,,,,,,,,,,,,,,,,char_015_lmg,,,,,,,,,,,,,,,73,,,,False
name,数个整合运动的狙击手突然现身，主要分布在近卫局东二楼和南三楼！,,,,,,,,,,,,,,,,,,,,,,,,,近卫局成员,,,,,,,,,,,,,,,74,数个整合运动的狙击手突然现身，主要分布在近卫局东二楼和南三楼！,複数のレユニオン狙撃手が突然現れました、主に近衛局の東二階と南三階に配置されています！,近衛局隊員,True
character,,,,,,,,,,,,,,,,,,,,,,,,,,char_002_amiya_1#7,,,,,,,,,,,,,,,75,,,,False
name,留神脚下，低处可能也有埋伏！,,,,,,,,,,,,,,,,,,,,,,,,,阿米娅,,,,,,,,,,,,,,,76,留神脚下，低处可能也有埋伏！,足元に注意して、低い場所にも待ち伏せがいるかもしれません！,アーミヤ,True
character,,,,,,,,,,,,,,,,,,,,,,,,,,char_015_lmg,,,,,,,,,,,,,,,77,,,,False
name,大楼里的古怪之处，也是他们引起的吗？,,,,,,,,,,,,,,,,,,,,,,,,,近卫局成员,,,,,,,,,,,,,,,78,大楼里的古怪之处，也是他们引起的吗？,ビルの中の妙な現象も、奴らの仕業なのか？,近衛局隊員,True
character,,,,,,,,,,,,,,,,,,,,,,,,,,char_017_homura_3#1,,,,,,,,,,,,,,,79,,,,False
name,通过空气折射让身形变得透明啊，好手法。,,,,,,,,,,,,,,,,,,,,,,,,,煌,,,,,,,,,,,,,,,80,通过空气折射让身形变得透明啊，好手法。,空気の屈折で姿を消してたのか、なかなかの手口だな。,ホシグマ,True
name,不过你掩盖不了自己的行踪，又或者是动作幅度太大，也会导致这个源石技艺失效。,,,,,,,,,,,,,,,,,,,,,,,,,煌,,,,,,,,,,,,,,,81,不过你掩盖不了自己的行踪，又或者是动作幅度太大，也会导致这个源石技艺失效。,だが、動きが大きすぎれば足取りは隠しきれないし、この源石技術も無効化される。,ホシグマ,True
name,我说得对吗？,,,,,,,,,,,,,,,,,,,,,,,,,煌,,,,,,,,,,,,,,,82,我说得对吗？,私の言ってること、合ってるだろ？,ホシグマ,True
character,,,,,,,,,,,,,,,,,,,,,,,,,,char_017_homura_3#1,char_1508_Faust_1#1,2,,,,,,,,,,,,,83,,,,False
name,......你很聪明。,,,,,,,,,,,,,,,,,,,,,,,,,浮士德,,,,,,,,,,,,,,,84,......你很聪明。,……お前は賢いな。,ファウスト,True
character,,,,,,,,,,,,,,,,,,,,,,,,,,char_017_homura_3#1,char_1508_Faust_1#1,1,,,,,,,,,,,,,85,,,,False
name,是罗德岛情报做得好。你没戏唱了，投降吧。,,,,,,,,,,,,,,,,,,,,,,,,,煌,,,,,,,,,,,,,,,86,是罗德岛情报做得好。你没戏唱了，投降吧。,ロドスの諜報が良かっただけさ。もうお前の出番はない、降伏しろ。,ホシグマ,True
name,如果还要打的话，哼，不管有没有你的份，你都得为Ace和Scout抵命，小子。,,,,,,,,,,,,,,,,,,,,,,,,,煌,,,,,,,,,,,,,,,87,如果还要打的话，哼，不管有没有你的份，你都得为Ace和Scout抵命，小子。,それでも戦うなら――フン、たとえお前のせいじゃなくても、AceとScoutの恨みは晴らしてもらうぞ、坊や。,ホシグマ,True
character,,,,,,,,,,,,,,,,,,,,,,,,,,char_1508_Faust_1#1,avg_npc_016,2,,,,,,,,,,,,,88,,,,False
name,浮士德，我们还有弹药。,,,,,,,,,,,,,,,,,,,,,,,,,幻影弩手,,,,,,,,,,,,,,,89,浮士德，我们还有弹药。,ファウスト、まだ弾薬は残っている。,幻影クロスボウ,True
character,,,,,,,,,,,,,,,,,,,,,,,,,,char_1508_Faust_1#1,avg_npc_016,1,,,,,,,,,,,,,90,,,,False
name,撤退。我们已经失去了情报优势。我会狙击他们，你们立刻转移。,,,,,,,,,,,,,,,,,,,,,,,,,浮士德,,,,,,,,,,,,,,,91,撤退。我们已经失去了情报优势。我会狙击他们，你们立刻转移。,撤退しろ。情報の優位性は失った。俺が狙撃してやる、お前たちはすぐ移動しろ。,ファウスト,True
character,,,,,,,,,,,,,,,,,,,,,,,,,,char_1508_Faust_1#1,avg_npc_016,2,,,,,,,,,,,,,92,,,,False
name,明白。,,,,,,,,,,,,,,,,,,,,,,,,,幻影弩手,,,,,,,,,,,,,,,93,明白。,了解。,幻影クロスボウ,True
character,,,,,,,,,,,,,,,,,,,,,,,,,,char_1507_Mephisto_1#4,,,,,,,,,,,,,,,94,,,,False
name,为什么不射击她？浮士德！,,,,,,,,,,,,,,,,,,,,,,,,,梅菲斯特,,,,,,,,,,,,,,,95,为什么不射击她？浮士德！,なぜ彼女を撃たない！ファウスト！,メフィスト,True
name,我的护卫们，快去！四个人，四个人而已......其中只有三个能和你们为敌！,,,,,,,,,,,,,,,,,,,,,,,,,梅菲斯特,,,,,,,,,,,,,,,96,我的护卫们，快去！四个人，四个人而已......其中只有三个能和你们为敌！,私の護衛たち、行け！たった四人だけだ……その中でお前たちと戦えるのは三人だけ！,メフィスト,True
name,战斗！现在就撕碎这些罪人！,,,,,,,,,,,,,,,,,,,,,,,,,梅菲斯特,,,,,,,,,,,,,,,97,战斗！现在就撕碎这些罪人！,戦え！今すぐこれらの罪人を引き裂け！,メフィスト,True
character,,,,,,,,,,,,,,,,,,,,,,,,,,char_002_amiya_1#7,,,,,,,,,,,,,,,98,,,,False
name,我们三个在博士的指挥下，胜过你们所有人！,,,,,,,,,,,,,,,,,,,,,,,,,阿米娅,,,,,,,,,,,,,,,99,我们三个在博士的指挥下，胜过你们所有人！,私たち三人はドクターの指揮のもと、あなたたち全員に勝る！,アーミヤ,True
name,更何况那些被你伤害了、剥夺了理智的感染者，意识里只剩下你的赘余思绪，不再是活生生的人......！,,,,,,,,,,,,,,,,,,,,,,,,,阿米娅,,,,,,,,,,,,,,,100,更何况那些被你伤害了、剥夺了理智的感染者，意识里只剩下你的赘余思绪，不再是活生生的人......！,それに、あなたが傷つけ、理性を奪われた感染者たちは、意識の中にあなたの残滓だけが残り、もう生きた人間ではない……！,アーミヤ,True
name,就连你身边那个带鳞的男孩也未必和你同心，他的思绪里充斥着混乱和悲伤......,,,,,,,,,,,,,,,,,,,,,,,,,阿米娅,,,,,,,,,,,,,,,101,就连你身边那个带鳞的男孩也未必和你同心，他的思绪里充斥着混乱和悲伤......,あなたのそばにいる鱗を持つあの少年でさえ、あなたと心を一つにしているとは限らない。彼の思いは混乱と悲しみに満ちている……,アーミヤ,True
name,梅菲斯特，你才是这战场上孤身一人的那个！,,,,,,,,,,,,,,,,,,,,,,,,,阿米娅,,,,,,,,,,,,,,,102,梅菲斯特，你才是这战场上孤身一人的那个！,メフィスト、戦場で本当に独りなのはあなたなんです！,アーミヤ,True
character,,,,,,,,,,,,,,,,,,,,,,,,,,char_1507_Mephisto_1#4,,,,,,,,,,,,,,,103,,,,False
name,......,,,,,,,,,,,,,,,,,,,,,,,,,梅菲斯特,,,,,,,,,,,,,,,104,......,……,メフィスト,True
character,,,,,,,,,,,,,,,,,,,,,,,,,,char_002_amiya_1#7,char_1508_Faust_1#1,2,,,,,,,,,,,,,105,,,,False
name,你读了我的心？,,,,,,,,,,,,,,,,,,,,,,,,,浮士德,,,,,,,,,,,,,,,106,你读了我的心？,俺の心を読んだのか？,ファウスト,True
character,,,,,,,,,,,,,,,,,,,,,,,,,,char_002_amiya_1#7,char_1508_Faust_1#1,1,,,,,,,,,,,,,107,,,,False
name,我只是感受到了。,,,,,,,,,,,,,,,,,,,,,,,,,阿米娅,,,,,,,,,,,,,,,108,我只是感受到了。,感じ取っただけです。,アーミヤ,True
character,,,,,,,,,,,,,,,,,,,,,,,,,,char_002_amiya_1#7,char_1508_Faust_1#1,2,,,,,,,,,,,,,109,,,,False
name,所以你不会知道我在想什么。,,,,,,,,,,,,,,,,,,,,,,,,,浮士德,,,,,,,,,,,,,,,110,所以你不会知道我在想什么。,だから、俺の考えてることは分からないだろう。,ファウスト,True
character,,,,,,,,,,,,,,,,,,,,,,,,,,char_002_amiya_1#7,char_1508_Faust_1#1,1,,,,,,,,,,,,,111,,,,False
name,——！,,,,,,,,,,,,,,,,,,,,,,,,,阿米娅,,,,,,,,,,,,,,,112,——！,——！,アーミヤ,True
camerashake,,,,,,,,,,,,,,,1,8,6,30,90,true,false,,,,,,,,,,,,,,,,,,,,113,,,,False
blocker,,,,,,,,,0.02,,,,,,,,,,,,true,0.7,0.95,0.95,0.95,,,,,,,,,,,,,,,,114,,,,False
playsound,,$d_sp_ballista,,,,,,,,,,,,,,,,,,,,,,,,,,,,,,,,,,,,,,,115,,,,False
blocker,,,,,,,,,0.25,,,,,,,,,,,,true,0,,,,,,,,,,,,,,,,,,,116,,,,False
delay,,,,,,,,,,,,,,1,,,,,,,,,,,,,,,,,,,,,,,,,,,117,,,,False
character,,,,,,,,,,,,,,,,,,,,,,,,,,char_017_homura_3#1,,,,,,,,,,,,,,,118,,,,False
name,阿米娅！,,,,,,,,,,,,,,,,,,,,,,,,,煌,,,,,,,,,,,,,,,119,阿米娅！,アーミヤ！,ホシグマ,True
blocker,,,,,,,,,1,,,,,,,,,,,,true,0,,,,,,,,,,,,,,,,,,,120,,,,False
character,,,,,,,,,1,,,,,,,,,,,,true,,,,,char_002_amiya_1#7,,,,,,,,,,,,,,,121,,,,False
delay,,,,,,,,,,,,,,1,,,,,,,,,,,,,,,,,,,,,,,,,,,122,,,,False
name,我没事，他的弩弹我勉强挡的下来......！但这样的话，那些护卫......,,,,,,,,,,,,,,,,,,,,,,,,,阿米娅,,,,,,,,,,,,,,,123,我没事，他的弩弹我勉强挡的下来......！但这样的话，那些护卫......,大丈夫です、彼のボルトはどうにか防げました……！でも、これでは護衛が……,アーミヤ,True
blocker,,,,,,,,,0.5,,,,,,,,,,,,true,1,0,0,0,,,,,,,,,,,,,,,,124,,,,False
blocker,,,,,,,,,0.5,,,,,,,,,,,,true,0,0,0,0,,,,,,,,,,,,,,,,125,,,,False
character,,,,,,,,,,,,,,,,,,,,,,,,,,avg_npc_015,,,,,,,,,,,,,,,126,,,,False
name,【杂乱的发音】,,,,,,,,,,,,,,,,,,,,,,,,,梅菲斯特的护卫,,,,,,,,,,,,,,,127,【杂乱的发音】,【雑然とした発音】,メフィストの護衛,True
blocker,,,,,,,,,0.5,,,,,,,,,,,,true,1,0,0,0,,,,,,,,,,,,,,,,128,,,,False
blocker,,,,,,,,,0.5,,,,,,,,,,,,true,0,0,0,0,,,,,,,,,,,,,,,,129,,,,False
character,,,,,,,,,,,,,,,,,,,,,,,,,,char_002_amiya_1#7,,,,,,,,,,,,,,,130,,,,False
name,我的控制力在变弱！,,,,,,,,,,,,,,,,,,,,,,,,,阿米娅,,,,,,,,,,,,,,,131,我的控制力在变弱！,私の制御力が弱くなってきた！,アーミヤ,True
character,,,,,,,,,,,,,,,,,,,,,,,,,,char_1508_Faust_1#1,char_1507_Mephisto_1#4,1,,,,,,,,,,,,,132,,,,False
name,梅菲斯特，走。,,,,,,,,,,,,,,,,,,,,,,,,,浮士德,,,,,,,,,,,,,,,133,梅菲斯特，走。,メフィスト、行け。,ファウスト,True
name,他们的援军正在消灭我们的队伍。,,,,,,,,,,,,,,,,,,,,,,,,,浮士德,,,,,,,,,,,,,,,134,他们的援军正在消灭我们的队伍。,奴らの増援が俺たちの部隊を倒している。,ファウスト,True
name,有些部队我们从没见过。计划有变，我们被算计了。,,,,,,,,,,,,,,,,,,,,,,,,,浮士德,,,,,,,,,,,,,,,135,有些部队我们从没见过。计划有变，我们被算计了。,見たこともない部隊もいる。計画が変わったな、俺たちは罠にかけられた。,ファウスト,True
character,,,,,,,,,,,,,,,,,,,,,,,,,,char_1508_Faust_1#1,char_1507_Mephisto_1#4,2,,,,,,,,,,,,,136,,,,False
name,......为什么整合运动，二十多支小队，两支大队，还没在这里？,,,,,,,,,,,,,,,,,,,,,,,,,梅菲斯特,,,,,,,,,,,,,,,137,......为什么整合运动，二十多支小队，两支大队，还没在这里？,……なぜレユニオンの二十以上の小隊と二つの大部隊がまだここにいないんだ？,メフィスト,True
name,弑君者为什么还没在这里？霜星为什么不在这里？,,,,,,,,,,,,,,,,,,,,,,,,,梅菲斯特,,,,,,,,,,,,,,,138,弑君者为什么还没在这里？霜星为什么不在这里？,キングスレイヤーはなぜまだここにいない？フロストノヴァはなぜ来ていない？,メフィスト,True
character,,,,,,,,,,,,,,,,,,,,,,,,,,char_1508_Faust_1#1,char_1507_Mephisto_1#4,1,,,,,,,,,,,,,139,,,,False
name,这次和切尔诺伯格不同。我们没有切断对方的通讯，敌人有大量援军，抵抗很激烈。,,,,,,,,,,,,,,,,,,,,,,,,,浮士德,,,,,,,,,,,,,,,140,这次和切尔诺伯格不同。我们没有切断对方的通讯，敌人有大量援军，抵抗很激烈。,今回はチェルノボーグの時とは違う。相手の通信は遮断してない、敵には大量の援軍がいて、抵抗も激しい。,ファウスト,True
name,梅菲斯特......,,,,,,,,,,,,,,,,,,,,,,,,,浮士德,,,,,,,,,,,,,,,141,梅菲斯特......,メフィスト……,ファウスト,True
character,,,,,,,,,,,,,,,,,,,,,,,,,,char_1508_Faust_1#1,char_1507_Mephisto_1#3,2,,,,,,,,,,,,,142,,,,False
name,为什么他们还没在这里！,,,,,,,,,,,,,,,,,,,,,,,,,梅菲斯特,,,,,,,,,,,,,,,143,为什么他们还没在这里！,なぜあいつらはまだここにいないんだ！,メフィスト,True
character,,,,,,,,,,,,,,,,,,,,,,,,,,char_1508_Faust_1#1,char_1507_Mephisto_1#3,1,,,,,,,,,,,,,144,,,,False
name,想知道原因，我们要亲眼去看。先离开这里。,,,,,,,,,,,,,,,,,,,,,,,,,浮士德,,,,,,,,,,,,,,,145,想知道原因，我们要亲眼去看。先离开这里。,原因を知りたいなら、自分の目で確かめるしかない。まずはここを離れよう。,ファウスト,True
blocker,,,,,,,,,1,,,,,,,,,,,,true,1,0,0,0,,,,,,,,,,,,,,,,146,,,,False
blocker,,,,,,,,,1,,,,,,,,,,,,true,0,,,,,,,,,,,,,,,,,,,147,,,,False
character,,,,,,,,,,,,,,,,,,,,,,,,,,char_002_amiya_1#7,char_017_homura_3#1,1,,,,,,,,,,,,,148,,,,False
name,煌，我差不多到极限了，你们能行吗？,,,,,,,,,,,,,,,,,,,,,,,,,阿米娅,,,,,,,,,,,,,,,149,煌，我差不多到极限了，你们能行吗？,ホシグマ、私はもう限界です、あなたたちは大丈夫ですか？,アーミヤ,True
character,,,,,,,,,,,,,,,,,,,,,,,,,,char_002_amiya_1#7,char_017_homura_3#1,2,,,,,,,,,,,,,150,,,,False
name,没问题，我和那个姓陈的，应该够！,,,,,,,,,,,,,,,,,,,,,,,,,煌,,,,,,,,,,,,,,,151,没问题，我和那个姓陈的，应该够！,大丈夫、私とチェンでいけるさ！,ホシグマ,True
blocker,,,,,,,,,0.8,,,,,,,,,,,,true,1,0,0,0,,,,,,,,,,,,,,,,152,,,,False
blocker,,,,,,,,,0.8,,,,,,,,,,,,true,0,,,,,,,,,,,,,,,,,,,153,,,,False
character,,,,,,,,,,,,,,,,,,,,,,,,,,char_1508_Faust_1#1,char_1507_Mephisto_1#3,1,,,,,,,,,,,,,154,,,,False
name,快！,,,,,,,,,,,,,,,,,,,,,,,,,浮士德,,,,,,,,,,,,,,,155,快！,早く！,ファウスト,True
playsound,,$d_gen_walk_n,,,,,,,,,,,,,,,,,,,,,,,,,,,,,,,,,,,,,,,156,,,,False
character,,,,,,,,,,,,,,,,,,,,,,,,,,char_010_chen_1#4,,,,,,,,,,,,,,,157,,,,False
name,我允许你走了吗？,,,,,,,,,,,,,,,,,,,,,,,,,陈,,,,,,,,,,,,,,,158,我允许你走了吗？,私が行っていいと言ったか？,チェン,True
character,,,,,,,,,,,,,,,,,,,,,,,,,,char_1507_Mephisto_1#3,,,,,,,,,,,,,,,159,,,,False
name,你......护卫们！去杀了她！杀了她！,,,,,,,,,,,,,,,,,,,,,,,,,梅菲斯特,,,,,,,,,,,,,,,160,你......护卫们！去杀了她！杀了她！,お前……護衛たち！あいつを殺せ！殺してやれ！,メフィスト,True
character,,,,,,,,,,,,,,,,,,,,,,,,,,avg_npc_015,,,,,,,,,,,,,,,161,,,,False
name,咯......咯！！！,,,,,,,,,,,,,,,,,,,,,,,,,梅菲斯特的护卫,,,,,,,,,,,,,,,162,咯......咯！！！,グル……グル！！！,メフィストの護衛,True
character,,,,,,,,,,,,,,,,,,,,,,,,,,char_017_homura_3#1,,,,,,,,,,,,,,,163,,,,False
name,嘁，十几个一起动，难办了啊。,,,,,,,,,,,,,,,,,,,,,,,,,煌,,,,,,,,,,,,,,,164,嘁，十几个一起动，难办了啊。,ちっ、十数人が一斉に動くとは、やりにくいな。,ホシグマ,True
character,,,,,,,,,,,,,,,,,,,,,,,,,,avg_npc_015,,,,,,,,,,,,,,,165,,,,False
camerashake,,,,,,,,,,,,,,,1,12,18,30,90,false,,,,,,,,,,,,,,,,,,,,,166,,,,False
name,【咆哮】！！！,,,,,,,,,,,,,,,,,,,,,,,,,梅菲斯特的护卫,,,,,,,,,,,,,,,167,【咆哮】！！！,【咆哮】！！！,メフィストの護衛,True
character,,,,,,,,,,,,,,,,,,,,,,,,,,char_017_homura_3#1,,,,,,,,,,,,,,,168,,,,False
name,他们要上了，姓陈的！,,,,,,,,,,,,,,,,,,,,,,,,,煌,,,,,,,,,,,,,,,169,他们要上了，姓陈的！,来るぞ、チェン！,ホシグマ,True
character,,,,,,,,,,,,,,,,,,,,,,,,,,char_010_chen_1#5,,,,,,,,,,,,,,,170,,,,False
name,谢谢你，罗德岛的干员。现在没人干扰我了。,,,,,,,,,,,,,,,,,,,,,,,,,陈,,,,,,,,,,,,,,,171,谢谢你，罗德岛的干员。现在没人干扰我了。,ありがとう、ロドスのオペレーター。今はもう誰も私の邪魔はできない。,チェン,True
character,,,,,,,,,,,,,,,,,,,,,,,,,,char_017_homura_3#1,,,,,,,,,,,,,,,172,,,,False
name,啊？,,,,,,,,,,,,,,,,,,,,,,,,,煌,,,,,,,,,,,,,,,173,啊？,あ？,ホシグマ,True
character,,,,,,,,,,,,,,,,,,,,,,,,,,char_010_chen_1#5,,,,,,,,,,,,,,,174,,,,False
name,（咳，还是不行？我甚至没法让它彻底接触空气......算了，做到这步，应该够了。）,,,,,,,,,,,,,,,,,,,,,,,,,陈,,,,,,,,,,,,,,,175,（咳，还是不行？我甚至没法让它彻底接触空气......算了，做到这步，应该够了。）,（げほ、やっぱりダメか？完全に空気に触れさせることすらできない……まあ、ここまでで十分だろう。）,チェン,True
name,（赤霄，至少这时候......）,,,,,,,,,,,,,,,,,,,,,,,,,陈,,,,,,,,,,,,,,,176,（赤霄，至少这时候......）,（赤霄、せめてこの時は……）,チェン,True
character,,,,,,,,,,,,,,,,,,,,,,,,,,char_010_chen_1#2,,,,,,,,,,,,,,,177,,,,False
name,“其色溢赤——”,,,,,,,,,,,,,,,,,,,,,,,,,陈,,,,,,,,,,,,,,,178,“其色溢赤——”,「その色、朱にあふれ――」,チェン,True
character,,,,,,,,,,,,,,,,,,,,,,,,,,avg_npc_015,avg_npc_015,,,,,,,,,,,,,,179,,,,False
camerashake,,,,,,,,,,,,,,,1,8,6,30,90,true,false,,,,,,,,,,,,,,,,,,,,180,,,,False
playsound,,$d_sp_chixiaobadao,,,,,,,,,,,,,,,,,,,,,,,,,,,,,,,,,,,,,,,181,,,,False
blocker,,,,,,,,,0.02,,,,,,,,,,,,true,0.7,1,0,0,,,,,,,,,,,,,,,,182,,,,False
blocker,,,,,,,,,2,,,,,,,,,,,,true,0,0,0,0,,,,,,,,,,,,,,,,183,,,,False
delay,,,,,,,,,,,,,,0.5,,,,,,,,,,,,,,,,,,,,,,,,,,,184,,,,False
character,,,,,,,,,,,,,,,,,,,,,,,,,,avg_npc_015,avg_npc_015,,,,,,,,,,,,,,185,,,,False
name,......咕啊！,,,,,,,,,,,,,,,,,,,,,,,,,梅菲斯特的护卫,,,,,,,,,,,,,,,186,......咕啊！,……ぐあっ！,メフィストの護衛,True
character,,,,,,,,,,,,,,,,,,,,,,,,,,char_017_homura_3#1,,,,,,,,,,,,,,,187,,,,False
name,......不是吧。,,,,,,,,,,,,,,,,,,,,,,,,,煌,,,,,,,,,,,,,,,188,......不是吧。,……まさか。,ホシグマ,True
character,,,,,,,,,,,,,,,,,,,,,,,,,,avg_npc_015,avg_npc_015,,,,,,,,,,,,,,189,,,,False
name,唔，唔......呃......,,,,,,,,,,,,,,,,,,,,,,,,,梅菲斯特的护卫,,,,,,,,,,,,,,,190,唔，唔......呃......,う、うっ……あぁ……,メフィストの護衛,True
name,（乌萨斯语）谢......谢......,,,,,,,,,,,,,,,,,,,,,,,,,梅菲斯特的护卫,,,,,,,,,,,,,,,191,（乌萨斯语）谢......谢......,（ウルサス語）あ……あ……,メフィストの護衛,True
character,,,,,,,,,2,,,,,,,,,,,,true,,,,,,,,,,,,,,,,,,,,192,,,,False
delay,,,,,,,,,,,,,,2,,,,,,,,,,,,,,,,,,,,,,,,,,,193,,,,False
character,,,,,,,,,,,,,,,,,,,,,,,,,,char_1507_Mephisto_1#4,,,,,,,,,,,,,,,194,,,,False
name,......,,,,,,,,,,,,,,,,,,,,,,,,,梅菲斯特,,,,,,,,,,,,,,,195,......,……,メフィスト,True
character,,,,,,,,,,,,,,,,,,,,,,,,,,char_017_homura_3#1,,,,,,,,,,,,,,,196,,,,False
name,你刚才是不是拔剑了？一剑？十几个这种东西？全灭？,,,,,,,,,,,,,,,,,,,,,,,,,煌,,,,,,,,,,,,,,,197,你刚才是不是拔剑了？一剑？十几个这种东西？全灭？,今、剣を抜いたのか？一振り？十数人こんな奴らを？全滅か？,ホシグマ,True
character,,,,,,,,,,,,,,,,,,,,,,,,,,char_002_amiya_1#6,,,,,,,,,,,,,,,198,,,,False
name,那把剑......,,,,,,,,,,,,,,,,,,,,,,,,,阿米娅,,,,,,,,,,,,,,,199,那把剑......,その剣……,アーミヤ,True
character,,,,,,,,,,,,,,,,,,,,,,,,,,char_017_homura_3#1,,,,,,,,,,,,,,,200,,,,False
name,阿米娅，有些话我是不是不能再乱说了啊。,,,,,,,,,,,,,,,,,,,,,,,,,煌,,,,,,,,,,,,,,,201,阿米娅，有些话我是不是不能再乱说了啊。,アーミヤ、もう軽率なことは言えそうにないな。,ホシグマ,True
blocker,,,,,,,,,0.5,,,,,,,,,,,,true,1,0,0,0,,,,,,,,,,,,,,,,202,,,,False
blocker,,,,,,,,,0.5,,,,,,,,,,,,true,0,0,0,0,,,,,,,,,,,,,,,,203,,,,False
character,,,,,,,,,,,,,,,,,,,,,,,,,,char_010_chen_1#4,,,,,,,,,,,,,,,204,,,,False
name,哼。,,,,,,,,,,,,,,,,,,,,,,,,,陈,,,,,,,,,,,,,,,205,哼。,ふん。,チェン,True
character,,,,,,,,,,,,,,,,,,,,,,,,,,char_1507_Mephisto_1#4,,,,,,,,,,,,,,,206,,,,False
name,你......你做了......什......,,,,,,,,,,,,,,,,,,,,,,,,,梅菲斯特,,,,,,,,,,,,,,,207,你......你做了......什......,お前……何を……し……,メフィスト,True
camerashake,,,,,,,,,,,,,,,1,8,6,30,90,true,false,,,,,,,,,,,,,,,,,,,,208,,,,False
playsound,,$d_sp_chixiaobadao,,,,,,,,,,,,,,,,,,,,,,,,,,,,,,,,,,,,,,,209,,,,False
blocker,,,,,,,,,0.02,,,,,,,,,,,,true,0.7,1,0,0,,,,,,,,,,,,,,,,210,,,,False
blocker,,,,,,,,,0.25,,,,,,,,,,,,true,0,1,0,0,,,,,,,,,,,,,,,,211,,,,False
delay,,,,,,,,,,,,,,0.6,,,,,,,,,,,,,,,,,,,,,,,,,,,212,,,,False
character,,,,,,,,,,,,,,,,,,,,,,,,,,char_1508_Faust_1#1,,,,,,,,,,,,,,,213,,,,False
name,闪开！,,,,,,,,,,,,,,,,,,,,,,,,,浮士德,,,,,,,,,,,,,,,214,闪开！,どけ！,ファウスト,True
character,,,,,,,,,,,,,,,,,,,,,,,,,,char_010_chen_1#2,,,,,,,,,,,,,,,215,,,,False
name,你也逃不掉。,,,,,,,,,,,,,,,,,,,,,,,,,陈,,,,,,,,,,,,,,,216,你也逃不掉。,お前も逃げられない。,チェン,True
character,,,,,,,,,,,,,,,,,,,,,,,,,,char_1508_Faust_1#1,,,,,,,,,,,,,,,217,,,,False
camerashake,,,,,,,,,,,,,,,1,8,6,30,90,true,false,,,,,,,,,,,,,,,,,,,,218,,,,False
playsound,,$d_sp_chixiaobadao,,,,,,,,,,,,,,,,,,,,,,,,,,,,,,,,,,,,,,,219,,,,False
blocker,,,,,,,,,0.02,,,,,,,,,,,,true,0.7,1,0,0,,,,,,,,,,,,,,,,220,,,,False
blocker,,,,,,,,,0.25,,,,,,,,,,,,true,0,1,0,0,,,,,,,,,,,,,,,,221,,,,False
character,,,,,,,,,,,,,,,,,,,,,,,,,,char_1508_Faust_1#1,,,,,,,,,,,,,,,222,,,,False
camerashake,,,,,,,,,,,,,,,2,8,6,30,20,true,false,,,,,,,,,,,,,,,,,,,,223,,,,False
name,咕......！,,,,,,,,,,,,,,,,,,,,,,,,,浮士德,,,,,,,,,,,,,,,224,咕......！,ぐっ……！,ファウスト,True
character,,,,,,,,,,,,,,,,,,,,,,,,,,char_1508_Faust_1#1,char_1507_Mephisto_1#4,2,,,,,,,,,,,,,225,,,,False
name,浮士德，浮士德！你受伤了，你，不，不......不！,,,,,,,,,,,,,,,,,,,,,,,,,梅菲斯特,,,,,,,,,,,,,,,226,浮士德，浮士德！你受伤了，你，不，不......不！,ファウスト、ファウスト！怪我してる、お前、だめ、だめ……ダメだ！,メフィスト,True
character,,,,,,,,,,,,,,,,,,,,,,,,,,char_1508_Faust_1#1,char_1507_Mephisto_1#4,1,,,,,,,,,,,,,227,,,,False
name,......,,,,,,,,,,,,,,,,,,,,,,,,,浮士德,,,,,,,,,,,,,,,228,......,……,ファウスト,True
character,,,,,,,,,,,,,,,,,,,,,,,,,,char_010_chen_1#4,,,,,,,,,,,,,,,229,,,,False
name,结束了。,,,,,,,,,,,,,,,,,,,,,,,,,陈,,,,,,,,,,,,,,,230,结束了。,終わった。,チェン,True
character,,,,,,,,,,,,,,,,,,,,,,,,,,char_1508_Faust_1#1,,,,,,,,,,,,,,,231,,,,False
name,还没有。,,,,,,,,,,,,,,,,,,,,,,,,,浮士德,,,,,,,,,,,,,,,232,还没有。,まだだ。,ファウスト,True
character,,,,,,,,,,,,,,,,,,,,,,,,,,char_010_chen_1#4,,,,,,,,,,,,,,,233,,,,False
name,你？！,,,,,,,,,,,,,,,,,,,,,,,,,陈,,,,,,,,,,,,,,,234,你？！,お前！？,チェン,True
camerashake,,,,,,,,,,,,,,,1,8,6,30,90,true,false,,,,,,,,,,,,,,,,,,,,235,,,,False
blocker,,,,,,,,,0.02,,,,,,,,,,,,true,0.7,0.95,0.95,0.95,,,,,,,,,,,,,,,,236,,,,False
playsound,,$d_sp_ballista,,,,,,,,,,,,,,,,,,,,,,,,,,,,,,,,,,,,,,,237,,,,False
blocker,,,,,,,,,0.25,,,,,,,,,,,,true,0,,,,,,,,,,,,,,,,,,,238,,,,False
delay,,,,,,,,,,,,,,1,,,,,,,,,,,,,,,,,,,,,,,,,,,239,,,,False
character,,,,,,,,,,,,,,,,,,,,,,,,,,char_010_chen_1#4,,,,,,,,,,,,,,,240,,,,False
name,咳咳，居然引诱我近身后再射击？,,,,,,,,,,,,,,,,,,,,,,,,,陈,,,,,,,,,,,,,,,241,咳咳，居然引诱我近身后再射击？,げほっ、まさか私を引き寄せてから撃つとは？,チェン,True
character,,,,,,,,,,,,,,,,,,,,,,,,,,char_017_homura_3#1,,,,,,,,,,,,,,,242,,,,False
name,你这不是挡住了吗。,,,,,,,,,,,,,,,,,,,,,,,,,煌,,,,,,,,,,,,,,,243,你这不是挡住了吗。,でも、ちゃんと防いだじゃないか。,ホシグマ,True
character,,,,,,,,,,,,,,,,,,,,,,,,,,char_010_chen_1#2,,,,,,,,,,,,,,,244,,,,False
name,他们要借着爆炸逃走了！,,,,,,,,,,,,,,,,,,,,,,,,,陈,,,,,,,,,,,,,,,245,他们要借着爆炸逃走了！,爆発に紛れて逃げるつもりか！,チェン,True
camerashake,,,,,,,,,,,,,,,1,8,6,30,90,true,false,,,,,,,,,,,,,,,,,,,,246,,,,False
blocker,,,,,,,,,0.02,,,,,,,,,,,,true,0.7,0.95,0.95,0.95,,,,,,,,,,,,,,,,247,,,,False
playsound,,$d_sp_ballista,,,,,,,,,,,,,,,,,,,,,,,,,,,,,,,,,,,,,,,248,,,,False
blocker,,,,,,,,,0.25,,,,,,,,,,,,true,0,0.95,0.95,0.95,,,,,,,,,,,,,,,,249,,,,False
camerashake,,,,,,,,,,,,,,,1,8,6,30,90,true,false,,,,,,,,,,,,,,,,,,,,250,,,,False
blocker,,,,,,,,,0.02,,,,,,,,,,,,true,0.7,0.95,0.95,0.95,,,,,,,,,,,,,,,,251,,,,False
playsound,,$d_sp_ballista,,,,,,,,,,,,,,,,,,,,,,,,,,,,,,,,,,,,,,,252,,,,False
blocker,,,,,,,,,0.25,,,,,,,,,,,,true,0,0.95,0.95,0.95,,,,,,,,,,,,,,,,253,,,,False
delay,,,,,,,,,,,,,,1,,,,,,,,,,,,,,,,,,,,,,,,,,,254,,,,False
character,,,,,,,,,,,,,,,,,,,,,,,,,,char_017_homura_3#1,,,,,,,,,,,,,,,255,,,,False
name,呜啊，连环爆炸？,,,,,,,,,,,,,,,,,,,,,,,,,煌,,,,,,,,,,,,,,,256,呜啊，连环爆炸？,うわあ、連鎖爆発か？,ホシグマ,True
name,哎，整个顶楼都塌陷了，感觉我们追不了了？,,,,,,,,,,,,,,,,,,,,,,,,,煌,,,,,,,,,,,,,,,257,哎，整个顶楼都塌陷了，感觉我们追不了了？,ああ、屋上全体が崩れ落ちた、もう追えそうにないな？,ホシグマ,True
character,,,,,,,,,,,,,,,,,,,,,,,,,,char_010_chen_1#5,char_017_homura_3#1,1,,,,,,,,,,,,,258,,,,False
name,一半是你刚才划开的。,,,,,,,,,,,,,,,,,,,,,,,,,陈,,,,,,,,,,,,,,,259,一半是你刚才划开的。,その半分はお前がさっき切り裂いたからだ。,チェン,True
character,,,,,,,,,,,,,,,,,,,,,,,,,,char_010_chen_1#5,char_017_homura_3#1,2,,,,,,,,,,,,,260,,,,False
name,那也没办法。,,,,,,,,,,,,,,,,,,,,,,,,,煌,,,,,,,,,,,,,,,261,那也没办法。,仕方ないさ。,ホシグマ,True
blocker,,,,,,,,,1,,,,,,,,,,,,true,1,0,0,0,,,,,,,,,,,,,,,,262,,,,False
playsound,,$d_gen_soldiersrun,,,,,,,,,0.5,,,,,,,,,,,,,,,,,,,,,,,,,,,,,,263,,,,False
background,,,,,bg_uptown_2,1,1,coverall,,,,,,,,,,,,,,,,,,,,,,,,,,,,,,,,,264,,,,False
blocker,,,,,,,,,2,,,,,,,,,,,,true,0,,,,,,,,,,,,,,,,,,,265,,,,False
character,,,,,,,,,,,,,,,,,,,,,,,,,,char_1508_Faust_1#1,char_1507_Mephisto_1#4,1,,,,,,,,,,,,,266,,,,False
name,现在，快走。,,,,,,,,,,,,,,,,,,,,,,,,,浮士德,,,,,,,,,,,,,,,267,现在，快走。,今だ、早く行け。,ファウスト,True
character,,,,,,,,,,,,,,,,,,,,,,,,,,char_1508_Faust_1#1,char_1507_Mephisto_1#4,2,,,,,,,,,,,,,268,,,,False
name,不行，我要在这里，等到他们......,,,,,,,,,,,,,,,,,,,,,,,,,梅菲斯特,,,,,,,,,,,,,,,269,不行，我要在这里，等到他们......,ダメだ、私はここで待つんだ、あいつらが来るまで……,メフィスト,True
character,,,,,,,,,,,,,,,,,,,,,,,,,,char_1508_Faust_1#1,char_1507_Mephisto_1#4,1,,,,,,,,,,,,,270,,,,False
name,这一步失败了。你必须走。,,,,,,,,,,,,,,,,,,,,,,,,,浮士德,,,,,,,,,,,,,,,271,这一步失败了。你必须走。,この段階は失敗だ。君は行かなきゃならない。,ファウスト,True
character,,,,,,,,,,,,,,,,,,,,,,,,,,char_1508_Faust_1#1,char_1507_Mephisto_1#3,2,,,,,,,,,,,,,272,,,,False
name,失败，失败？不可能！,,,,,,,,,,,,,,,,,,,,,,,,,梅菲斯特,,,,,,,,,,,,,,,273,失败，失败？不可能！,失敗？失敗だと？そんな馬鹿な！,メフィスト,True
name,难道一切不都是谋划好了吗......我不是早就召集整合运动了吗？,,,,,,,,,,,,,,,,,,,,,,,,,梅菲斯特,,,,,,,,,,,,,,,274,难道一切不都是谋划好了吗......我不是早就召集整合运动了吗？,すべて計画通りだったはずだ……私はとっくにレユニオンを集めたはずなのに？,メフィスト,True
name,背叛？泄密？究竟是谁？近卫局为什么会知道我们的分布和计划？,,,,,,,,,,,,,,,,,,,,,,,,,梅菲斯特,,,,,,,,,,,,,,,275,背叛？泄密？究竟是谁？近卫局为什么会知道我们的分布和计划？,裏切り？漏洩？一体誰が？なぜ近衛局は我々の配置や計画を知っていた！？,メフィスト,True
character,,,,,,,,,,,,,,,,,,,,,,,,,,char_1508_Faust_1#1,char_1507_Mephisto_1#3,1,,,,,,,,,,,,,276,,,,False
name,快走！,,,,,,,,,,,,,,,,,,,,,,,,,浮士德,,,,,,,,,,,,,,,277,快走！,早く行け！,ファウスト,True
character,,,,,,,,,,,,,,,,,,,,,,,,,,char_1508_Faust_1#1,char_1507_Mephisto_1#4,2,,,,,,,,,,,,,278,,,,False
name,如果不是叛徒，又究竟是谁做的！,,,,,,,,,,,,,,,,,,,,,,,,,梅菲斯特,,,,,,,,,,,,,,,279,如果不是叛徒，又究竟是谁做的！,裏切り者じゃないとしたら、一体誰がやったんだ！,メフィスト,True
name,塔露拉姐姐是不会犯错的，所以她是故意......,,,,,,,,,,,,,,,,,,,,,,,,,梅菲斯特,,,,,,,,,,,,,,,280,塔露拉姐姐是不会犯错的，所以她是故意......,タルラ姉さんは間違いを犯すはずがない、だからあれはわざと……,メフィスト,True
name,不会，不会的，她为什么要故意这样设计？,,,,,,,,,,,,,,,,,,,,,,,,,梅菲斯特,,,,,,,,,,,,,,,281,不会，不会的，她为什么要故意这样设计？,そんなはずない、わざとそんなことする理由は？,メフィスト,True
name,......浮士德，我不想承认这是我们的失败。我不相信。,,,,,,,,,,,,,,,,,,,,,,,,,梅菲斯特,,,,,,,,,,,,,,,282,......浮士德，我不想承认这是我们的失败。我不相信。,……ファウスト、これは僕たちの失敗だと認めたくない。信じられない。,メフィスト,True
character,,,,,,,,,,,,,,,,,,,,,,,,,,char_1508_Faust_1#1,char_1507_Mephisto_1#4,1,,,,,,,,,,,,,283,,,,False
name,跳！我会拉住你！,,,,,,,,,,,,,,,,,,,,,,,,,浮士德,,,,,,,,,,,,,,,284,跳！我会拉住你！,飛び降りるんだ！俺が支える！,ファウスト,True
character,,,,,,,,,,,,,,,,,,,,,,,,,,char_1508_Faust_1#1,char_1507_Mephisto_1#2,2,,,,,,,,,,,,,285,,,,False
name,......好。,,,,,,,,,,,,,,,,,,,,,,,,,梅菲斯特,,,,,,,,,,,,,,,286,......好。,……うん。,メフィスト,True
stopmusic,,,,,,,,,3,,,,,,,,,,,,,,,,,,,,,,,,,,,,,,,,287,,,,False
blocker,,,,,,,,,2,,,,,,,,,,,,true,1,0,0,0,,,,,,,,,,,,,,,,288,,,,False
image,,,,,avg_5_8_ruins,,,coverall,,,,,,,,,,,,,true,,,,,,,,,,,,,,,,,,,,289,,,,False
imagetween,,,,,,,,,,,,,,,20,,,,,,,,,,,,,,0,0,30,30,1,1,1.1,1.1,,,,,290,,,,False
blocker,,,,,,,,,2,,,,,,,,,,,,true,0,,,,,,,,,,,,,,,,,,,291,,,,False
playmusic,,$newhope01_loop,,,,,,,,$newhope01_intro,0.6,1.5,0.5,,,,,,,,,,,,,,,,,,,,,,,,,,,,292,,,,False
character,,,,,,,,,,,,,,,,,,,,,,,,,,char_017_homura_3#3,,,,,,,,,,,,,,,293,,,,False
name,唉哟，这惨状，你要好好修修这栋楼了，长官。,,,,,,,,,,,,,,,,,,,,,,,,,煌,,,,,,,,,,,,,,,294,唉哟，这惨状，你要好好修修这栋楼了，长官。,あらあ、この有様じゃ、しっかり建物を直さないとね、隊長。,ホシグマ,True
name,遗憾，还是被那两个小子逃了。,,,,,,,,,,,,,,,,,,,,,,,,,煌,,,,,,,,,,,,,,,295,遗憾，还是被那两个小子逃了。,残念だが、あの二人には逃げられたな。,ホシグマ,True
name,剩下那些没脑子的家伙像受惊的兽群一样涌过来，想全部制服，还真有点难度。,,,,,,,,,,,,,,,,,,,,,,,,,煌,,,,,,,,,,,,,,,296,剩下那些没脑子的家伙像受惊的兽群一样涌过来，想全部制服，还真有点难度。,残った頭のない奴らは驚いた獣の群れみたいに押し寄せてきて、全員を抑えるのはなかなか骨が折れるな。,ホシグマ,True
character,,,,,,,,,,,,,,,,,,,,,,,,,,char_002_amiya_1#4,,,,,,,,,,,,,,,297,,,,False
name,至少我们成功地夺回了近卫局。,,,,,,,,,,,,,,,,,,,,,,,,,阿米娅,,,,,,,,,,,,,,,298,至少我们成功地夺回了近卫局。,少なくとも、警備局の奪還には成功しました。,アーミヤ,True
name,哪怕是暂时的，这也是我们的胜利。,,,,,,,,,,,,,,,,,,,,,,,,,阿米娅,,,,,,,,,,,,,,,299,哪怕是暂时的，这也是我们的胜利。,たとえ一時的でも、これも私たちの勝利です。,アーミヤ,True
blocker,,,,,,,,,1,,,,,,,,,,,,true,1,0,0,0,,,,,,,,,,,,,,,,300,,,,False
background,,,,,bg_rooftop,1,1,coverall,,,,,,,,,,,,,,,,,,,,,,,,,,,,,,,,,301,,,,False
blocker,,,,,,,,,1,,,,,,,,,,,,true,0,,,,,,,,,,,,,,,,,,,302,,,,False
character,,,,,,,,,,,,,,,,,,,,,,,,,,char_010_chen_1#1,char_002_amiya_1#1,1,,,,,,,,,,,,,303,,,,False
name,阿米娅......,,,,,,,,,,,,,,,,,,,,,,,,,陈,,,,,,,,,,,,,,,304,阿米娅......,アーミヤ……,チェン,True
character,,,,,,,,,,,,,,,,,,,,,,,,,,char_010_chen_1#6,char_002_amiya_1#1,1,,,,,,,,,,,,,305,,,,False
name,——,,,,,,,,,,,,,,,,,,,,,,,,,陈,,,,,,,,,,,,,,,306,——,——,チェン,True
character,,,,,,,,,,,,,,,,,,,,,,,,,,char_010_chen_1#5,char_002_amiya_1#1,1,,,,,,,,,,,,,307,,,,False
name,罗德岛是怎么撤出切城的？,,,,,,,,,,,,,,,,,,,,,,,,,陈,,,,,,,,,,,,,,,308,罗德岛是怎么撤出切城的？,ロドスはどうやってチェルノボーグから撤退したんだ？,チェン,True
character,,,,,,,,,,,,,,,,,,,,,,,,,,char_010_chen_1#5,char_002_amiya_1#1,2,,,,,,,,,,,,,309,,,,False
name,是这位罗德岛干员，煌小姐，及时支援了我们。,,,,,,,,,,,,,,,,,,,,,,,,,阿米娅,,,,,,,,,,,,,,,310,是这位罗德岛干员，煌小姐，及时支援了我们。,このロドスのオペレーター、ホシグマさんが私たちを救援してくれました。,アーミヤ,True
name,也有一位说话音量很大的龙门警官在废城外接应......,,,,,,,,,,,,,,,,,,,,,,,,,阿米娅,,,,,,,,,,,,,,,311,也有一位说话音量很大的龙门警官在废城外接应......,それに、声の大きな龍門の警官が廃都の外で待っていてくれました……,アーミヤ,True
character,,,,,,,,,,,,,,,,,,,,,,,,,,char_017_homura_3#1,,,,,,,,,,,,,,,312,,,,False
name,如果最开始近卫局没有袖手旁观的话，过程还会更顺利些。,,,,,,,,,,,,,,,,,,,,,,,,,煌,,,,,,,,,,,,,,,313,如果最开始近卫局没有袖手旁观的话，过程还会更顺利些。,最初から警備局が傍観していなければ、もっとスムーズだったんだがな。,ホシグマ,True
character,,,,,,,,,,,,,,,,,,,,,,,,,,char_010_chen_1#1,,,,,,,,,,,,,,,314,,,,False
delay,,,,,,,,,,,,,,1.6,,,,,,,,,,,,,,,,,,,,,,,,,,,315,,,,False
character,,,,,,,,,,,,,,,,,,,,,,,,,,char_017_homura_3#1,char_010_chen_1#1,1,,,,,,,,,,,,,316,,,,False
name,我还在想你是不是会说些没有罗德岛的帮助你也能行，你宁可和他们同归于尽一类的话。,,,,,,,,,,,,,,,,,,,,,,,,,煌,,,,,,,,,,,,,,,317,我还在想你是不是会说些没有罗德岛的帮助你也能行，你宁可和他们同归于尽一类的话。,ロドスの助けがなくてもやれるとか、彼らと心中する覚悟だとか、そんなこと言うんじゃないかと思ってたよ。,ホシグマ,True
name,还行，看来你还没迂腐到那种程度。还有什么想说的？没有的话，我想回罗德岛了。,,,,,,,,,,,,,,,,,,,,,,,,,煌,,,,,,,,,,,,,,,318,还行，看来你还没迂腐到那种程度。还有什么想说的？没有的话，我想回罗德岛了。,むしろ、そこまで頑固でもなさそうだな。他に言いたいことは？なけりゃ、私はロドスへ戻るぞ。,ホシグマ,True
character,,,,,,,,,,,,,,,,,,,,,,,,,,char_017_homura_3#1,char_010_chen_1#3,2,,,,,,,,,,,,,319,,,,False
name,罗德岛竟然还有那样的飞行载具。,,,,,,,,,,,,,,,,,,,,,,,,,陈,,,,,,,,,,,,,,,320,罗德岛竟然还有那样的飞行载具。,ロドスにはあんな飛行艇まであるとは。,チェン,True
character,,,,,,,,,,,,,,,,,,,,,,,,,,char_017_homura_3#1,char_010_chen_1#3,1,,,,,,,,,,,,,321,,,,False
name,哎，罗德岛还有很多会让你惊讶的东西。,,,,,,,,,,,,,,,,,,,,,,,,,煌,,,,,,,,,,,,,,,322,哎，罗德岛还有很多会让你惊讶的东西。,まあ、ロドスにはまだまだ君を驚かせるものがあるぞ。,ホシグマ,True
character,,,,,,,,,,,,,,,,,,,,,,,,,,char_017_homura_3#1,char_010_chen_1#1,2,,,,,,,,,,,,,323,,,,False
name,我们和罗德岛一样，不想把手牌打光。,,,,,,,,,,,,,,,,,,,,,,,,,陈,,,,,,,,,,,,,,,324,我们和罗德岛一样，不想把手牌打光。,私たちもロドス同様、全ての手札を晒すつもりはない。,チェン,True
character,,,,,,,,,,,,,,,,,,,,,,,,,,char_017_homura_3#1,char_010_chen_1#1,1,,,,,,,,,,,,,325,,,,False
name,罗德岛难不成也算是你的牌？,,,,,,,,,,,,,,,,,,,,,,,,,煌,,,,,,,,,,,,,,,326,罗德岛难不成也算是你的牌？,ロドスまで君の手札なのか？,ホシグマ,True
character,,,,,,,,,,,,,,,,,,,,,,,,,,char_017_homura_3#1,char_010_chen_1#1,2,,,,,,,,,,,,,327,,,,False
name,——,,,,,,,,,,,,,,,,,,,,,,,,,陈,,,,,,,,,,,,,,,328,——,——,チェン,True
blocker,,,,,,,,,0.6,,,,,,,,,,,,true,1,0,0,0,,,,,,,,,,,,,,,,329,,,,False
blocker,,,,,,,,,0.6,,,,,,,,,,,,true,0,,,,,,,,,,,,,,,,,,,330,,,,False
character,,,,,,,,,,,,,,,,,,,,,,,,,,char_015_lmg,,,,,,,,,,,,,,,331,,,,False
name,陈，陈长官......独立线路。,,,,,,,,,,,,,,,,,,,,,,,,,近卫局成员,,,,,,,,,,,,,,,332,陈，陈长官......独立线路。,チェン、チェン長官……独立回線です。,近衛局隊員,True
name,是通讯。,,,,,,,,,,,,,,,,,,,,,,,,,近卫局成员,,,,,,,,,,,,,,,333,是通讯。,通信です。,近衛局隊員,True
character,,,,,,,,,,,,,,,,,,,,,,,,,,char_010_chen_1#1,,,,,,,,,,,,,,,334,,,,False
name,喂。,,,,,,,,,,,,,,,,,,,,,,,,,陈,,,,,,,,,,,,,,,335,喂。,もしもし。,チェン,True
character,,,,,,,,,,,,,,,,,,,,,,,,,,char_empty,char_010_chen_1#1,2,,,,,,,,,,,,,336,,,,False
playsound,,$d_gen_transmissionget,,,,,,,,,0.4,,,,,,,,,,,,,,,,,,,,,,,,,,,,,,337,,,,False
charactercutin,,,,,,200,,,0.5,,,,,,,,,,,,true,,,,,char_2005_weiyw_1,,,,,,,,,,,1,cutin,horiz_expand_center,-300,338,,,,False
name,陈警官，你做得很好。,,,,,,,,,,,,,,,,,,,,,,,,,魏彦吾,,,,,,,,,,,,,,,339,陈警官，你做得很好。,チェン警官、よくやった。,ウェイ・イェンウー,True
name,诗怀雅警官在频道中吗？,,,,,,,,,,,,,,,,,,,,,,,,,魏彦吾,,,,,,,,,,,,,,,340,诗怀雅警官在频道中吗？,スワイヤー警官は回線にいるか？,ウェイ・イェンウー,True
charactercutin,,,,,,,,,0.5,,,,,,,,,,,,true,,,,,,,,,,,,,,,,1,,,,341,,,,False
playsound,,$d_gen_transmissionget,,,,,,,,,0.4,,,,,,,,,,,,,,,,,,,,,,,,,,,,,,342,,,,False
charactercutin,,,,,,200,,,0.5,,,,,,,,,,,,true,,,,,char_308_swire_1#5,,,,,,,,,,,2,cutin,horiz_expand_center,-300,343,,,,False
name,在。,,,,,,,,,,,,,,,,,,,,,,,,,诗怀雅,,,,,,,,,,,,,,,344,在。,いますよ。,スワイヤー,True
charactercutin,,,,,,,,,0.5,,,,,,,,,,,,true,,,,,,,,,,,,,,,,2,,,,345,,,,False
charactercutin,,,,,,200,,,0.5,,,,,,,,,,,,true,,,,,char_2005_weiyw_1,,,,,,,,,,,1,cutin,horiz_expand_center,-300,346,,,,False
name,请向我汇报现在的进度。,,,,,,,,,,,,,,,,,,,,,,,,,魏彦吾,,,,,,,,,,,,,,,347,请向我汇报现在的进度。,現在の進捗を報告してくれ。,ウェイ・イェンウー,True
charactercutin,,,,,,,,,0.5,,,,,,,,,,,,true,,,,,,,,,,,,,,,,1,,,,348,,,,False
charactercutin,,,,,,200,,,0.5,,,,,,,,,,,,true,,,,,char_308_swire_1#5,,,,,,,,,,,2,cutin,horiz_expand_center,-300,349,,,,False
name,罗德岛也救出来了，各大队我也安排好了。调度加指挥，花了我整整三个晚上欸。,,,,,,,,,,,,,,,,,,,,,,,,,诗怀雅,,,,,,,,,,,,,,,350,罗德岛也救出来了，各大队我也安排好了。调度加指挥，花了我整整三个晚上欸。,ロドスも救出できたし、各大隊の手配も済んだわよ。調整も指揮も丸三日もかかっちゃった。,スワイヤー,True
name,那么，陈警官呢？,,,,,,,,,,,,,,,,,,,,,,,,,诗怀雅,,,,,,,,,,,,,,,351,那么，陈警官呢？,それで、チェン警官は？,スワイヤー,True
charactercutin,,,,,,,,,0.5,,,,,,,,,,,,true,,,,,,,,,,,,,,,,2,,,,352,,,,False
charactercutin,,,,,,200,,,0.5,,,,,,,,,,,,true,,,,,char_2005_weiyw_1,,,,,,,,,,,1,cutin,horiz_expand_center,-300,353,,,,False
character,,,,,,,,,,,,,,,,,,,,,,,,,,char_empty,char_010_chen_1#1,2,,,,,,,,,,,,,354,,,,False
name,我已经夺回——,,,,,,,,,,,,,,,,,,,,,,,,,陈,,,,,,,,,,,,,,,355,我已经夺回——,私はすでに奪還——,チェン,True
name,......,,,,,,,,,,,,,,,,,,,,,,,,,陈,,,,,,,,,,,,,,,356,......,……,チェン,True
character,,,,,,,,,,,,,,,,,,,,,,,,,,char_empty,char_010_chen_1#5,2,,,,,,,,,,,,,357,,,,False
name,——在罗德岛的协助下，我已经夺回近卫局。这个消息将借整合运动的指挥官之口，传达给所有整合运动。,,,,,,,,,,,,,,,,,,,,,,,,,陈,,,,,,,,,,,,,,,358,——在罗德岛的协助下，我已经夺回近卫局。这个消息将借整合运动的指挥官之口，传达给所有整合运动。,——ロドスの協力の下、私は近衛局を奪還した。この情報はレユニオンの指揮官を通じて、すべてのレユニオンに伝えられる。,チェン,True
name,龙门中潜藏的所有整合运动，已经聚集在这个城区，也照我们封堵和架设的所有路线，进入了各个埋伏点。,,,,,,,,,,,,,,,,,,,,,,,,,陈,,,,,,,,,,,,,,,359,龙门中潜藏的所有整合运动，已经聚集在这个城区，也照我们封堵和架设的所有路线，进入了各个埋伏点。,龍門に潜んでいたすべてのレユニオンはこの地区に集められ、我々が設けた全てのルートと伏兵位置に入っている。,チェン,True
name,接下来，只需等待他们的反扑即可。,,,,,,,,,,,,,,,,,,,,,,,,,陈,,,,,,,,,,,,,,,360,接下来，只需等待他们的反扑即可。,これからは、あとは連中の反撃を待つだけだ。,チェン,True
name,我的任务已经完成。,,,,,,,,,,,,,,,,,,,,,,,,,陈,,,,,,,,,,,,,,,361,我的任务已经完成。,私の任務はもう終わった。,チェン,True
character,,,,,,,,,,,,,,,,,,,,,,,,,,char_empty,char_010_chen_1#5,1,,,,,,,,,,,,,362,,,,False
name,你们的其他几位同事也已经向我递交了报告，上个阶段的任务，大家都圆满地完成了。各位做得很不错。,,,,,,,,,,,,,,,,,,,,,,,,,魏彦吾,,,,,,,,,,,,,,,363,你们的其他几位同事也已经向我递交了报告，上个阶段的任务，大家都圆满地完成了。各位做得很不错。,他の皆さんからも既に報告を受けた。前段階の任務は全員が見事に果たしてくれた。皆さん、よくやった。,ウェイ・イェンウー,True
name,那么，我们该进入下个阶段了。,,,,,,,,,,,,,,,,,,,,,,,,,魏彦吾,,,,,,,,,,,,,,,364,那么，我们该进入下个阶段了。,では、次の段階に入ろう。,ウェイ・イェンウー,True
playsound,,$d_gen_transmissionget,,,,,,,,,0.4,,,,,,,,,,,,,,,,,,,,,,,,,,,,,,365,,,,False
charactercutin,,,,,,,,,0.5,,,,,,,,,,,,true,,,,,,,,,,,,,,,,1,,,,366,,,,False
blocker,,,,,,,,,2,,,,,,,,,,,,true,1,0,0,0,,,,,,,,,,,,,,,,367,,,,False
image,,,,,,,,,0,,,,,,,,,,,,,,,,,,,,,,,,,,,,,,,,368,,,,False
delay,,,,,,,,,,,,,,0.6,,,,,,,,,,,,,,,,,,,,,,,,,,,369,,,,False
blocker,,,,,,,,,,,,,,,,,,,,,true,,,,,,,,,,,,,,,,,,,,370,,,,False
