command,text_orig,name,option_number,option_value,references,focus,image,values,index,text,jp_text,jp_name,text_match
header,,,0,,,,,,0,,,,False
stopmusic,,,0,,,,,,1,,,,False
dialog,,,0,,,,,,2,,,,False
delay,,,0,,,,,,3,,,,False
character,,,0,,,,,,4,,,,False
blocker,,,0,,,,,,5,,,,False
dialog,,,0,,,,,,6,,,,False
dialog,,,0,,,,,,7,,,,False
character,,,0,,,,,,8,,,,False
blocker,,,0,,,,,,9,,,,False
background,,,0,,,,bg_chercen_1,,10,,,,False
playsound,,,0,,,,,,11,,,,False
blocker,,,0,,,,,,12,,,,False
,切城中央区  1:20 p.m.,,0,,,,,,13,切城中央区  1:20 p.m.,切城中央区  1:20 p.m.,,True
playmusic,,,0,,,,,,14,,,,False
dialog,,,0,,,,,,15,,,,False
character,,char_003_kalts_1,0,,,,,,16,,,,False
delay,,,0,,,,,,17,,,,False
playsound,,,0,,,,,,18,,,,False
name,Raidian，我是凯尔希。我们现在身处核心城中央区域的边缘。离仓库区出口四百一十米，17，67，西南方向。,凯尔希,0,,,,,,19,Raidian，我是凯尔希。我们现在身处核心城中央区域的边缘。离仓库区出口四百一十米，17，67，西南方向。,Raiden、私はケルシーです。現在、私たちはコアシティ中央区域の端にいます。倉庫区域の出口から410メートル、17、67、南西方向です。,ケルシー,True
name,你到位了吗？行动中有没有发生意外？,凯尔希,0,,,,,,20,你到位了吗？行动中有没有发生意外？,到着しましたか？行動中に何か問題は起きましたか？,ケルシー,True
name,“畅通无阻”？,凯尔希,0,,,,,,21,“畅通无阻”？,「順調」？,ケルシー,True
name,......事实似乎与我们的推测完全吻合。,凯尔希,0,,,,,,22,......事实似乎与我们的推测完全吻合。,......事実は私たちの予想と完全に一致しているようです。,ケルシー,True
name,整合运动已经将游击队集中布置在了核心城的各个枢纽部分，其他地域则派驻了普通的整合运动与萨卡兹雇佣兵。,凯尔希,0,,,,,,23,整合运动已经将游击队集中布置在了核心城的各个枢纽部分，其他地域则派驻了普通的整合运动与萨卡兹雇佣兵。,インテグレート・ムーブメントはすでにゲリラ部隊をコアシティ各拠点に集中配置し、他の地域には通常のインテグレート・ムーブメントとサルカズ傭兵を配備しています。,ケルシー,True
name,在所有区域都投入防卫力量极不明智，精锐会被集中在关键地域。如果我是整合运动的战地指挥官，我也会这么做。,凯尔希,0,,,,,,24,在所有区域都投入防卫力量极不明智，精锐会被集中在关键地域。如果我是整合运动的战地指挥官，我也会这么做。,すべての区域に防御兵力を投入するのは非常に非合理的です。精鋭は重要な地域に集中させるべきです。もし私がインテグレート・ムーブメントの戦場指揮官なら、私もそうします。,ケルシー,True
character,,char_002_amiya_1#2,0,,,,,,25,,,,False
name,医生！,阿米娅,0,,,,,,26,医生！,ドクター！,アーミヤ,True
character,,char_003_kalts_1,0,,,,,,27,,,,False
name,我知道你想和Raidian讨论，阿米娅。不用着急。,凯尔希,0,,,,,,28,我知道你想和Raidian讨论，阿米娅。不用着急。,アーミヤ、あなたがRaidenと話したいのは分かっています。焦らなくていいですよ。,ケルシー,True
character,,avg_npc_042,0,,,,,,29,,,,False
name,我，我也要......,迷迭香,0,,,,,,30,我，我也要......,わ、私も……,ローズマリー,True
character,,char_003_kalts_1,0,,,1,,,31,,,,False
name,......我们还有任务。下次好吗？,凯尔希,0,,,,,,32,......我们还有任务。下次好吗？,……まだ任務があります。次にしましょうか？,ケルシー,True
character,,char_003_kalts_1,0,,,2,,,33,,,,False
name,唔，嗯......好。,迷迭香,0,,,,,,34,唔，嗯......好。,う、うん……わかった。,ローズマリー,True
character,,char_003_kalts_1,0,,,,,,35,,,,False
name,Raidian，阿米娅会与你通话。,凯尔希,0,,,,,,36,Raidian，阿米娅会与你通话。,Raiden、アーミヤがあなたと会話します。,ケルシー,True
character,,char_002_amiya_1#3,0,,,,,,37,,,,False
name,好的！,阿米娅,0,,,,,,38,好的！,はい！,アーミヤ,True
playsound,,,0,,,,,,39,,,,False
name,Raidian，我是阿米娅。,阿米娅,0,,,,,,40,Raidian，我是阿米娅。,Raiden、私はアーミヤと申します。,アーミヤ,True
dialog,,,0,,,,,,41,,,,False
character,,,0,,,,,,42,,,,False
decision,（Raidian是位怎样的干员？）,,1,1,,,,1,43,（Raidian是位怎样的干员？）,（Raidenはどのようなオペレーターなのか？）,,True
predicate,,,0,,1,,,,44,,,,False
character,,char_003_kalts_1,0,,,,,,45,,,,False
name,（嗯......你也看到阿米娅和迷迭香的表情了。）,凯尔希,0,,,,,,46,（嗯......你也看到阿米娅和迷迭香的表情了。）,"（うん……アーミヤとローズマリーの表情も見ただろう。）」},",ケルシー,True
name,（Raidian是位受到低年龄层驻舰人员普遍喜爱的干员。对于成年人来说，她则可能显得有点过于热情友善。）,凯尔希,0,,,,,,47,（Raidian是位受到低年龄层驻舰人员普遍喜爱的干员。对于成年人来说，她则可能显得有点过于热情友善。）,"（Raidenは若年層の駐在員に広く好かれているオペレーターだ。しかし大人にとっては、少し熱心すぎて親しみやすいと感じられるかもしれない。）」},",ケルシー,True
name,（和她矛盾最大的则是青少年。）,凯尔希,0,,,,,,48,（和她矛盾最大的则是青少年。）,"（一番衝突が多いのはティーンエイジャーとの関係だ。）」},",ケルシー,True
decision,（为什么？）,,1,1,,,,1,49,（为什么？）,（なぜ？）,,True
predicate,,,0,,1,,,,50,,,,False
name,（建立自我认同的急切需要会与Raidian不合时宜的母性产生不小的冲突。）,凯尔希,0,,,,,,51,（建立自我认同的急切需要会与Raidian不合时宜的母性产生不小的冲突。）,"（自我認識を急いで確立したいという欲求が、Raidenの時宜を得ない母性と大きな衝突を生む。）」},",ケルシー,True
name,（一般而言我不会把他们安排在同支小队。日后在安排时，这些细节你也可以参考手册。）,凯尔希,0,,,,,,52,（一般而言我不会把他们安排在同支小队。日后在安排时，这些细节你也可以参考手册。）,"（通常は彼女たちを同じチームに配置しない。将来配置する際には、これらの細かな点をマニュアルとして参考にするといい。）」},",ケルシー,True
character,,char_002_amiya_1#7,0,,,,,,53,,,,False
name,嗯......我看到了，Raidian，是的。,阿米娅,0,,,,,,54,嗯......我看到了，Raidian，是的。,ええ……見えました、Raiden、はい。,アーミヤ,True
name,你说的没错。是，那不是普通游击战士的战术编排。应该说......唔......,阿米娅,0,,,,,,55,你说的没错。是，那不是普通游击战士的战术编排。应该说......唔......,おっしゃる通りです。それは普通のゲリラ兵士の戦術的配置とは違います。というより……う……,アーミヤ,True
dialog,,,0,,,,,,56,,,,False
character,,,0,,,,,,57,,,,False
decision,像军人？,,1,1,,,,1,58,像军人？,軍人のよう？,,True
predicate,,,0,,1,,,,59,,,,False
character,,char_002_amiya_1#3,0,,,,,,60,,,,False
name,对！Raidian，就像博士说的那样，虽然经过调整，但这里整合运动的战场部署，还是有着乌萨斯军制的影子。,阿米娅,0,,,,,,61,对！Raidian，就像博士说的那样，虽然经过调整，但这里整合运动的战场部署，还是有着乌萨斯军制的影子。,はい！Raiden、ドクターのおっしゃる通り、調整はされていますが、ここのインテグレート・ムーブメントの戦場配置には、やはりウルサス軍制の影響が残っています。,アーミヤ,True
name,经受了严格的军事训练......是的，很可能。,阿米娅,0,,,,,,62,经受了严格的军事训练......是的，很可能。,厳しい軍事訓練を受けている……はい、その可能性が高いです。,アーミヤ,True
name,也许整合运动所谓的“中枢神经”人员，也是经过了一小段时间乌萨斯军事化训练的感染者。,阿米娅,0,,,,,,63,也许整合运动所谓的“中枢神经”人员，也是经过了一小段时间乌萨斯军事化训练的感染者。,もしかすると、インテグレート・ムーブメントのいわゆる「中枢神経」担当者たちも、短期間ウルサス式軍事訓練を受けた感染者なのかもしれません。,アーミヤ,True
name,只有他们才能担负起号召大量感染者的任务。,阿米娅,0,,,,,,64,只有他们才能担负起号召大量感染者的任务。,彼らだけが多くの感染者をまとめる役割を担えるのでしょう。,アーミヤ,True
name,这场战斗，可以预见，我们绝对没可能轻松取胜。,阿米娅,0,,,,,,65,这场战斗，可以预见，我们绝对没可能轻松取胜。,この戦いは、私たちが簡単に勝てるものではないと予想できます。,アーミヤ,True
name,嗯？不，我没关系。我和迷迭香，还有罗德岛的干员们......是自己要站在这里的。,阿米娅,0,,,,,,66,嗯？不，我没关系。我和迷迭香，还有罗德岛的干员们......是自己要站在这里的。,え？いいえ、私は大丈夫です。私もローズマリーも、そしてロドスのオペレーターたちも……自分の意思でここに立っています。,アーミヤ,True
name,嗯嗯，放心吧，Raidian. 我身边也有博士和凯尔希医生在。,阿米娅,0,,,,,,67,嗯嗯，放心吧，Raidian. 我身边也有博士和凯尔希医生在。,はい、ご安心ください、Raiden。私のそばにはドクターとケルシー医師もいらっしゃいます。,アーミヤ,True
dialog,,,0,,,,,,68,,,,False
character,,,0,,,,,,69,,,,False
character,,char_003_kalts_1,0,,,,,,70,,,,False
name,那么，阿米娅，我们要开始了。,凯尔希,0,,,,,,71,那么，阿米娅，我们要开始了。,では、アーミヤ、始めましょう。,ケルシー,True
character,,char_002_amiya_1#7,0,,,,,,72,,,,False
name,我知道了。那，Raidian，交给你和凯尔希医生了。,阿米娅,0,,,,,,73,我知道了。那，Raidian，交给你和凯尔希医生了。,分かりました。それでは、Raiden、ドクターとケルシー医師にお任せします。,アーミヤ,True
character,,char_003_kalts_1,0,,,,,,74,,,,False
playsound,,,0,,,,,,75,,,,False
name,......首先是利用好我们的通讯手段。,凯尔希,0,,,,,,76,......首先是利用好我们的通讯手段。,……まずは我々の通信手段をうまく活用します。,ケルシー,True
name,R-4小队，启动你们布设好的所有器械。,凯尔希,0,,,,,,77,R-4小队，启动你们布设好的所有器械。,R-4小隊、設置しておいた全ての機器を作動させてください。,ケルシー,True
name,Raidian，在迷迭香开始施行法术的十分钟内，我们间的通讯一刻也不能断线，除非我们有人做出判断必须暂停。,凯尔希,0,,,,,,78,Raidian，在迷迭香开始施行法术的十分钟内，我们间的通讯一刻也不能断线，除非我们有人做出判断必须暂停。,Raiden、ローズマリーが術式を始めてからの10分間、私たちの通信は一瞬たりとも途絶えてはいけません。誰かが必要と判断した場合を除いて、中断しないでください。,ケルシー,True
name,持续运用源石技艺会让你感到不适，如果恶心感已经增长到了让你很难忍受的地步，立即服用我之前为你调配的辅助药物。,凯尔希,0,,,,,,79,持续运用源石技艺会让你感到不适，如果恶心感已经增长到了让你很难忍受的地步，立即服用我之前为你调配的辅助药物。,源石技術の連続使用は不快感を引き起こします。もし吐き気が耐え難いほど強くなった場合は、以前調整した補助薬をすぐに服用してください。,ケルシー,True
name,副作用是中度的眩晕感。虽然不会伤害你的神经系统，但会大幅消耗你的体力。,凯尔希,0,,,,,,80,副作用是中度的眩晕感。虽然不会伤害你的神经系统，但会大幅消耗你的体力。,副作用は中程度のめまいです。神経系統を傷つけることはありませんが、体力が大きく消耗します。,ケルシー,True
name,切记，不要过量用药，十分钟后，一切可以间歇进行。绝对不要透支身体。,凯尔希,0,,,,,,81,切记，不要过量用药，十分钟后，一切可以间歇进行。绝对不要透支身体。,決して薬を過剰に使用しないように。10分後は、すべてを断続的に行ってください。絶対に体を酷使しないでください。,ケルシー,True
name,委屈你了，Raidian。,凯尔希,0,,,,,,82,委屈你了，Raidian。,Raiden、ご負担をおかけします。,ケルシー,True
dialog,,,0,,,,,,83,,,,False
character,,,0,,,,,,84,,,,False
delay,,,0,,,,,,85,,,,False
character,,char_003_kalts_1,0,,,1,,,86,,,,False
name,迷迭香，所有敌人传令兵的特征都会通过Raidian发送的电信号直接输入你的携带终端。你来感知，你来记录。,凯尔希,0,,,,,,87,迷迭香，所有敌人传令兵的特征都会通过Raidian发送的电信号直接输入你的携带终端。你来感知，你来记录。,ローズマリー、全ての敵伝令兵の特徴はRaidenが送る電気信号を通して、あなたの端末に直接入力されます。あなたが感知し、記録してください。,ケルシー,True
name,即使他们的位置有所改变，你也要忍住，尽量别松开。抓到他们的感觉，然后再次记录。,凯尔希,0,,,,,,88,即使他们的位置有所改变，你也要忍住，尽量别松开。抓到他们的感觉，然后再次记录。,彼らの位置が変わっても、我慢してなるべく手を離さないで。その感覚をつかんで、再度記録してください。,ケルシー,True
name,延展你的身体，迷迭香，想象自己在这座城市里行走。,凯尔希,0,,,,,,89,延展你的身体，迷迭香，想象自己在这座城市里行走。,体を拡張するように、ローズマリー。この都市の中を歩いていると想像してください。,ケルシー,True
character,,char_003_kalts_1,0,,,2,,,90,,,,False
name,我知道了，凯尔希医生。,迷迭香,0,,,,,,91,我知道了，凯尔希医生。,分かりました、ケルシー先生。,ローズマリー,True
character,,char_003_kalts_1,0,,,1,,,92,,,,False
name,阿米娅......,凯尔希,0,,,,,,93,阿米娅......,アーミヤ……,ケルシー,True
character,,char_003_kalts_1,0,,,2,,,94,,,,False
name,我知道。,阿米娅,0,,,,,,95,我知道。,分かっています。,アーミヤ,True
character,,char_003_kalts_1,0,,,1,,,96,,,,False
name,辛苦你们。一旦出现任何异常，我会打断你们的施术过程。如果身体感到疼痛，立刻说。,凯尔希,0,,,,,,97,辛苦你们。一旦出现任何异常，我会打断你们的施术过程。如果身体感到疼痛，立刻说。,ご苦労さまです。何か異常があれば、すぐに術式を中断します。もし痛みを感じたら、すぐに伝えてください。,ケルシー,True
character,,char_002_amiya_1#3,0,,,,,,98,,,,False
name,迷迭香......我会靠近你一点。,阿米娅,0,,,,,,99,迷迭香......我会靠近你一点。,ローズマリー……もう少しあなたのそばに寄りますね。,アーミヤ,True
character,,char_002_amiya_1#3,0,,,2,,,100,,,,False
name,嗯，我也准备好了。我不害怕。阿米娅，不要怕我。,迷迭香,0,,,,,,101,嗯，我也准备好了。我不害怕。阿米娅，不要怕我。,うん、私も準備できた。怖くないよ。アーミヤ、私のことを怖がらないでね。,ローズマリー,True
character,,char_002_amiya_1#3,0,,,1,,,102,,,,False
camerashake,,,0,,,,,,103,,,,False
name,我不会的，我不害怕迷迭香。我们不会害怕。,阿米娅,0,,,,,,104,我不会的，我不害怕迷迭香。我们不会害怕。,私はそうしませんし、私はローズマリーさんを怖がりません。私たちは怖がりません。,アーミヤ,True
dialog,,,0,,,,,,105,,,,False
character,,,0,,,,,,106,,,,False
decision,她们额头相碰......,,1,1,,,,1,107,她们额头相碰......,2人は額を合わせて……,,True
predicate,,,0,,1,,,,108,,,,False
character,,char_003_kalts_1,0,,,,,,109,,,,False
name,阿米娅在稳定迷迭香的情绪。,凯尔希,0,,,,,,110,阿米娅在稳定迷迭香的情绪。,アーミヤがローズマリーの感情を落ち着かせています。,ケルシー,True
name,我建议你不要直视，博士。除了饱受惨剧折磨的战士外，我不建议任何人直视迷迭香法术本质的延展。,凯尔希,0,,,,,,111,我建议你不要直视，博士。除了饱受惨剧折磨的战士外，我不建议任何人直视迷迭香法术本质的延展。,私はあなたに、ドクター、直視しないことを勧めます。悲惨な出来事に苦しんできた戦士以外、誰にもローズマリーの術の本質の延長を直視することを勧めません。,ケルシー,True
decision,我没听错吧？！,,3,1,,,,1;2;3,112,我没听错吧？！,聞き間違いじゃないよな？！,,True
decision,......阿米娅......？,,3,2,,,,1;2;3,113,......阿米娅......？,……アーミヤ……？,,True
decision,你岂不是在说小兔子她......,,3,3,,,,1;2;3,114,你岂不是在说小兔子她......,君はつまり、あの子ウサギが……ってことか……,,True
predicate,,,0,,1;2;3,,,,115,,,,False
name,——,凯尔希,0,,,,,,116,——,——,ケルシー,True
name,我以为你能更早察觉到。,凯尔希,0,,,,,,117,我以为你能更早察觉到。,あなたならもっと早く気づくと思っていました。,ケルシー,True
name,或者，你已经拥有了这种认知，却还没来得及告诉我。,凯尔希,0,,,,,,118,或者，你已经拥有了这种认知，却还没来得及告诉我。,あるいは、すでに気づいていながら私に伝えていないだけかもしれません。,ケルシー,True
name,但是，是的，博士。,凯尔希,0,,,,,,119,但是，是的，博士。,ですが、その通りです、ドクター。,ケルシー,True
name,......阿米娅或亲身、或在意识中历经的战斗，绝对不是一个个体人类该承受的。,凯尔希,0,,,,,,120,......阿米娅或亲身、或在意识中历经的战斗，绝对不是一个个体人类该承受的。,……アーミヤが実際に、あるいは意識の中で経験した戦いは、決してひとりの人間が背負うべきものではありません。,ケルシー,True
decision,你们......,,1,1,,,,1,121,你们......,君たちは……,,True
predicate,,,0,,1,,,,122,,,,False
name,但是两个人也许可以。三个人也许也行。越多人分担，越多人承受。,凯尔希,0,,,,,,123,但是两个人也许可以。三个人也许也行。越多人分担，越多人承受。,ですが、二人なら耐えられるかもしれません。三人でもできるかもしれません。多くの人が分担すれば、それだけ多くの人が耐えることになるのです。,ケルシー,True
name,博士，我不完全是在讲一种记忆或者战场的经验。这同时也包含了责任和体能两个范畴。,凯尔希,0,,,,,,124,博士，我不完全是在讲一种记忆或者战场的经验。这同时也包含了责任和体能两个范畴。,ドクター、私は単に記憶や戦場の経験だけを言っているのではありません。責任と体力、この二つの側面も含まれています。,ケルシー,True
name,如果你想，可以去握住阿米娅的手替她分担。,凯尔希,0,,,,,,125,如果你想，可以去握住阿米娅的手替她分担。,もしよろしければ、アーミヤの手を握り、彼女を支えてあげてください。,ケルシー,True
decision,（向阿米娅伸手）,,2,1,,,,1;2,126,（向阿米娅伸手）,（アーミヤに手を伸ばす）,,True
decision,（什么也不做）,,2,2,,,,1;2,127,（什么也不做）,（何もしない）,,True
predicate,,,0,,1;2,,,,128,,,,False
name,不，无论如何，今天还是不了。你我都有另外一项紧要任务去做。,凯尔希,0,,,,,,129,不，无论如何，今天还是不了。你我都有另外一项紧要任务去做。,いいえ、どんな理由があろうと、今日はやめておきましょう。あなたにも私にも、他に重要な任務があります。,ケルシー,True
name,我们需要在他们规划的空间里，为他们节省宝贵的时间。,凯尔希,0,,,,,,130,我们需要在他们规划的空间里，为他们节省宝贵的时间。,私たちは彼らの計画した空間で、彼らのために貴重な時間を節約する必要があります。,ケルシー,True
name,——,凯尔希,0,,,,,,131,——,——,ケルシー,True
name,医药公司要深究问题起因，适应环境，合理分配职能，寻找突破口。,凯尔希,0,,,,,,132,医药公司要深究问题起因，适应环境，合理分配职能，寻找突破口。,製薬会社として、問題の原因を徹底的に調査し、環境に適応し、職能を合理的に分配し、突破口を見つけなければなりません。,ケルシー,True
name,比起常规战争，我们的目标要小得多、精确得多。而小队打击任务，相较战争更接近一场手术。,凯尔希,0,,,,,,133,比起常规战争，我们的目标要小得多、精确得多。而小队打击任务，相较战争更接近一场手术。,通常の戦争に比べ、私たちの目標ははるかに小さく、そしてはるかに正確です。小隊の攻撃任務は、戦争よりも外科手術に近いと言えるでしょう。,ケルシー,True
name,战争贩子不在行的事情，却落在我们的专业范畴之内。,凯尔希,0,,,,,,134,战争贩子不在行的事情，却落在我们的专业范畴之内。,戦争屋が不得手とすることが、私たちの専門領域になっています。,ケルシー,True
name,罗德岛在核心城进行的是一次斩首行动。我们设立的任务标的，无不围绕着消灭病灶展开。,凯尔希,0,,,,,,135,罗德岛在核心城进行的是一次斩首行动。我们设立的任务标的，无不围绕着消灭病灶展开。,ロドスはコアシティで首魁を断つ作戦を実施しています。私たちの任務目標はすべて、病巣の排除を中心に展開されています。,ケルシー,True
name,可即使排除了病变，如果没能真正探明病因，那么问题不会得到根本性的解决。,凯尔希,0,,,,,,136,可即使排除了病变，如果没能真正探明病因，那么问题不会得到根本性的解决。,しかし、たとえ病変を除去しても、真の原因が解明できていなければ、問題の根本的な解決にはなりません。,ケルシー,True
name,博士，我也希望你能考虑一下这个问题。,凯尔希,0,,,,,,137,博士，我也希望你能考虑一下这个问题。,ドクター、あなたにもぜひこの問題を考えていただきたいです。,ケルシー,True
name,——我们的病人是谁？,凯尔希,0,,,,,,138,——我们的病人是谁？,――私たちの患者は誰ですか？,ケルシー,True
name,是普通的感染者，是乌萨斯的被动感染者，是整合运动，还是这座城市？,凯尔希,0,,,,,,139,是普通的感染者，是乌萨斯的被动感染者，是整合运动，还是这座城市？,普通の感染者ですか？ウルサスの受動感染者ですか？統合運動でしょうか、それともこの都市自身でしょうか？,ケルシー,True
name,它的病根又在哪里？,凯尔希,0,,,,,,140,它的病根又在哪里？,その病根はどこにあるのでしょうか？,ケルシー,True
character,,char_003_kalts_1,0,,,,,,141,,,,False
name,之前我们说过，整合运动没有维持城内的各个通讯节点。,凯尔希,0,,,,,,142,之前我们说过，整合运动没有维持城内的各个通讯节点。,先ほど言いましたが、統合運動は都市内の通信拠点を維持していません。,ケルシー,True
name,现在我们可以清楚地看到，塔露拉为了让城内持续处于混乱状态，刻意保留了天灾带来的源石丛。,凯尔希,0,,,,,,143,现在我们可以清楚地看到，塔露拉为了让城内持续处于混乱状态，刻意保留了天灾带来的源石丛。,今やタルラは都市の混乱が続くように、天災によってもたらされた源石群を意図的に残していることが明らかです。,ケルシー,True
name,这会对通讯状况造成极大干扰。,凯尔希,0,,,,,,144,这会对通讯状况造成极大干扰。,これが通信状況に極めて大きな妨害を引き起こします。,ケルシー,True
name,即使是最先进的通讯设备也无法在这种情况下正常运作。,凯尔希,0,,,,,,145,即使是最先进的通讯设备也无法在这种情况下正常运作。,最先端の通信機器であっても、このような状況下では正常に機能しません。,ケルシー,True
name,但现在，利用精英干员Raidian的能力，我们可以将原本混乱的电波加以区分。,凯尔希,0,,,,,,146,但现在，利用精英干员Raidian的能力，我们可以将原本混乱的电波加以区分。,ですが今なら、エリートオペレーター・レイディアンの能力を利用して、もともと混乱していた電波を区別することができます。,ケルシー,True
name,所以，我们拥有更直观更便捷的通讯能力，这是战备的优势。,凯尔希,0,,,,,,147,所以，我们拥有更直观更便捷的通讯能力，这是战备的优势。,それにより、より直感的で便利な通信能力を得ており、これが戦備における強みとなります。,ケルシー,True
decision,一项优势是不够的。,,1,1,,,,1,148,一项优势是不够的。,一つの強みだけでは不十分だ。,,True
predicate,,,0,,1,,,,149,,,,False
name,是的。,凯尔希,0,,,,,,150,是的。,その通りです。,ケルシー,True
name,你也看见那些背着扩音装置的传令兵了，在这样原始的通讯环境下，游击队利用加密指令传递消息与命令。,凯尔希,0,,,,,,151,你也看见那些背着扩音装置的传令兵了，在这样原始的通讯环境下，游击队利用加密指令传递消息与命令。,拡声装置を背負った伝令兵たちも見かけましたね。このような原始的な通信環境下で、ゲリラは暗号化された命令で情報や指令を伝達しています。,ケルシー,True
name,我们还没成功掌握这片战场上传令兵的整体动向，但迷迭香会为我们找出来。,凯尔希,0,,,,,,152,我们还没成功掌握这片战场上传令兵的整体动向，但迷迭香会为我们找出来。,まだこの戦場で伝令兵全体の動きを把握しきれていませんが、ローズマリーがそれを見つけてくれるでしょう。,ケルシー,True
name,传令兵传递的讯息也许并不即时，同时也有距离上的限制，但在险恶环境中却最稳定，也最能维持纪律。,凯尔希,0,,,,,,153,传令兵传递的讯息也许并不即时，同时也有距离上的限制，但在险恶环境中却最稳定，也最能维持纪律。,伝令兵の伝える情報は即時性がなく、距離にも制限がありますが、厳しい環境下では最も安定しており、そして最も規律を維持できます。,ケルシー,True
name,猜猜看，这种循环有什么问题？,凯尔希,0,,,,,,154,猜猜看，这种循环有什么问题？,この循環のどこに問題があるか、考えてみてください。,ケルシー,True
decision,是谁第一个发令的？,,3,1,,,,1;2;3,155,是谁第一个发令的？,最初に命令を出したのは誰だ？,,True
decision,......起源。,,3,2,,,,1;2;3,156,......起源。,……起源。,,True
decision,部队不会只有传令兵，没有发令者。,,3,3,,,,1;2;3,157,部队不会只有传令兵，没有发令者。,部隊に伝令兵だけいて、命令を出す者がいないはずがない。,,True
predicate,,,0,,1;2;3,,,,158,,,,False
name,是。,凯尔希,0,,,,,,159,是。,はい。,ケルシー,True
name,真正的指挥者隐藏了自己的位置。,凯尔希,0,,,,,,160,真正的指挥者隐藏了自己的位置。,本当の指揮官は自分の居場所を隠しています。,ケルシー,True
name,如果是你，你会怎么做，博士？,凯尔希,0,,,,,,161,如果是你，你会怎么做，博士？,もしあなたなら、どうしますか、ドクター？,ケルシー,True
decision,逼他出来！！,,3,1,,,,1;2;3,162,逼他出来！！,引きずり出せ！！,,True
decision,......诱饵。,,3,2,,,,1;2;3,163,......诱饵。,……おとり。,,True
decision,得动点手脚才能见见他。,,3,3,,,,1;2;3,164,得动点手脚才能见见他。,少し策を弄さないと彼に会えないな。,,True
predicate,,,0,,1;2;3,,,,165,,,,False
name,对。,凯尔希,0,,,,,,166,对。,そうだ。,ケルシー,True
name,现在我们拥有了针对性的思维，这是战术的优势。,凯尔希,0,,,,,,167,现在我们拥有了针对性的思维，这是战术的优势。,今、私たちは的を絞った思考を持っている。これは戦術上の強みだ。,ケルシー,True
name,......,凯尔希,0,,,,,,168,......,......,ケルシー,True
name,博士，迷迭香正在释放的源石技艺，可以确定所有传令兵的即时位置和巡逻路线。,凯尔希,0,,,,,,169,博士，迷迭香正在释放的源石技艺，可以确定所有传令兵的即时位置和巡逻路线。,ドクター、ミントが現在発動している源石術によって、全ての伝令兵の現在地と巡回経路を特定できる。,ケルシー,True
name,迷迭香将膨大她的意志，捕捉所有范围内的实在形体，但在这时，她的精神状态会逐渐陷入紊乱。,凯尔希,0,,,,,,170,迷迭香将膨大她的意志，捕捉所有范围内的实在形体，但在这时，她的精神状态会逐渐陷入紊乱。,ミントは自身の意思を拡張し、範囲内の全ての存在を捉える。しかしその際、彼女の精神状態は徐々に混乱していく。,ケルシー,True
name,阿米娅正尝试抚平她的情绪。,凯尔希,0,,,,,,171,阿米娅正尝试抚平她的情绪。,アーミヤが彼女の感情を鎮めようとしている。,ケルシー,True
name,Raidian是我们的通讯核心。依靠她的法术，我们能够在短时间内畅通无阻的进行交流。,凯尔希,0,,,,,,172,Raidian是我们的通讯核心。依靠她的法术，我们能够在短时间内畅通无阻的进行交流。,レイディアンは我々の通信の中核だ。彼女の術によって、短時間のうちなら円滑に連絡できる。,ケルシー,True
name,我们只需要等迷迭香完成规划，然后行动。,凯尔希,0,,,,,,173,我们只需要等迷迭香完成规划，然后行动。,ミントが計画を完成するのを待てばいい。そして、その後に行動する。,ケルシー,True
name,这时，游击队则对我们依然一无所知。,凯尔希,0,,,,,,174,这时，游击队则对我们依然一无所知。,その時点でゲリラ側は我々のことをまだ何も知らない。,ケルシー,True
name,他们不知道我们选择瓦解整个游击队的讯息传递方式，也不知道我们有应对布置在战场上的萨卡兹古老巫术的措施......,凯尔希,0,,,,,,175,他们不知道我们选择瓦解整个游击队的讯息传递方式，也不知道我们有应对布置在战场上的萨卡兹古老巫术的措施......,彼らは我々がゲリラ全体の伝令網を崩す選択をしたことも、戦場に設けられたサルカズの古代呪術への対策を持っていることも知らない……,ケルシー,True
name,即使效果有限，我们也依然有。,凯尔希,0,,,,,,176,即使效果有限，我们也依然有。,たとえ効果が限られていても、我々は手段を持っている。,ケルシー,True
name,击溃传令兵后，游击队也会做出反应，不到半小时，替补的传令兵就会开始运作，并且更难被袭击。,凯尔希,0,,,,,,177,击溃传令兵后，游击队也会做出反应，不到半小时，替补的传令兵就会开始运作，并且更难被袭击。,伝令兵を撃破した後、ゲリラ側もすぐ反応し、30分もしないうちに代役の伝令兵が動き出す。しかも攻撃しづらくなる。,ケルシー,True
name,那时的他们会比现在更加警觉，近乎没有弱点。,凯尔希,0,,,,,,178,那时的他们会比现在更加警觉，近乎没有弱点。,その頃の彼らは、今よりさらに警戒心を強め、ほとんど弱点を見せなくなるだろう。,ケルシー,True
name,以及，我们的位置和战术也会被洞悉，那时我们就会陷入困境。,凯尔希,0,,,,,,179,以及，我们的位置和战术也会被洞悉，那时我们就会陷入困境。,さらに、我々の位置や戦術も見抜かれる。その時は窮地に陥る。,ケルシー,True
name,但是，我们只系统地进攻一次。通过这仅仅一轮打击，我们逼出他们的指挥部队。,凯尔希,0,,,,,,180,但是，我们只系统地进攻一次。通过这仅仅一轮打击，我们逼出他们的指挥部队。,だが、我々は計画的に一度だけ攻撃を仕掛ける。その一撃で、彼らの指揮部隊を引きずり出す。,ケルシー,True
name,游击队不会想象另一支感染者特殊小队的存在。,凯尔希,0,,,,,,181,游击队不会想象另一支感染者特殊小队的存在。,ゲリラ側は、他にも感染者の特殊部隊が存在するとは想像しない。,ケルシー,True
name,这是我们战略上的优势。,凯尔希,0,,,,,,182,这是我们战略上的优势。,それが我々の戦略上の強みだ。,ケルシー,True
decision,我更在意它的实施过程。能成功吗？,,1,1,,,,1,183,我更在意它的实施过程。能成功吗？,私はその実行過程の方が気になる。うまくいくのか？,,True
predicate,,,0,,1,,,,184,,,,False
name,——我不会在这时候夸大其词。,凯尔希,0,,,,,,185,——我不会在这时候夸大其词。,——この場面で大げさなことは言わない。,ケルシー,True
name,博士，就算我们拥有这三项优势，我们失败的概率也比成功的概率更大。,凯尔希,0,,,,,,186,博士，就算我们拥有这三项优势，我们失败的概率也比成功的概率更大。,ドクター、たとえ我々に三つの強みがあっても、失敗する確率の方が成功する確率より高い。,ケルシー,True
decision,那为什么要这么安排？,,1,1,,,,1,187,那为什么要这么安排？,それなら、なぜこのように手配したんだ？,,True
predicate,,,0,,1,,,,188,,,,False
name,因为别的办法概率更低。,凯尔希,0,,,,,,189,因为别的办法概率更低。,他の方法だと、もっと成功率が低いからだ。,ケルシー,True
name,......迷迭香应该要开始搜索了。屏住呼吸，不要看。,凯尔希,0,,,,,,190,......迷迭香应该要开始搜索了。屏住呼吸，不要看。,……ミントがもう探索を始めるはずだ。息を止めて、見ないでいろ。,ケルシー,True
stopmusic,,,0,,,,,,191,,,,False
dialog,,,0,,,,,,192,,,,False
character,,,0,,,,,,193,,,,False
name,——第一次——,迷迭香,0,,,,,,194,——第一次——,——一回目——,ミント,True
name,我......找到三个。,迷迭香,0,,,,,,195,我......找到三个。,私は……三つ見つけました。,ミント,True
name,迷迭香......没问题的。过来些，再过来些。,阿米娅,0,,,,,,196,迷迭香......没问题的。过来些，再过来些。,ミントさん……大丈夫です。こちらに来てください、もう少し、こちらへ。,アーミヤ,True
name,......四个。,迷迭香,0,,,,,,197,......四个。,……四つ目です。,ミント,True
name,你的耳朵。我食指这样划过你的耳朵......你能听到。这些只是想象的拼接，你都看过。,阿米娅,0,,,,,,198,你的耳朵。我食指这样划过你的耳朵......你能听到。这些只是想象的拼接，你都看过。,あなたの耳に、私の人差し指がこのように触れています……聞こえますか。これらは想像のつなぎ合わせに過ぎません、あなたはすべて見ています。,アーミヤ,True
name,嗯......,迷迭香,0,,,,,,199,嗯......,うん……,ミント,True
name,五个。,迷迭香,0,,,,,,200,五个。,五つ目です。,ミント,True
dialog,,,0,,,,,,201,,,,False
delay,,,0,,,,,,202,,,,False
character,,char_003_kalts_1,0,,,,,,203,,,,False
name,......,凯尔希,0,,,,,,204,......,......,ケルシー,True
name,博士，你害怕受伤吗？,凯尔希,0,,,,,,205,博士，你害怕受伤吗？,ドクター、怪我を恐れているのか？,ケルシー,True
decision,......啊？,,1,1,,,,1,206,......啊？,……あ？,,True
predicate,,,0,,1,,,,207,,,,False
name,我们的三支作战队伍会分头作战。每支队伍负责不同区域内的敌人小队，瘫痪传令兵的，他们不能有任何发出讯号的机会。,凯尔希,0,,,,,,208,我们的三支作战队伍会分头作战。每支队伍负责不同区域内的敌人小队，瘫痪传令兵的，他们不能有任何发出讯号的机会。,三つの戦闘部隊が別々に行動する。それぞれが違うエリアの敵分隊を担当し、伝令兵を無力化する。彼らに信号を出させてはならない。,ケルシー,True
name,甚至，我们的每个小队也会再重分配一次打击力量，这些我都已经规划完毕，你不用担心。,凯尔希,0,,,,,,209,甚至，我们的每个小队也会再重分配一次打击力量，这些我都已经规划完毕，你不用担心。,さらに、各小隊も再度攻撃力を再配分する。これらはすべて私が計画済みだ、心配はいらない。,ケルシー,True
name,至于你，你要跟我走。,凯尔希,0,,,,,,210,至于你，你要跟我走。,それから、お前は私と行動する。,ケルシー,True
decision,和你？！,,3,1,,,,1;2;3,211,和你？！,君と？！,,True
decision,......诱饵。,,3,2,,,,1;2;3,212,......诱饵。,……囮か。,,True
decision,真的要吗？,,3,3,,,,1;2;3,213,真的要吗？,本当にやるのか？,,True
predicate,,,0,,1;2;3,,,,214,,,,False
name,请跟着你的保险专人一起行动。你无权拒绝，我想。,凯尔希,0,,,,,,215,请跟着你的保险专人一起行动。你无权拒绝，我想。,保険担当と一緒に行動しろ。君に拒否する権利はない、と思うが。,ケルシー,True
name,游击队配备着类似乌萨斯军队的优良军备，操持着比乌萨斯军更严厉更有效的纪律与战术。,凯尔希,0,,,,,,216,游击队配备着类似乌萨斯军队的优良军备，操持着比乌萨斯军更严厉更有效的纪律与战术。,ゲリラはウルサス軍隊に近い優れた装備を持ち、ウルサス軍よりも厳しく効果的な規律と戦術を持っている。,ケルシー,True
name,萨卡兹，乌萨斯，黎博利等各种族围绕在同一个名字之下。,凯尔希,0,,,,,,217,萨卡兹，乌萨斯，黎博利等各种族围绕在同一个名字之下。,サルカズ、ウルサス、リーボリなど、様々な種族が同じ名のもとに集っている。,ケルシー,True
name,在我的保护下，你才是安全的。我不希望迷迭香失手杀掉你，也不希望阿米娅再为保护你而分心。Raidian，你甚至还没见过她。,凯尔希,0,,,,,,218,在我的保护下，你才是安全的。我不希望迷迭香失手杀掉你，也不希望阿米娅再为保护你而分心。Raidian，你甚至还没见过她。,私の保護下でこそ、君は安全だ。ミントがうっかり君を殺すことも、アーミヤが君のために気を散らすことも望まない。レイディアン、彼女にまだ会っていないだろう。,ケルシー,True
name,在我身边，就不会有无谓的麻烦。,凯尔希,0,,,,,,219,在我身边，就不会有无谓的麻烦。,私のそばなら、くだらないトラブルは起きない。,ケルシー,True
name,......等等。,凯尔希,0,,,,,,220,......等等。,……待て。,ケルシー,True
name,——迷迭香？,凯尔希,0,,,,,,221,——迷迭香？,——ミント？,ケルシー,True
character,,avg_npc_042,0,,,,,,222,,,,False
name,啊......唔......,迷迭香,0,,,,,,223,啊......唔......,あ……うぅ……,ミント,True
playmusic,,,0,,,,,,224,,,,False
character,,char_003_kalts_1#2,0,,,,,,225,,,,False
camerashake,,,0,,,,,,226,,,,False
name,Raidian，断开迷迭香的连接。现在！,凯尔希,0,,,,,,227,Raidian，断开迷迭香的连接。现在！,レイディアン、ミントとの接続を切断しろ。今すぐだ！,ケルシー,True
name,阿米娅，她的精神状态？,凯尔希,0,,,,,,228,阿米娅，她的精神状态？,アーミヤ、彼女の精神状態はどうだ？,ケルシー,True
character,,char_002_amiya_1#4,0,,,,,,229,,,,False
name,可是、可是迷迭香......我摸索到的景象很稳定啊，没有任何奇怪的事情出现......不应该......,阿米娅,0,,,,,,230,可是、可是迷迭香......我摸索到的景象很稳定啊，没有任何奇怪的事情出现......不应该......,でも、でも、ススーロ……私が感じ取った光景はとても安定していて、何もおかしなことは起きていませんでした……そんなはずは……,アーミヤ,True
name,难道是......下坠？她......望着天空？,阿米娅,0,,,,,,231,难道是......下坠？她......望着天空？,まさか……落下？彼女は……空を見上げているのでしょうか？,アーミヤ,True
name,......失落。她在失落。她在下坠。,阿米娅,0,,,,,,232,......失落。她在失落。她在下坠。,……喪失感。彼女は失っているのです。彼女は落ちているのです。,アーミヤ,True
character,,char_003_kalts_1#2,0,,,,,,233,,,,False
name,体温降低，呼吸急促......内啡肽水平急剧降低。,凯尔希,0,,,,,,234,体温降低，呼吸急促......内啡肽水平急剧降低。,体温低下、呼吸の急激化……エンドルフィン値が急激に下がっている。,ケルシー,True
decision,要紧急注射吗？,,1,1,,,,1,235,要紧急注射吗？,緊急注射が必要ですか？,,True
predicate,,,0,,1,,,,236,,,,False
name,（摇头）,凯尔希,0,,,,,,237,（摇头）,（首を振る）,ケルシー,True
name,和Raidian使用辅助药物补充体力不同，迷迭香的源石技艺倾斜了她体内环境的恒定性，而且，并没有打破实质上的生理平衡。,凯尔希,0,,,,,,238,和Raidian使用辅助药物补充体力不同，迷迭香的源石技艺倾斜了她体内环境的恒定性，而且，并没有打破实质上的生理平衡。,レディアンが補助薬で体力を補うのとは異なり、ススーロのオリジニウム技術は彼女の身体内部の恒常性を傾けているが、実質的な生理的バランスは崩していない。,ケルシー,True
name,注射激素能在数分钟内促进分泌，却会在事后令内分泌系统严重失调，甚至造成抑制机制丧失。,凯尔希,0,,,,,,239,注射激素能在数分钟内促进分泌，却会在事后令内分泌系统严重失调，甚至造成抑制机制丧失。,ホルモン注射は数分で分泌を促進できるが、その後、内分泌系が深刻に乱れ、抑制機構の喪失すら引き起こしかねない。,ケルシー,True
character,,avg_npc_042,0,,,,,,240,,,,False
name,我......我......,迷迭香,0,,,,,,241,我......我......,わ、わたし……,ススーロ,True
name,丢下我？为什么......我要......,迷迭香,0,,,,,,242,丢下我？为什么......我要......,置いていくの？なぜ……私は……,ススーロ,True
camerashake,,,0,,,,,,243,,,,False
name,——为什么丢下我......？,迷迭香,0,,,,,,244,——为什么丢下我......？,——なぜ私を置いていくの……？,ススーロ,True
dialog,,,0,,,,,,245,,,,False
decision,但情况很凶险。,,1,1,,,,1,246,但情况很凶险。,しかし、状況は非常に危険です。,,True
predicate,,,0,,1,,,,247,,,,False
character,,char_003_kalts_1#2,0,,,,,,248,,,,False
name,凶险不是我纵容自己无能的借口。,凯尔希,0,,,,,,249,凶险不是我纵容自己无能的借口。,危険であることは、私が無能に甘んじる言い訳にはならない。,ケルシー,True
name,博士，损害生体机能的应急措施......我绝不会对他人使用。无论它多有效。,凯尔希,0,,,,,,250,博士，损害生体机能的应急措施......我绝不会对他人使用。无论它多有效。,ドクター、生体機能を損なう緊急措置を……私は決して他人に使いません。どれほど効果的でも。,ケルシー,True
name,迷迭香遭遇的不是生理问题，那么，她的问题只能从她自身入手。,凯尔希,0,,,,,,251,迷迭香遭遇的不是生理问题，那么，她的问题只能从她自身入手。,ススーロが遭遇しているのは生理的な問題ではありません。ならば、彼女自身から問題を解決するしかないのです。,ケルシー,True
dialog,,,0,,,,,,252,,,,False
character,,,0,,,,,,253,,,,False
blocker,,,0,,,,,,254,,,,False
blocker,,,0,,,,,,255,,,,False
character,,char_003_kalts_1,0,,,,,,256,,,,False
name,迷迭香。,凯尔希,0,,,,,,257,迷迭香。,ススーロ。,ケルシー,True
name,迷迭香，看看我的手。,凯尔希,0,,,,,,258,迷迭香，看看我的手。,ススーロ、私の手を見て。,ケルシー,True
character,,avg_npc_042,0,,,,,,259,,,,False
name,凯尔......希......医生......,迷迭香,0,,,,,,260,凯尔......希......医生......,ケル……シー……先生……,ススーロ,True
character,,avg_npc_042,0,,,2,,,261,,,,False
name,看，医生的手。,凯尔希,0,,,,,,262,看，医生的手。,ほら、先生の手よ。,ケルシー,True
name,现在医生正把手放在你的脸上。凯尔希医生正托着你的脸。看我的脸。,凯尔希,0,,,,,,263,现在医生正把手放在你的脸上。凯尔希医生正托着你的脸。看我的脸。,今、先生はあなたの顔に手を置いている。ケルシー先生があなたの頬を支えているの。私の顔を見て。,ケルシー,True
character,,avg_npc_042,0,,,1,,,264,,,,False
name,......嗯。,迷迭香,0,,,,,,265,......嗯。,……うん。,ススーロ,True
character,,avg_npc_042,0,,,2,,,266,,,,False
name,迷迭香，凯尔希没有太多时间陪伴你，阿米娅也是。,凯尔希,0,,,,,,267,迷迭香，凯尔希没有太多时间陪伴你，阿米娅也是。,ススーロ、ケルシーもあなたと過ごせる時間は多くないし、アーミヤもそうよ。,ケルシー,True
name,Outcast，Misery，煌，所有人都是。,凯尔希,0,,,,,,268,Outcast，Misery，煌，所有人都是。,アウトキャストも、ミゼリィも、煌（ホシグマ）も、みんな同じよ。,ケルシー,True
name,但现在我和阿米娅，都在这里。,凯尔希,0,,,,,,269,但现在我和阿米娅，都在这里。,でも今は、私とアーミヤがここにいる。,ケルシー,True
character,,avg_npc_042,0,,,1,,,270,,,,False
name,嗯......嗯。,迷迭香,0,,,,,,271,嗯......嗯。,うん……うん。,ススーロ,True
character,,avg_npc_042,0,,,2,,,272,,,,False
name,加油，迷迭香。向前走。,凯尔希,0,,,,,,273,加油，迷迭香。向前走。,頑張って、ススーロ。前に進みなさい。,ケルシー,True
character,,char_002_amiya_1#3,0,,,1,,,274,,,,False
name,对，迷迭香......走到这里。走到这里来。这是甲板。,阿米娅,0,,,,,,275,对，迷迭香......走到这里。走到这里来。这是甲板。,そうです、ススーロさん……こちらにいらしてください。こちらは甲板です。,アーミヤ,True
name,虽然很硬......但迷迭香，这是甲板，你可以踩在上面了。你不会踩空了。,阿米娅,0,,,,,,276,虽然很硬......但迷迭香，这是甲板，你可以踩在上面了。你不会踩空了。,少し固いですが……ススーロさん、ここは甲板ですので、しっかりと踏みしめていただけます。もう踏み外すことはありません。,アーミヤ,True
name,这是罗德岛。,阿米娅,0,,,,,,277,这是罗德岛。,ここはロドスです。,アーミヤ,True
character,,avg_npc_042,0,,,2,,,278,,,,False
name,我们和你一起。,凯尔希,0,,,,,,279,我们和你一起。,私たちはあなたと一緒にいる。,ケルシー,True
character,,char_002_amiya_1#3,0,,,1,,,280,,,,False
name,我和你一起。,阿米娅,0,,,,,,281,我和你一起。,私はあなたと一緒にいます。,アーミヤ,True
stopmusic,,,0,,,,,,282,,,,False
character,,avg_npc_042,0,,,,,,283,,,,False
name,——我知道。,迷迭香,0,,,,,,284,——我知道。,――分かってる。,ススーロ,True
dialog,,,0,,,,,,285,,,,False
character,,,0,,,,,,286,,,,False
delay,,,0,,,,,,287,,,,False
decision,她的呼吸......平稳下来了。,,1,1,,,,1,288,她的呼吸......平稳下来了。,彼女の呼吸が……落ち着いてきた。,,True
predicate,,,0,,1,,,,289,,,,False
character,,avg_npc_042,0,,,,,,290,,,,False
name,......医生......给我。,迷迭香,0,,,,,,291,......医生......给我。,……先生……ください。,ススーロ,True
name,把......数据。,迷迭香,0,,,,,,292,把......数据。,……その……データを。,ススーロ,True
character,,avg_npc_042,0,,,2,,,293,,,,False
name,——嗯。,凯尔希,0,,,,,,294,——嗯。,――うん。,ケルシー,True
name,Raidian，联通上迷迭香的终端。她没事了。,凯尔希,0,,,,,,295,Raidian，联通上迷迭香的终端。她没事了。,レディアン、ススーロの端末を接続して。彼女はもう大丈夫だ。,ケルシー,True
name,我保证。做吧。,凯尔希,0,,,,,,296,我保证。做吧。,保証する。やりなさい。,ケルシー,True
character,,avg_npc_042,0,,,,,,297,,,,False
name,——第二次。,迷迭香,0,,,,,,298,——第二次。,――2回目。,ススーロ,True
name,七个。,迷迭香,0,,,,,,299,七个。,七つ。,ススーロ,True
dialog,,,0,,,,,,300,,,,False
character,,,0,,,,,,301,,,,False
delay,,,0,,,,,,302,,,,False
character,,char_002_amiya_1,0,,,,,,303,,,,False
playmusic,,,0,,,,,,304,,,,False
name,我看到......,阿米娅,0,,,,,,305,我看到......,私には見えました……,アーミヤ,True
name,她......迷迭香现在站起来了。平静在她的意识里生长开花。嗯......就像毛绒绒的篮子一样，兜住了她的梦。,阿米娅,0,,,,,,306,她......迷迭香现在站起来了。平静在她的意识里生长开花。嗯......就像毛绒绒的篮子一样，兜住了她的梦。,彼女……ススーロさんは今、立ち上がっています。静けさが彼女の意識の中で成長して花開いています。ええ……まるでふわふわのかごのように、彼女の夢を包み込んでいます。,アーミヤ,True
character,,char_002_amiya_1#3,0,,,,,,307,,,,False
name,没问题。没问题了，凯尔希医生。,阿米娅,0,,,,,,308,没问题。没问题了，凯尔希医生。,もう大丈夫です。もう問題ありません、ケルシー先生。,アーミヤ,True
decision,毛绒绒的篮子......,,1,1,,,,1,309,毛绒绒的篮子......,ふわふわのかご……,,True
predicate,,,0,,1,,,,310,,,,False
decision,......小猫？,,3,1,,,,1;2;3,311,......小猫？,……子猫？,,True
decision,可爱。,,3,2,,,,1;2;3,312,可爱。,かわいい。,,True
decision,很适合......你。,,3,3,,,,1;2;3,313,很适合......你。,とても……君に似合う。,,True
predicate,,,0,,1;2;3,,,,314,,,,False
character,,char_002_amiya_1#5,0,,,,,,315,,,,False
name,（咦......？）,阿米娅,0,,,,,,316,（咦......？）,（え……？）,アーミヤ,True
character,,avg_npc_042,0,,,,,,317,,,,False
name,噗。,迷迭香,0,,,,,,318,噗。,ぷっ。,ススーロ,True
name,阿米娅脸红了，博士。,迷迭香,0,,,,,,319,阿米娅脸红了，博士。,アーミヤが赤くなりましたよ、ドクター。,ススーロ,True
character,,char_002_amiya_1#5,0,,,1,,,320,,,,False
name,......我没想给你看这个呀！,阿米娅,0,,,,,,321,......我没想给你看这个呀！,……これはお見せするつもりはありませんでした！,アーミヤ,True
character,,char_002_amiya_1#5,0,,,2,,,322,,,,False
name,没事，嗯。没事。,迷迭香,0,,,,,,323,没事，嗯。没事。,大丈夫、うん。大丈夫。,ローズマリー,True
name,再一次......再一次。阿米娅，我们向前走一点。我感受到了。,迷迭香,0,,,,,,324,再一次......再一次。阿米娅，我们向前走一点。我感受到了。,もう一度……もう一度。アーミヤ、もう少し前に進もう。感じたよ。,ローズマリー,True
name,第三次。,迷迭香,0,,,,,,325,第三次。,三回目。,ローズマリー,True
character,,avg_npc_042,0,,,,,,326,,,,False
name,......凯尔希医生。我找到了。全部。,迷迭香,0,,,,,,327,......凯尔希医生。我找到了。全部。,……ドクター・ケルシー。見つけたよ。全部。,ローズマリー,True
character,,char_003_kalts_1,0,,,,,,328,,,,False
name,我们准备好了。,凯尔希,0,,,,,,329,我们准备好了。,私たちは準備ができています。,ケルシー,True
character,,avg_npc_042,0,,,,,,330,,,,False
name,唔，谢谢你。也谢谢你，阿米娅。,迷迭香,0,,,,,,331,唔，谢谢你。也谢谢你，阿米娅。,うん、ありがとう。そしてアーミヤ、君にもありがとう。,ローズマリー,True
character,,char_002_amiya_1#3,0,,,1,,,332,,,,False
name,该做的事情不要谢，迷迭香......别谢。像我喜欢说的那样，对吧？,阿米娅,0,,,,,,333,该做的事情不要谢，迷迭香......别谢。像我喜欢说的那样，对吧？,やるべきことなので、お礼は要りません、ローズマリーさん……感謝はしないでください。私がよく言う通りですよね？,アーミヤ,True
character,,char_002_amiya_1#3,0,,,2,,,334,,,,False
name,嗯。但你带我走过了舰桥，走到了那座山上......云很好看。,迷迭香,0,,,,,,335,嗯。但你带我走过了舰桥，走到了那座山上......云很好看。,うん。でも、君が私をブリッジから連れて行って、あの山の上まで……雲がとても綺麗だった。,ローズマリー,True
name,路还很远。,迷迭香,0,,,,,,336,路还很远。,まだ道は遠い。,ローズマリー,True
name,阿米娅，我们行动吧。我们走下去。,迷迭香,0,,,,,,337,阿米娅，我们行动吧。我们走下去。,アーミヤ、進もう。私たちは歩き続けよう。,ローズマリー,True
character,,char_003_kalts_1,0,,,,,,338,,,,False
playsound,,,0,,,,,,339,,,,False
stopmusic,,,0,,,,,,340,,,,False
name,Raidian，分别接通。你有五分钟时间稍事歇息。,凯尔希,0,,,,,,341,Raidian，分别接通。你有五分钟时间稍事歇息。,ライディアン、それぞれ接続して。あなたには五分間の休憩時間がある。,ケルシー,True
name,阿米娅，迷迭香，保持通讯畅通。,凯尔希,0,,,,,,342,阿米娅，迷迭香，保持通讯畅通。,アーミヤ、ローズマリー、通信を保ってください。,ケルシー,True
character,,char_002_amiya_1#7,0,,,,,,343,,,,False
name,好。那么，Raidian，医生，迷迭香......,阿米娅,0,,,,,,344,好。那么，Raidian，医生，迷迭香......,はい。それでは、ライディアンさん、ドクター、ローズマリーさん……,アーミヤ,True
name,作战开始。,阿米娅,0,,,,,,345,作战开始。,作戦を開始します。,アーミヤ,True
dialog,,,0,,,,,,346,,,,False
character,,,0,,,,,,347,,,,False
blocker,,,0,,,,,,348,,,,False
playsound,,,0,,,,,,349,,,,False
blocker,,,0,,,,,,350,,,,False
playmusic,,,0,,,,,,351,,,,False
character,,char_003_kalts_1,0,,,,,,352,,,,False
name,你似乎还想问些什么。,凯尔希,0,,,,,,353,你似乎还想问些什么。,まだ何か質問したいことがあるようね。,ケルシー,True
decision,你的语气比过去缓和了许多。,,1,1,,,,1,354,你的语气比过去缓和了许多。,あなたの口調は以前よりずっと穏やかになった。,,True
predicate,,,0,,1,,,,355,,,,False
name,你不会只是想问这个。如果你想，我可以更严厉地对待你。,凯尔希,0,,,,,,356,你不会只是想问这个。如果你想，我可以更严厉地对待你。,それだけを聞きたいわけじゃないでしょう。望むなら、もっと厳しく接してもいいのよ。,ケルシー,True
decision,和我说说那只小猫。,,3,1,,,,1;2;3,357,和我说说那只小猫。,その子猫の話をしてくれ。,,True
decision,......迷迭香。,,3,2,,,,1;2;3,358,......迷迭香。,……ローズマリー。,,True
decision,我还是希望你谈谈那个银发女孩。,,3,3,,,,1;2;3,359,我还是希望你谈谈那个银发女孩。,やはりその銀髪の少女について話してほしい。,,True
predicate,,,0,,1;2;3,,,,360,,,,False
name,刚才，你的运气其实不错。,凯尔希,0,,,,,,361,刚才，你的运气其实不错。,さっき、あなたの運は実は良かったのよ。,ケルシー,True
name,退一步讲，也许迷迭香不讨厌你。她克制了自己的发泄。,凯尔希,0,,,,,,362,退一步讲，也许迷迭香不讨厌你。她克制了自己的发泄。,言い換えると、ローズマリーはあなたを嫌っていないのかもしれない。彼女は自分の感情を抑えていた。,ケルシー,True
name,否则在你因好奇观看我和阿米娅对她进行引导时，你大概会因为看到她法术的实体而咬断自己的舌头。,凯尔希,0,,,,,,363,否则在你因好奇观看我和阿米娅对她进行引导时，你大概会因为看到她法术的实体而咬断自己的舌头。,もしそうでなければ、私とアーミヤが彼女を導いているのを好奇心から見ていたあなたは、彼女の術の実体を見て舌を噛み切っていたでしょう。,ケルシー,True
name,......迷迭香是在研究所里诞生的感染者。,凯尔希,0,,,,,,364,......迷迭香是在研究所里诞生的感染者。,……ローズマリーは研究所で生まれた感染者です。,ケルシー,True
name,和大多数实验感染者的悲惨遭遇不同：她没有因实验的日益残酷而随之死去。,凯尔希,0,,,,,,365,和大多数实验感染者的悲惨遭遇不同：她没有因实验的日益残酷而随之死去。,多くの実験感染者の悲惨な運命とは異なり、彼女は実験の過酷化によって命を落とすことはありませんでした。,ケルシー,True
name,随着项目的进展，整个研究所都被她一点一点地碾碎了。,凯尔希,0,,,,,,366,随着项目的进展，整个研究所都被她一点一点地碾碎了。,プロジェクトが進むにつれて、研究所全体が彼女によって少しずつ破壊されました。,ケルシー,True
name,不是研究所毁了她，是她毁了研究所。她的法术与她的精神状态连结在了一起。,凯尔希,0,,,,,,367,不是研究所毁了她，是她毁了研究所。她的法术与她的精神状态连结在了一起。,彼女が研究所に壊されたのではなく、彼女が研究所を壊したのです。彼女の術は精神状態と結びついていました。,ケルシー,True
name,找到她的组织秘密地把她渡让给罗德岛，以向外传达“迷迭香并不存在”的信号。,凯尔希,0,,,,,,368,找到她的组织秘密地把她渡让给罗德岛，以向外传达“迷迭香并不存在”的信号。,彼女を発見した組織は、ローズマリーは存在しないという情報を外部に伝えるため、彼女を秘密裏にロドスへ引き渡しました。,ケルシー,True
name,我知道你在想什么。不，无论是逼迫还是劝诱，我不允许任何一个有这种遭遇的感染者被编入干员队伍。,凯尔希,0,,,,,,369,我知道你在想什么。不，无论是逼迫还是劝诱，我不允许任何一个有这种遭遇的感染者被编入干员队伍。,あなたが何を考えているかは分かります。いいえ、強制や誘導を問わず、このような経歴を持つ感染者が隊員に加わることは、私は認めません。,ケルシー,True
name,但是，迷迭香自己选择了责任、训练和伙伴关系。,凯尔希,0,,,,,,370,但是，迷迭香自己选择了责任、训练和伙伴关系。,しかし、ローズマリー自身が責任や訓練、仲間との関係を選びました。,ケルシー,True
name,在她无意识地施术不断造成损害的情况下，术师干员们决定训练她。她必须比其他人更快地成熟，而这同样是她自己的愿望。,凯尔希,0,,,,,,371,在她无意识地施术不断造成损害的情况下，术师干员们决定训练她。她必须比其他人更快地成熟，而这同样是她自己的愿望。,無意識に術を使い、被害を増やしていたため、術師のオペレーターたちは彼女を訓練することを決めました。彼女は他の誰よりも早く成熟しなければならず、それはまた彼女自身の望みでもありました。,ケルシー,True
name,我们不想把她弃置荒野。我们不想给她注射抑制药剂。我们不想让罗德岛也变成细碎的残渣。,凯尔希,0,,,,,,372,我们不想把她弃置荒野。我们不想给她注射抑制药剂。我们不想让罗德岛也变成细碎的残渣。,私たちは彼女を荒野に捨てたくありません。抑制剤を投与したくもありません。ロドスを破片にしたくもありません。,ケルシー,True
name,这是我们不得已的解决方式。我们要训练她运用自己的法术，而不是放纵她，或是囚禁她。,凯尔希,0,,,,,,373,这是我们不得已的解决方式。我们要训练她运用自己的法术，而不是放纵她，或是囚禁她。,これはやむを得ない解決手段です。私たちは彼女に自分の術を使いこなせるよう訓練すべきで、放置したり監禁したりするべきではありません。,ケルシー,True
name,她和阿米娅有一点很像，也有一点很不同。,凯尔希,0,,,,,,374,她和阿米娅有一点很像，也有一点很不同。,彼女はアーミヤに似ている部分もあれば、異なる部分もある。,ケルシー,True
decision,别卖关子了。,,3,1,,,,1;2;3,375,别卖关子了。,もったいぶらないでくれ。,,True
decision,......说清楚。,,3,2,,,,1;2;3,376,......说清楚。,……はっきり言ってくれ。,,True
decision,你这么说我不太懂。,,3,3,,,,1;2;3,377,你这么说我不太懂。,そう言われてもよく分からない。,,True
predicate,,,0,,1;2;3,,,,378,,,,False
name,那就听我说完吧，麻烦你。,凯尔希,0,,,,,,379,那就听我说完吧，麻烦你。,なら最後まで聞きなさい、頼むから。,ケルシー,True
name,她们的相像之处在于她们都愿意为了他人战斗不息。,凯尔希,0,,,,,,380,她们的相像之处在于她们都愿意为了他人战斗不息。,二人の共通点は、他人のために戦い続けようとする意志です。,ケルシー,True
name,至于不像的地方——,凯尔希,0,,,,,,381,至于不像的地方——,異なる点は――,ケルシー,True
name,如你所知，阿米娅从来都不曾想要与人为敌。即使她被逼迫去这么做，即使她流着泪努力去这么做。即使她最后毁灭了敌人，也一样。,凯尔希,0,,,,,,382,如你所知，阿米娅从来都不曾想要与人为敌。即使她被逼迫去这么做，即使她流着泪努力去这么做。即使她最后毁灭了敌人，也一样。,ご存知の通り、アーミヤは決して他人と敵対したいとは思っていません。それを強いられても、涙を流しながら努力しても、最終的に敵を滅ぼしても、それは変わりません。,ケルシー,True
name,但迷迭香，我可以说，博士，迷迭香......,凯尔希,0,,,,,,383,但迷迭香，我可以说，博士，迷迭香......,しかしローズマリーについては、こう言えます、ドクター、ローズマリーは……,ケルシー,True
name,她从没有放弃过哪怕一次任务。无论是怎样战况，她都会妥善处理，也都会胜利。,凯尔希,0,,,,,,384,她从没有放弃过哪怕一次任务。无论是怎样战况，她都会妥善处理，也都会胜利。,彼女は一度たりとも任務を諦めたことがありません。どんな戦況でもうまく対処し、必ず勝利を収めます。,ケルシー,True
name,你看到的，是既理智又不可理喻的歼灭战专员，迷迭香。,凯尔希,0,,,,,,385,你看到的，是既理智又不可理喻的歼灭战专员，迷迭香。,あなたが見ているのは、理知的でありながら、理解しがたい殲滅戦のスペシャリスト、ローズマリーです。,ケルシー,True
name,她成为精英干员没有别的原因，仅仅因为她在各方面的考核都达标，而不是别的。,凯尔希,0,,,,,,386,她成为精英干员没有别的原因，仅仅因为她在各方面的考核都达标，而不是别的。,彼女がエリートオペレーターとなった理由は他にありません。ただあらゆる試験に合格したからです。,ケルシー,True
name,畏惧她的干员们最后了解到她真实的样子，愿意把自己的性命交给她......,凯尔希,0,,,,,,387,畏惧她的干员们最后了解到她真实的样子，愿意把自己的性命交给她......,彼女を恐れていたオペレーターたちは、最後には彼女の本当の姿を知り、命を託すことを選びました……,ケルシー,True
name,原因只在于她会保护干员们，她也会为了干员们动用自己全部的力量。,凯尔希,0,,,,,,388,原因只在于她会保护干员们，她也会为了干员们动用自己全部的力量。,理由はただ一つ、彼女がオペレーターを守り、そのために全力を尽くすからです。,ケルシー,True
name,要是说煌是带领着自己的小队走下去并获得了所有人的尊敬，那么，迷迭香就是在所有人的支撑下战斗着。,凯尔希,0,,,,,,389,要是说煌是带领着自己的小队走下去并获得了所有人的尊敬，那么，迷迭香就是在所有人的支撑下战斗着。,もしコウが自分のチームを率いて皆に尊敬されているのだとしたら、ローズマリーは皆に支えられながら戦っています。,ケルシー,True
name,回应了所有人的期待，并且超越他们的期待。,凯尔希,0,,,,,,390,回应了所有人的期待，并且超越他们的期待。,皆の期待に応え、その期待をも超えるのです。,ケルシー,True
decision,可让她参与这次作战也有现实的考量。,,1,1,,,,1,391,可让她参与这次作战也有现实的考量。,しかし、彼女を今回の作戦に参加させるのは現実的な考慮もあります。,,True
predicate,,,0,,1,,,,392,,,,False
name,也有其他的干员具备与迷迭香的索敌能力类似的源石技艺，需要的施术条件则不一而同。,凯尔希,0,,,,,,393,也有其他的干员具备与迷迭香的索敌能力类似的源石技艺，需要的施术条件则不一而同。,他にもローズマリーの索敵能力に似たオリジニウム技術を持つオペレーターはいますが、術の発動条件はそれぞれ異なります。,ケルシー,True
name,迷迭香不只能做到定位，你看过她战斗的模样。,凯尔希,0,,,,,,394,迷迭香不只能做到定位，你看过她战斗的模样。,ローズマリーは位置特定だけでなく、彼女の戦いぶりを見たこともあるでしょう。,ケルシー,True
name,博士。我们允许迷迭香参与任务，确实是因为她就是最适合这片战场的干员，以及她也认为自己是最适合这场战斗的干员。,凯尔希,0,,,,,,395,博士。我们允许迷迭香参与任务，确实是因为她就是最适合这片战场的干员，以及她也认为自己是最适合这场战斗的干员。,ドクター。私たちがローズマリーの任務参加を認めたのは、彼女がこの戦場に最も適したオペレーターだからであり、彼女自身もそう考えているからです。,ケルシー,True
name,她的源石技艺也足以帮助我与阿米娅对抗敌游击队的领袖......,凯尔希,0,,,,,,396,她的源石技艺也足以帮助我与阿米娅对抗敌游击队的领袖......,彼女のオリジニウム技術は、私やアーミヤが敵の遊撃隊のリーダーと戦う助けにもなります……,ケルシー,True
name,“整合运动的爱国者”。,凯尔希,0,,,,,,397,“整合运动的爱国者”。,「レユニオンのパトリオット」だ。,ケルシー,True
decision,叶莲娜的......,,1,1,,,,1,398,叶莲娜的......,エレーナの……,,True
predicate,,,0,,1,,,,399,,,,False
dialog,,,0,,,,,,400,,,,False
character,,,0,,,,,,401,,,,False
playsound,,,0,,,,,,402,,,,False
name,凯尔希医生！废弃电车站，杂烩菜餐馆掉落的招牌后，第四中学门口，礼堂钟楼三楼！,迷迭香,0,,,,,,403,凯尔希医生！废弃电车站，杂烩菜餐馆掉落的招牌后，第四中学门口，礼堂钟楼三楼！,ケルシー先生！廃棄された電車駅、雑多料理店の落ちた看板の後ろ、第四中学校の正門、講堂の鐘楼三階です！,ローズマリー,True
dialog,,,0,,,,,,404,,,,False
character,,char_003_kalts_1,0,,,,,,405,,,,False
name,收到。,凯尔希,0,,,,,,406,收到。,了解した。,ケルシー,True
playsound,,,0,,,,,,407,,,,False
character,,,0,,,,,,408,,,,False
name,收到！凯尔希医生，我去礼堂！,阿米娅,0,,,,,,409,收到！凯尔希医生，我去礼堂！,承知しました！ケルシー先生、私は講堂に向かいます！,アーミヤ,True
character,,char_003_kalts_1,0,,,,,,410,,,,False
name,那我们去第四中学。博士，走。,凯尔希,0,,,,,,411,那我们去第四中学。博士，走。,では、私たちは第四中学校へ行きましょう。ドクター、行くぞ。,ケルシー,True
decision,凯尔希医生，我能帮你指挥。,,1,1,,,,1,412,凯尔希医生，我能帮你指挥。,ケルシー先生、指揮をお手伝いできます。,,True
predicate,,,0,,1,,,,413,,,,False
character,,char_003_kalts_1,0,,,,,,414,,,,False
name,——,凯尔希,0,,,,,,415,——,——,ケルシー,True
name,正有此意。,凯尔希,0,,,,,,416,正有此意。,まさにそのつもりだ。,ケルシー,True
name,我，迷迭香，阿米娅将负责瘫痪传令兵。而你......,凯尔希,0,,,,,,417,我，迷迭香，阿米娅将负责瘫痪传令兵。而你......,私、ローズマリー、アーミヤが伝令兵の無力化を担当する。そして君は……,ケルシー,True
name,博士，你要指挥各个小队的自由人，拖住游击队战士的脚步。,凯尔希,0,,,,,,418,博士，你要指挥各个小队的自由人，拖住游击队战士的脚步。,ドクター、君は各部隊の遊撃隊を足止めする自隊を指揮してくれ。,ケルシー,True
name,记住，我们只针对我们有能力去针对的敌人。,凯尔希,0,,,,,,419,记住，我们只针对我们有能力去针对的敌人。,覚えておけ、我々は自分たちが対処できる敵だけを相手にする。,ケルシー,True
name,一旦游击队开始纠集，我们就立即撤退，我们为达成目标而来。我们没能力与他们正面对抗，也不要在脑海中独自勾勒类似的妄想。,凯尔希,0,,,,,,420,一旦游击队开始纠集，我们就立即撤退，我们为达成目标而来。我们没能力与他们正面对抗，也不要在脑海中独自勾勒类似的妄想。,遊撃隊が集結を始めたらすぐ撤退する。我々は目標を果たすためだけに来た。正面からぶつかる力はないし、独りよがりな幻想も抱くな。,ケルシー,True
name,这将是场漫长无比的战斗，我们的小队也可能出现伤亡，甚至完全落败。,凯尔希,0,,,,,,421,这将是场漫长无比的战斗，我们的小队也可能出现伤亡，甚至完全落败。,これは非常に長い戦いとなるだろう。私たちの小隊にも損害が出るかもしれないし、全滅する可能性もある。,ケルシー,True
name,那样的话，感染者的下一个黑暗纪元可能就此开始。,凯尔希,0,,,,,,422,那样的话，感染者的下一个黑暗纪元可能就此开始。,そうなれば、感染者たちの次なる暗黒時代が始まるかもしれない。,ケルシー,True
name,如果指挥部队拒不出现，也许是对我们最有利的结果。,凯尔希,0,,,,,,423,如果指挥部队拒不出现，也许是对我们最有利的结果。,もし指揮部隊が姿を現さなければ、おそらく我々にとって最も有利な結果となるだろう。,ケルシー,True
name,我们长驱直入，直捣指挥塔和能源区，把他们甩在后头，让整合运动感染者自己处理感染者间的问题。,凯尔希,0,,,,,,424,我们长驱直入，直捣指挥塔和能源区，把他们甩在后头，让整合运动感染者自己处理感染者间的问题。,我々は一気に指揮塔とエネルギー区を目指し、彼らを後方に残し、レユニオンの感染者同士の問題は彼ら自身に任せる。,ケルシー,True
name,但他不会，这支游击队的指挥官不可能这么做。,凯尔希,0,,,,,,425,但他不会，这支游击队的指挥官不可能这么做。,だが彼はそうしない。この遊撃隊の指揮官がそんな判断を下すはずがない。,ケルシー,True
name,他不会任由战况急转直下，更不会看着自己的队伍分崩离析。他维系这支队伍并不仅仅依靠信念，他彰显出的力量也会符合他的称谓。,凯尔希,0,,,,,,426,他不会任由战况急转直下，更不会看着自己的队伍分崩离析。他维系这支队伍并不仅仅依靠信念，他彰显出的力量也会符合他的称谓。,彼は戦況が急変するのを黙って見てはいないし、自分の部隊が崩壊するのを見過ごすこともない。この部隊の結束はただ信念だけによるものではなく、彼自身がその名に恥じない力を示しているからだ。,ケルシー,True
name,这场战斗结束之后，如果一切顺利......在面对他们的指挥部队时，我们将全力以赴。,凯尔希,0,,,,,,427,这场战斗结束之后，如果一切顺利......在面对他们的指挥部队时，我们将全力以赴。,この戦闘が終わり、すべてが順調であれば……彼らの指揮部隊と対峙したとき、我々は全力を尽くす。,ケルシー,True
name,我们会直面博卓卡斯替。,凯尔希,0,,,,,,428,我们会直面博卓卡斯替。,我々はボジョカスティに立ち向かうことになる。,ケルシー,True
dialog,,,0,,,,,,429,,,,False
blocker,,,0,,,,,,430,,,,False
image,,,0,,,,,,431,,,,False
