command,text_orig,key,is_skippable,fit_mode,intro,volume,delay,time,x,y,alignment,size,width,a,r,g,b,afrom,rfrom,gfrom,bfrom,fadetime,block,effect,keep,initamount,amount,image,tiled,name,xScale,yScale,crossfade,xFrom,yFrom,xTo,yTo,xScaleFrom,yScaleFrom,xScaleTo,yScaleTo,duration,xstrength,ystrength,vibrato,randomness,fadeout,Delay,height,initr,screenadapt,name2,focus,index,text,jp_text,jp_name,text_match
header,,title_test,true,BLACK_MASK,,,,,,,,,,,,,,,,,,,,,,,,,,,,,,,,,,,,,,,,,,,,,,,,,,0,,,,False
playmusic,,$distressed_loop,,,$distressed_intro,0.8,0,,,,,,,,,,,,,,,,,,,,,,,,,,,,,,,,,,,,,,,,,,,,,,,1,,,,False
delay,,,,,,,,5,,,,,,,,,,,,,,,,,,,,,,,,,,,,,,,,,,,,,,,,,,,,,,2,,,,False
subtitle,从切尔诺伯格醒来，已经过去了多久了？,,,,,,0.04,,300,370,left,24,700,,,,,,,,,,,,,,,,,,,,,,,,,,,,,,,,,,,,,,,,,3,,,,False
subtitle,转眼之间，恍如隔世。,,,,,,0.04,,300,370,left,24,700,,,,,,,,,,,,,,,,,,,,,,,,,,,,,,,,,,,,,,,,,4,,,,False
delay,,,,,,,,2,,,,,,,,,,,,,,,,,,,,,,,,,,,,,,,,,,,,,,,,,,,,,,5,,,,False
subtitle,还记得，那个时候睁眼看到的光，和听到的呼唤声。,,,,,,0.04,,300,370,left,24,700,,,,,,,,,,,,,,,,,,,,,,,,,,,,,,,,,,,,,,,,,6,,,,False
blocker,,,,,,,,,,,,,,1,255,255,255,0,0,0,0,2,true,,,,,,,,,,,,,,,,,,,,,,,,,,,,,,,7,,,,False
cameraeffect,,,,,,,,,,,,,,,,,,,,,,0,,Grayscale,true,0,1,,,,,,,,,,,,,,,,,,,,,,,,,,,8,,,,False
image,,,,,,,,,,,,,,,,,,,,,,0,false,,,,,bg_0_am,true,,,,,,,,,,,,,,,,,,,,,,,,,9,,,,False
blocker,,,,,,,,,,,,,,0,,,,,,,,2,true,,,,,,,,,,,,,,,,,,,,,,,,,,,,,,,10,,,,False
cameraeffect,,,,,,,,,,,,,,,,,,,,,,18,false,Grayscale,,,0,,,,,,,,,,,,,,,,,,,,,,,,,,,11,,,,False
delay,,,,,,,,2,,,,,,,,,,,,,,,,,,,,,,,,,,,,,,,,,,,,,,,,,,,,,,12,,,,False
name,......抱歉......,,,,,,,,,,,,,,,,,,,,,,,,,,,,,模糊的声音,,,,,,,,,,,,,,,,,,,,,,,,13,......抱歉......,……ごめんなさい……,ぼやけた声,True
name,又让你受苦了。,,,,,,,,,,,,,,,,,,,,,,,,,,,,,模糊的声音,,,,,,,,,,,,,,,,,,,,,,,,14,又让你受苦了。,また君に苦労をかけてしまったね。,ぼやけた声,True
blocker,,,,,,,,,,,,,,1,,,,,,,,2,true,,,,,,,,,,,,,,,,,,,,,,,,,,,,,,,15,,,,False
image,,,,,,,,,,,,,,,,,,,,,,1,,,,,,,,,,,,,,,,,,,,,,,,,,,,,,,,16,,,,False
subtitle,还记得少女的手的温度。,,,,,,0.04,,300,370,left,24,700,,,,,,,,,,,,,,,,,,,,,,,,,,,,,,,,,,,,,,,,,17,,,,False
image,,,,,,,,,-100,-50,,,,,,,,,,,,2,true,,,,,avg_0_2,,,1.3,1.3,,,,,,,,,,,,,,,,,,,,,,18,,,,False
blocker,,,,,,,,,,,,,,0,,,,1,0,0,0,2,true,,,,,,,,,,,,,,,,,,,,,,,,,,,,,,,19,,,,False
name,......,,,,,,,,,,,,,,,,,,,,,,,,,,,,,？？？,,,,,,,,,,,,,,,,,,,,,,,,20,......,......,？？？,True
name,博士......,,,,,,,,,,,,,,,,,,,,,,,,,,,,,？？？,,,,,,,,,,,,,,,,,,,,,,,,21,博士......,ドクター……,？？？,True
blocker,,,,,,,,,,,,,,0,,,,,,,,2,false,,,,,,,,,,,,,,,,,,,,,,,,,,,,,,,22,,,,False
name,......手！,,,,,,,,,,,,,,,,,,,,,,,,,,,,,？？？,,,,,,,,,,,,,,,,,,,,,,,,23,......手！,……手を！,？？？,True
name,抓紧我的手！！,,,,,,,,,,,,,,,,,,,,,,,,,,,,,？？？,,,,,,,,,,,,,,,,,,,,,,,,24,抓紧我的手！！,私の手をしっかり掴んで！！,？？？,True
image,,,,,,,,,-100,-50,,,,,,,,,,,,4,,,,,,avg_0_1,,,1.3,1.3,,,,,,,,,,,,,,,,,,,,,,25,,,,False
delay,,,,,,,,2,,,,,,,,,,,,,,,,,,,,,,,,,,,,,,,,,,,,,,,,,,,,,,26,,,,False
stopmusic,,,,,,,,,,,,,,,,,,,,,,3,,,,,,,,,,,,,,,,,,,,,,,,,,,,,,,,27,,,,False
delay,,,,,,,,0.6,,,,,,,,,,,,,,,,,,,,,,,,,,,,,,,,,,,,,,,,,,,,,,28,,,,False
blocker,,,,,,,,,,,,,,1,0,0,0,,,,,1,true,,,,,,,,,,,,,,,,,,,,,,,,,,,,,,,29,,,,False
playmusic,,$escape_loop,,,$escape_intro,0.8,0.5,,,,,,,,,,,,,,,,,,,,,,,,,,1.5,,,,,,,,,,,,,,,,,,,,,30,,,,False
image,,,,,,,,,0,0,,,,,,,,,,,,1,,,,,,avg_1_2,,,1,1,,,,,,,,,,,,,,,,,,,,,,31,,,,False
delay,,,,,,,,1,,,,,,,,,,,,,,,,,,,,,,,,,,,,,,,,,,,,,,,,,,,,,,32,,,,False
subtitle,还记得，离开沉睡之处，见到的残破不堪的世界。,,,,,,0.04,,300,370,left,24,700,,,,,,,,,,,,,,,,,,,,,,,,,,,,,,,,,,,,,,,,,33,,,,False
blocker,,,,,,,,,,,,,,0,0,0,0,,,,,1,true,,,,,,,,,,,,,,,,,,,,,,,,,,,,,,,34,,,,False
delay,,,,,,,,2,,,,,,,,,,,,,,,,,,,,,,,,,,,,,,,,,,,,,,,,,,,,,,35,,,,False
blocker,,,,,,,,,,,,,,,,,,,,,,2,true,,,,,,,,,,,,,,,,,,,,,,,,,,,,,,,36,,,,False
delay,,,,,,,,1,,,,,,,,,,,,,,,,,,,,,,,,,,,,,,,,,,,,,,,,,,,,,,37,,,,False
subtitle,还记得，无数敌人藏匿其中，虎视眈眈。,,,,,,0.04,,300,370,left,24,700,,,,,,,,,,,,,,,,,,,,,,,,,,,,,,,,,,,,,,,,,38,,,,False
blocker,,,,,,,,,,,,,,1,0,0,0,,,,,,true,,,,,,,,,,,,,,,,,,,,,,,,,,,,,,,39,,,,False
character,,,,,,,,,,,,,,,,,,,,,,0,,,,,,,,,,,,,,,,,,,,,,,,,,,,,,,,40,,,,False
background,,,,,,,,,,,,,,,,,,,,,,0,,,,,,,,,,,,,,,,,,,,,,,,,,,,,,,,41,,,,False
image,,,,,,,,,0,-50,,,,,,,,,,,,1,,,,,,avg_1_1,,,1.2,1.2,,,,,,,,,,,,,,,,,,,,,,42,,,,False
imagetween,,,,,,,,,,,,,,,,,,,,,,,false,,,,,,,,,,,0,-50,0,0,1.2,1.2,1,1,10,,,,,,,,,,,,43,,,,False
blocker,,,,,,,,,,,,,,0,,,,,,,,1,true,,,,,,,,,,,,,,,,,,,,,,,,,,,,,,,44,,,,False
name,哼，逃跑......,,,,,,,,,,,,,,,,,,,,,,,,,,,,,？？？,,,,,,,,,,,,,,,,,,,,,,,,45,哼，逃跑......,ふん、逃げるのか……,？？？,True
name,又能逃到哪里？,,,,,,,,,,,,,,,,,,,,,,,,,,,,,？？？,,,,,,,,,,,,,,,,,,,,,,,,46,又能逃到哪里？,またどこへ逃げられるというのか？,？？？,True
name,去，撕碎他们。,,,,,,,,,,,,,,,,,,,,,,,,,,,,,？？？,,,,,,,,,,,,,,,,,,,,,,,,47,去，撕碎他们。,行け、奴らを引き裂け。,？？？,True
blocker,,,,,,,,,,,,,,1,0,0,0,,,,,3,true,,,,,,,,,,,,,,,,,,,,,,,,,,,,,,,48,,,,False
image,,,,,,,,,,,,,,,,,,,,,,0,,,,,,,,,,,,,,,,,,,,,,,,,,,,,,,,49,,,,False
delay,,,,,,,,0.6,,,,,,,,,,,,,,,,,,,,,,,,,,,,,,,,,,,,,,,,,,,,,,50,,,,False
playmusic,,$calamity_loop,,,$calamity_intro,0.8,0.5,,,,,,,,,,,,,,,,,,,,,,,,,,1.5,,,,,,,,,,,,,,,,,,,,,51,,,,False
blocker,,,,,,,,,,,,,,,,,,,,,,,true,,,,,,,,,,,,,,,,,,,,,,,,,,,,,,,52,,,,False
subtitle,依然记得，在与敌人的一波波战斗中，天灾就这样爆发了。,,,,,,0.04,,300,370,left,24,700,,,,,,,,,,,,,,,,,,,,,,,,,,,,,,,,,,,,,,,,,53,,,,False
blocker,,,,,,,,,,,,,,1,0,0,0,,,,,,true,,,,,,,,,,,,,,,,,,,,,,,,,,,,,,,54,,,,False
background,,,,,,,,,,,,,,,,,,,,,,,,,,,,bg_cher_10,,,,,,,,,,,,,,,,,,,,,,,,,,55,,,,False
playsound,,$d_gen_explo_n,,,,,,,,,,,,,,,,,,,,,,,,,,,,,,,,,,,,,,,,,,,,,,,,,,,,56,,,,False
camerashake,,,,,,,,,,,,,,,,,,,,,,,,,,,,,,,,,,,,,,,,,,1,3,5,30,90,false,,,,,,,57,,,,False
blocker,,,,,,,,,,,,,,0,0,0,0,,,,,3,true,,,,,,,,,,,,,,,,,,,,,,,,,,,,,,,58,,,,False
delay,,,,,,,,1,,,,,,,,,,,,,,,,,,,,,,,,,,,,,,,,,,,,,,,,,,,,,,59,,,,False
blocker,,,,,,,,,,,,,,1,0,0,0,,,,,3,true,,,,,,,,,,,,,,,,,,,,,,,,,,,,,,,60,,,,False
subtitle,以及比天灾更可怕的敌人。,,,,,,0.04,,300,370,left,24,700,,,,,,,,,,,,,,,,,,,,,,,,,,,,,,,,,,,,,,,,,61,,,,False
blocker,,,,,,,,,,,,,,0,0,0,0,,,,,0.5,true,,,,,,,,,,,,,,,,,,,,,,,,,,,,,,,62,,,,False
playsound,,$d_gen_thunders_amb,,,,0.3,,,,,,,,,,,,,,,,,,,,,,,,,,,,,,,,,,,,,,,,,,,,,,,,63,,,,False
playsound,,$b_char_defboost,,,,0.3,,,,,,,,,,,,,,,,,,,,,,,,,,,,,,,,,,,,,,,,,,0.4,,,,,,64,,,,False
blocker,,,,,,,,,,,,,,1,1,1,1,,,,,0.2,true,,,,,,,,,,,,,,,,,,,,,,,,,,,,,,,65,,,,False
dialog,,,,,,,,0.5,,,,,,,,,,,,,,,,,,,,,,,,,,,,,,,,,,,,,,,,,,,,,,66,,,,False
delay,,,,,,,,1,,,,,,,,,,,,,,,,,,,,,,,,,,,,,,,,,,,,,,,,,,,,,,67,,,,False
image,,,,,,,,,0,-50,,,,,,,,,,,,0,,,,,,avg_11_1,,,1.3,1.3,,,,,,,,,,,,,,,,,,,,,,68,,,,False
imagetween,,,,,,,,,,,,,,,,,,,,,,,false,,,,,,,,,,,-100,-50,0,0,1.3,1.3,1,1,35,,,,,,,,,,,,69,,,,False
blocker,,,,,,,,,,,,,,0,0,0,,,,,,2,true,,,,,,,,,,,,,,,,,,,,,,,,,,,,,,,70,,,,False
name,我将赐予你们一个我十分喜爱的结局。,,,,,,,,,,,,,,,,,,,,,,,,,,,,,塔露拉,,,,,,,,,,,,,,,,,,,,,,,,71,我将赐予你们一个我十分喜爱的结局。,私が大好きな結末を皆さんに与えましょう。,タルラ,True
name,——毁灭。,,,,,,,,,,,,,,,,,,,,,,,,,,,,,塔露拉,,,,,,,,,,,,,,,,,,,,,,,,72,——毁灭。,——滅びを。,タルラ,True
blocker,,,,,,,,,,,,,,1,0,0,0,,,,,2,true,,,,,,,,,,,,,,,,,,,,,,,,,,,,,,,73,,,,False
image,,,,,,,,,,,,,,,,,,,,,,0,,,,,,,,,,,,,,,,,,,,,,,,,,,,,,,,74,,,,False
delay,,,,,,,,0.6,,,,,,,,,,,,,,,,,,,,,,,,,,,,,,,,,,,,,,,,,,,,,,75,,,,False
blocker,,,,,,,,,,,,,,,,,,,,,,,true,,,,,,,,,,,,,,,,,,,,,,,,,,,,,,,76,,,,False
stopmusic,,,,,,,,,,,,,,,,,,,,,,5,,,,,,,,,,,,,,,,,,,,,,,,,,,,,,,,77,,,,False
blocker,,,,,,,,,,,,,,0,0,0,0,,,,,3,true,,,,,,,,,,,,,,,,,,,,,,,,,,,,,,,78,,,,False
subtitle,大家付出了大量的牺牲，付出了沉重的代价。,,,,,,0.04,,300,370,left,24,700,,,,,,,,,,,,,,,,,,,,,,,,,,,,,,,,,,,,,,,,,79,,,,False
subtitle,每个人的名字，每个人的样貌，你都牢牢记得。,,,,,,0.04,,300,370,left,24,700,,,,,,,,,,,,,,,,,,,,,,,,,,,,,,,,,,,,,,,,,80,,,,False
blocker,,,,,,,,,,,,,,1,0,0,0,,,,,2,true,,,,,,,,,,,,,,,,,,,,,,,,,,,,,,,81,,,,False
character,,,,,,,,,,,,,,,,,,,,,,0,,,,,,,,,,,,,,,,,,,,,,,,,,,,,,,,82,,,,False
subtitle,即使如此，也没有多少时间留给你去熟悉罗德岛的一切。,,,,,,0.04,,300,370,left,24,700,,,,,,,,,,,,,,,,,,,,,,,,,,,,,,,,,,,,,,,,,83,,,,False
delay,,,,,,,,1,,,,,,,,,,,,,,,,,,,,,,,,,,,,,,,,,,,,,,,,,,,,,,84,,,,False
subtitle,切尔诺伯格的暴动只是个开始，罗德岛不得不马上前往龙门。,,,,,,0.04,,300,370,left,24,700,,,,,,,,,,,,,,,,,,,,,,,,,,,,,,,,,,,,,,,,,85,,,,False
subtitle,因为龙门很有可能会成为整合运动无差别攻击的下一个目标。,,,,,,0.04,,300,370,left,24,700,,,,,,,,,,,,,,,,,,,,,,,,,,,,,,,,,,,,,,,,,86,,,,False
delay,,,,,,,,1,,,,,,,,,,,,,,,,,,,,,,,,,,,,,,,,,,,,,,,,,,,,,,87,,,,False
background,,,,,,,,,,,,,1,,,,,,,,,,,,,,,bg_lungmen_b,,,,,,,,,,,,,,,,,,,,,1,,,,,88,,,,False
character,,,,,,,,,,,,,,,,,,,,,,,,,,,,,,char_012_misa_1,,,,,,,,,,,,,,,,,,,,,,,,89,,,,False
blocker,,,,,,,,,,,,,,0,,,,,,,,3,false,,,,,,,,,,,,,,,,,,,,,,,,,,,,,,,90,,,,False
delay,,,,,,,,3,,,,,,,,,,,,,,,,,,,,,,,,,,,,,,,,,,,,,,,,,,,,,,91,,,,False
blocker,,,,,,,,,,,,,,1,0,0,0,,,,,2,true,,,,,,,,,,,,,,,,,,,,,,,,,,,,,,,92,,,,False
subtitle,为了取得龙门总督魏彦吾的信任，罗德岛来到贫民区进行调查。,,,,,,0.04,,300,370,left,24,700,,,,,,,,,,,,,,,,,,,,,,,,,,,,,,,,,,,,,,,,,93,,,,False
subtitle,记得在这里，到处都能看到感染者的疾苦。,,,,,,0.04,,300,370,left,24,700,,,,,,,,,,,,,,,,,,,,,,,,,,,,,,,,,,,,,,,,,94,,,,False
delay,,,,,,,,1,,,,,,,,,,,,,,,,,,,,,,,,,,,,,,,,,,,,,,,,,,,,,,95,,,,False
subtitle,以及在疾苦之下，已经渗透进入的，誓要反抗的整合运动。,,,,,,0.04,,300,370,left,24,700,,,,,,,,,,,,,,,,,,,,,,,,,,,,,,,,,,,,,,,,,96,,,,False
image,,,,,,,,,,,,,,,,,,,,,,0.5,,,,,,bg_1_back,,,1,"1,",,,,,,,,,,,,,,,,,,,,,,97,,,,False
blocker,,,,,,,,,,,,,,0,0,0,0,,,,,2,true,,,,,,,,,,,,,,,,,,,,,,,,,,,,,,,98,,,,False
delay,,,,,,,,1,,,,,,,,,,,,,,,,,,,,,,,,,,,,,,,,,,,,,,,,,,,,,,99,,,,False
blocker,,,,,,,,,,,,,,1,,,,,,,,3,true,,,,,,,,,,,,,,,,,,,,,,,,,,,,,,,100,,,,False
image,,,,,,,,,,,,,,,,,,,,,,0.5,,,,,,bg_1_firstcontact,,,1,"1,",,,,,,,,,,,,,,,,,,,,,,101,,,,False
blocker,,,,,,,,,,,,,,0,,,,,,,,2,true,,,,,,,,,,,,,,,,,,,,,,,,,,,,,,,102,,,,False
delay,,,,,,,,2,,,,,,,,,,,,,,,,,,,,,,,,,,,,,,,,,,,,,,,,,,,,,,103,,,,False
blocker,,,,,,,,,,,,,,1,,,,,,,,3,true,,,,,,,,,,,,,,,,,,,,,,,,,,,,,,,104,,,,False
subtitle,还记得，那个仅仅是被卷入其中的少女，她却是整合运动真正的目标。,,,,,,0.04,,300,370,left,24,700,,,,,,,,,,,,,,,,,,,,,,,,,,,,,,,,,,,,,,,,,105,,,,False
subtitle,那个本来生性善良的她，最终选择了拿起武器拯救自己的同胞。,,,,,,0.04,,300,370,left,24,700,,,,,,,,,,,,,,,,,,,,,,,,,,,,,,,,,,,,,,,,,106,,,,False
subtitle,还记得，她自己却并没有得到拯救。,,,,,,0.04,,300,370,left,24,700,,,,,,,,,,,,,,,,,,,,,,,,,,,,,,,,,,,,,,,,,107,,,,False
playsound,,$e_skill_skulsrexplo,,,,0.3,,,,,,,,,,,,,,,,,,,,,,,,,,,,,,,,,,,,,,,,,,,,,,,,108,,,,False
delay,,,,,,,,1,,,,,,,,,,,,,,,,,,,,,,,,,,,,,,,,,,,,,,,,,,,,,,109,,,,False
camerashake,,,,,,,,,,,,,,,,,,,,,,,false,,,,,,,,,,,,,,,,,,,1,8,6,30,90,true,,,,,,,110,,,,False
playsound,,$d_sp_chixiaobadao,,,,,,,,,,,,,,,,,,,,,,,,,,,,,,,,,,,,,,,,,,,,,,,,,,,,111,,,,False
delay,,,,,,,,2,,,,,,,,,,,,,,,,,,,,,,,,,,,,,,,,,,,,,,,,,,,,,,112,,,,False
image,,,,,,,,,,,,,,,,,,,,,,1,,,,,,bg_0_coma,,,,,,,,,,,,,,,,,,,,,,,,,,113,,,,False
blocker,,,,,,,,,,,,,,0,,,,,,,,3,true,,,,,,,,,,,,,,,,,,,,,,,,,,,,,,,114,,,,False
delay,,,,,,,,1.3,,,,,,,,,,,,,,,,,,,,,,,,,,,,,,,,,,,,,,,,,,,,,,115,,,,False
name,人总是会超出预期。,,,,,,,,,,,,,,,,,,,,,,,,,,,,,陈,,,,,,,,,,,,,,,,,,,,,,,,116,人总是会超出预期。,人は常に期待を超えるものだ。,チェン,True
name,感染者更会如此。,,,,,,,,,,,,,,,,,,,,,,,,,,,,,陈,,,,,,,,,,,,,,,,,,,,,,,,117,感染者更会如此。,感染者はなおさらだ。,チェン,True
name,力量使人疯狂，欲望使人堕落。,,,,,,,,,,,,,,,,,,,,,,,,,,,,,陈,,,,,,,,,,,,,,,,,,,,,,,,118,力量使人疯狂，欲望使人堕落。,力は人を狂わせ、欲望は人を堕落させる。,チェン,True
name,像癌症一样，一点点侵蚀着所有美好的事物。,,,,,,,,,,,,,,,,,,,,,,,,,,,,,陈,,,,,,,,,,,,,,,,,,,,,,,,119,像癌症一样，一点点侵蚀着所有美好的事物。,まるで癌のように、少しずつすべての美しいものを蝕んでいく。,チェン,True
name,......,,,,,,,,,,,,,,,,,,,,,,,,,,,,,阿米娅,,,,,,,,,,,,,,,,,,,,,,,,120,......,......,アーミヤ,True
delay,,,,,,,,1,,,,,,,,,,,,,,,,,,,,,,,,,,,,,,,,,,,,,,,,,,,,,,121,,,,False
name,如果你想留着，就留着吧。,,,,,,,,,,,,,,,,,,,,,,,,,,,,,陈,,,,,,,,,,,,,,,,,,,,,,,,122,如果你想留着，就留着吧。,もし残しておきたいなら、残しておけ。,チェン,True
name,总有一天，这种面具会堆满你的房间。,,,,,,,,,,,,,,,,,,,,,,,,,,,,,陈,,,,,,,,,,,,,,,,,,,,,,,,123,总有一天，这种面具会堆满你的房间。,いつか、こうした仮面が君の部屋を埋め尽くすことになるぞ。,チェン,True
name,所有人都要为他们的选择承担后果。感染者与否，都没有区别。,,,,,,,,,,,,,,,,,,,,,,,,,,,,,陈,,,,,,,,,,,,,,,,,,,,,,,,124,所有人都要为他们的选择承担后果。感染者与否，都没有区别。,誰もが自分の選択の結果を背負うことになる。感染者か否かは関係ない。,チェン,True
stopmusic,,,,,,,,,,,,,,,,,,,,,,3,,,,,,,,,,,,,,,,,,,,,,,,,,,,,,,,125,,,,False
blocker,,,,,,,,,,,,,,1,0,0,0,,,,,3,true,,,,,,,,,,,,,,,,,,,,,,,,,,,,,,,126,,,,False
image,,,,,,,,,,,,,,,,,,,,,,0,,,,,,,,,,,,,,,,,,,,,,,,,,,,,,,,127,,,,False
playmusic,,$nervous_loop,,,$nervous_intro,0.8,0,,,,,,,,,,,,,,,,,,,,,,,,,,,,,,,,,,,,,,,,,,,,,,,128,,,,False
subtitle,记得与此同时，侦察小队在切尔诺伯格分区中，也发现了聚集的整合运动。,,,,,,0.04,,300,370,left,24,700,,,,,,,,,,,,,,,,,,,,,,,,,,,,,,,,,,,,,,,,,129,,,,False
image,,,,,,,,,,,,,,,,,,,,,,0,,,,,,bg_0_guard,,,1,1,,,,,,,,,,,,,,,,,,,,,,130,,,,False
blocker,,,,,,,,,,,,,,0,,,,,,,,0.6,true,,,,,,,,,,,,,,,,,,,,,,,,,,,,,,,131,,,,False
name,他们逃了。,,,,,,,,,,,,,,,,,,,,,,,,,,,,,梅菲斯特,,,,,,,,,,,,,,,,,,,,,,,,132,他们逃了。,奴らは逃げた。,メフィスト,True
name,他们反应很快。在我们动手之前，就逃了。,,,,,,,,,,,,,,,,,,,,,,,,,,,,,梅菲斯特,,,,,,,,,,,,,,,,,,,,,,,,133,他们反应很快。在我们动手之前，就逃了。,反応が速かった。我々が動く前に逃げていた。,メフィスト,True
name,解开了地区锁，开足了马力，动用一切移动手段——,,,,,,,,,,,,,,,,,,,,,,,,,,,,,梅菲斯特,,,,,,,,,,,,,,,,,,,,,,,,134,解开了地区锁，开足了马力，动用一切移动手段——,エリアロックを解除し、全力を出して、あらゆる移動手段を使って――,メフィスト,True
name,但他们又能逃到哪里去呢？,,,,,,,,,,,,,,,,,,,,,,,,,,,,,梅菲斯特,,,,,,,,,,,,,,,,,,,,,,,,135,但他们又能逃到哪里去呢？,だが、どこへ逃げられるのか？,メフィスト,True
blocker,,,,,,,,,,,,,,1,0,0,0,,,,,0.6,true,,,,,,,,,,,,,,,,,,,,,,,,,,,,,,,136,,,,False
image,,,,,,,,,,,,,,,,,,,,,,0,,,,,,,,,,,,,,,,,,,,,,,,,,,,,,,,137,,,,False
blocker,,,,,,,,,,,,,,0,,,,,,,,0.6,true,,,,,,,,,,,,,,,,,,,,,,,,,,,,,,,138,,,,False
subtitle,记得在营救陷入危机的小队的过程中，第一次见到了如冰霜般的少女。,,,,,,0.04,,300,370,left,24,700,,,,,,,,,,,,,,,,,,,,,,,,,,,,,,,,,,,,,,,,,139,,,,False
image,,,,,,,,,,,,,,,,,,,,,,2,true,,,,,avg_40_2,,,1.3,1.3,,,,,,,,,,,,,,,,,,,,,,140,,,,False
playsound,,$d_gen_surfacefrozen,,,,0.8,,,,,,,,,,,,,,,,,,,,,,,,,,,,,,,,,,,,,,,,,,,,,,,,141,,,,False
blocker,,,,,,,,,,,,,,0,,,,,,,,2,true,,,,,,,,,,,,,,,,,,,,,,,,,,,,,,,142,,,,False
blocker,,,,,,,,,,,,,,0.7,1,1,1,,,,,0.3,true,,,,,,,,,,,,,,,,,,,,,,,,,,,2,,,,143,,,,False
blocker,,,,,,,,,,,,,,0,,,,,,,,3,true,,,,,,,,,,,,,,,,,,,,,,,,,,,,,,,144,,,,False
delay,,,,,,,,1.5,,,,,,,,,,,,,,,,,,,,,,,,,,,,,,,,,,,,,,,,,,,,,,145,,,,False
stopmusic,,,,,,,,,,,,,,,,,,,,,,3,,,,,,,,,,,,,,,,,,,,,,,,,,,,,,,,146,,,,False
blocker,,,,,,,,,,,,,,1,0,0,0,,,,,3,true,,,,,,,,,,,,,,,,,,,,,,,,,,,,,,,147,,,,False
image,,,,,,,,,,,,,,,,,,,,,,0,,,,,,,,,,,,,,,,,,,,,,,,,,,,,,,,148,,,,False
delay,,,,,,,,1,,,,,,,,,,,,,,,,,,,,,,,,,,,,,,,,,,,,,,,,,,,,,,149,,,,False
subtitle,还记得，这也是整合运动的陷阱。,,,,,,0.04,,300,370,left,24,700,,,,,,,,,,,,,,,,,,,,,,,,,,,,,,,,,,,,,,,,,150,,,,False
playmusic,,$batmeeting_loop,,,$batmeeting_intro,0.8,0,,,,,,,,,,,,,,,,,,,,,,,,,,,,,,,,,,,,,,,,,,,,,,,151,,,,False
subtitle,记得，在近卫局兵力都追击外沿的整合运动残兵之时。,,,,,,0.04,,300,370,left,24,700,,,,,,,,,,,,,,,,,,,,,,,,,,,,,,,,,,,,,,,,,152,,,,False
subtitle,敌人从内部发起进攻，以近卫局为中心，袭击了龙门。,,,,,,0.04,,300,370,left,24,700,,,,,,,,,,,,,,,,,,,,,,,,,,,,,,,,,,,,,,,,,153,,,,False
image,,,,,,,,,,,,,,,,,,,,,,1,true,,,,,avg_40_4,,,1.1,1.1,,,,,,,,,,,,,,,,,,,,,,154,,,,False
blocker,,,,,,,,,,,,,,0,,,,,,,,3,false,,,,,,,,,,,,,,,,,,,,,,,,,,,,,,,155,,,,False
delay,,,,,,,,1,,,,,,,,,,,,,,,,,,,,,,,,,,,,,,,,,,,,,,,,,,,,,,156,,,,False
name,——我已经安全了。,,,,,,,,,,,,,,,,,,,,,,,,,,,,,陈,,,,,,,,,,,,,,,,,,,,,,,,157,——我已经安全了。,——私はもう無事だ。,チェン,True
name,但......,,,,,,,,,,,,,,,,,,,,,,,,,,,,,陈,,,,,,,,,,,,,,,,,,,,,,,,158,但......,でも……,チェン,True
name,......,,,,,,,,,,,,,,,,,,,,,,,,,,,,,陈,,,,,,,,,,,,,,,,,,,,,,,,159,......,......,チェン,True
name,......整合运动已经攻占了近卫局的一处重要设施，正在强行打开贫民区与外城的通路。,,,,,,,,,,,,,,,,,,,,,,,,,,,,,陈,,,,,,,,,,,,,,,,,,,,,,,,160,......整合运动已经攻占了近卫局的一处重要设施，正在强行打开贫民区与外城的通路。,……整合運動は既に警備局の重要な施設を制圧し、スラムと外城の通路をこじ開けているところだ。,チェン,True
blocker,,,,,,,,,,,,,,1,0,0,0,,,,,2,true,,,,,,,,,,,,,,,,,,,,,,,,,,,,,,,161,,,,False
delay,,,,,,,,0.3,,,,,,,,,,,,,,,,,,,,,,,,,,,,,,,,,,,,,,,,,,,,,,162,,,,False
background,,,,,,,,,,,,,,,,,,,,,,,,,,,,bg_uptown_2,,,,,,,,,,,,,,,,,,,,,,,coverall,,,163,,,,False
character,,,,,,,,,,,,,,,,,,,,,,,,,,,,,,char_010_chen_1,,,,,,,,,,,,,,,,,,,,,,,,164,,,,False
playsound,,$rungeneral,,,,1,,,,,,,,,,,,,,,,,,,,,,,,,,,,,,,,,,,,,,,,,,,,,,,,165,,,,False
blocker,,,,,,,,,,,,,,0,,,,,,,,2,true,,,,,,,,,,,,,,,,,,,,,,,,,,,,,,,166,,,,False
blocker,,,,,,,,,,,,,,1,0,0,0,,,,,2,true,,,,,,,,,,,,,,,,,,,,,,,,,,,,,,,167,,,,False
subtitle,记得，年轻的督察誓要靠自己的力量夺回近卫局，击溃在龙门暴动的敌人。,,,,,,0.04,,300,370,left,24,700,,,,,,,,,,,,,,,,,,,,,,,,,,,,,,,,,,,,,,,,,168,,,,False
blocker,,,,,,,,,,,,,,1,0,0,0,,,,,2,true,,,,,,,,,,,,,,,,,,,,,,,,,,,,,,,169,,,,False
background,,,,,,,,,,,,,1,,,,,,,,,,,,,,,bg_emporium,,,,,,,,,,,,,,,,,,,,,1,,coverall,,,170,,,,False
blocker,,,,,,,,,,,,,,0,,,,,,,,1,true,,,,,,,,,,,,,,,,,,,,,,,,,,,,,,,171,,,,False
delay,,,,,,,,1,,,,,,,,,,,,,,,,,,,,,,,,,,,,,,,,,,,,,,,,,,,,,,172,,,,False
blocker,,,,,,,,,,,,,,1,0,0,0,,,,,2,true,,,,,,,,,,,,,,,,,,,,,,,,,,,,,,,173,,,,False
subtitle,记得，她也经历了挫折，但是依然不屈不挠。,,,,,,0.04,,300,370,left,24,700,,,,,,,,,,,,,,,,,,,,,,,,,,,,,,,,,,,,,,,,,174,,,,False
blocker,,,,,,,,,,,,,,1,0,0,0,,,,,0.6,true,,,,,,,,,,,,,,,,,,,,,,,,,,,,,,,175,,,,False
image,,,,,,,,,,,,,,,,,,,,,,0,,,,,,avg_5_5_chen,,,1,1,,,,,,,,,,,,,,,,,,,,,,176,,,,False
imagetween,,,,,,,,,,,,,,,,,,,,,,,,,,,,avg_5_5_chen,,,,,,,,,,,,1.15,1.15,20,,,,,,,,,,,,177,,,,False
blocker,,,,,,,,,,,,,,0,,,,,,,,0.6,true,,,,,,,,,,,,,,,,,,,,,,,,,,,,,,,178,,,,False
name,也许我确实变了。时间久了，我对龙门的不满越来越少，相信我的人也越来越多。,,,,,,,,,,,,,,,,,,,,,,,,,,,,,陈,,,,,,,,,,,,,,,,,,,,,,,,179,也许我确实变了。时间久了，我对龙门的不满越来越少，相信我的人也越来越多。,確かに私は変わったかもしれない。時間が経つにつれ、龍門への不満は減り、私を信じる者も増えた。,チェン,True
name,你也不再仅仅是星熊督察了，你是我的朋友，我的搭档，星熊。,,,,,,,,,,,,,,,,,,,,,,,,,,,,,陈,,,,,,,,,,,,,,,,,,,,,,,,180,你也不再仅仅是星熊督察了，你是我的朋友，我的搭档，星熊。,お前はもうホシグマの監察官だけじゃない、お前は私の友であり、パートナーだ、ホシグマ。,チェン,True
name,你的盾，你替我撑了这么久；偶尔也要允许我做一回你的盾牌，星熊。,,,,,,,,,,,,,,,,,,,,,,,,,,,,,陈,,,,,,,,,,,,,,,,,,,,,,,,181,你的盾，你替我撑了这么久；偶尔也要允许我做一回你的盾牌，星熊。,ずっとお前の盾でいてくれたが、たまには私もお前の盾をさせてくれ、ホシグマ。,チェン,True
name,哗。你说这话脸都不红一下的吗？,,,,,,,,,,,,,,,,,,,,,,,,,,,,,星熊,,,,,,,,,,,,,,,,,,,,,,,,182,哗。你说这话脸都不红一下的吗？,はぁ。そんなこと言って、顔も赤くならないの？,ホシグマ,True
delay,,,,,,,,0.3,,,,,,,,,,,,,,,,,,,,,,,,,,,,,,,,,,,,,,,,,,,,,,183,,,,False
blocker,,,,,,,,,,,,,,,,,,,,,,1,true,,,,,,,,,,,,,,,,,,,,,,,,,,,,,,,184,,,,False
blocker,,,,,,,,,,,,,,1,0,0,0,,,,,0.6,true,,,,,,,,,,,,,,,,,,,,,,,,,,,,,,,185,,,,False
background,,,,,,,,,,,,,1,,,,,,,,,,,,,,,bg_building_3,,,,,,,,,,,,,,,,,,,,,1,,coverall,,,186,,,,False
blocker,,,,,,,,,,,,,,0,,,,,,,,0.6,true,,,,,,,,,,,,,,,,,,,,,,,,,,,,,,,187,,,,False
delay,,,,,,,,1,,,,,,,,,,,,,,,,,,,,,,,,,,,,,,,,,,,,,,,,,,,,,,188,,,,False
blocker,,,,,,,,,,,,,,1,0,0,0,,,,,0.6,true,,,,,,,,,,,,,,,,,,,,,,,,,,,,,,,189,,,,False
image,,,,,,,,,,,,,,,,,,,,,,0,,,,,,bg_5_6_police,,,1,1,,,,,,,,,,,,,,,,,,,,,,190,,,,False
imagetween,,,,,,,,,,,,,,,,,,,,,,,,,,,,bg_5_6_police,,,,,,,,,,,,1.3,1.3,20,,,,,,,,,,,,191,,,,False
blocker,,,,,,,,,,,,,,0,,,,,,,,0.6,true,,,,,,,,,,,,,,,,,,,,,,,,,,,,,,,192,,,,False
name,但无论如何，我们都是近卫局，我们不是暴徒，不是罪犯。,,,,,,,,,,,,,,,,,,,,,,,,,,,,,陈,,,,,,,,,,,,,,,,,,,,,,,,193,但无论如何，我们都是近卫局，我们不是暴徒，不是罪犯。,でも、どんな時も私たちは警備局員だ。暴徒ではないし、犯罪者でもない。,チェン,True
name,我们要夺回近卫局，未必是出于尊严或者正义。,,,,,,,,,,,,,,,,,,,,,,,,,,,,,陈,,,,,,,,,,,,,,,,,,,,,,,,194,我们要夺回近卫局，未必是出于尊严或者正义。,警備局を奪還するのは、必ずしも名誉や正義のためではない。,チェン,True
name,我们是龙门近卫局，我们拿回属于我们自己的东西，这已经足够了。,,,,,,,,,,,,,,,,,,,,,,,,,,,,,陈,,,,,,,,,,,,,,,,,,,,,,,,195,我们是龙门近卫局，我们拿回属于我们自己的东西，这已经足够了。,私たちは龍門警備局だ。自分のものを取り戻す、それで充分だ。,チェン,True
name,不要让龙门为我们担忧。记住了吗！服从，尽职，坚定！,,,,,,,,,,,,,,,,,,,,,,,,,,,,,陈,,,,,,,,,,,,,,,,,,,,,,,,196,不要让龙门为我们担忧。记住了吗！服从，尽职，坚定！,龍門に心配をかけるな。覚えておけ！服従、責任、揺るがぬ意志だ！,チェン,True
name,是时候了，就让我们去摧毁近卫局里的所有整合运动！,,,,,,,,,,,,,,,,,,,,,,,,,,,,,陈,,,,,,,,,,,,,,,,,,,,,,,,197,是时候了，就让我们去摧毁近卫局里的所有整合运动！,時が来た。警備局の中のすべての整合運動を壊滅させよう！,チェン,True
blocker,,,,,,,,,,,,,,1,0,0,0,,,,,0.6,true,,,,,,,,,,,,,,,,,,,,,,,,,,,,,,,198,,,,False
subtitle,记得她充满了勇气，勇闯敌阵。,,,,,,0.04,,300,370,left,24,700,,,,,,,,,,,,,,,,,,,,,,,,,,,,,,,,,,,,,,,,,199,,,,False
image,,,,,,,,,,,,,,,,,,,,,,1,,,,,,,,,,,,,,,,,,,,,,,,,,,,,,,,200,,,,False
blocker,,,,,,,,,,,,,,0.7,1,0,0,,,,,0.02,true,,,,,,,,,,,,,,,,,,,,,,,,,,,,,,,201,,,,False
image,,,,,,,,,,,,,,,,,,,,,,,,,,,,avg_5_7_chen_2,,,,,,,,,,,,,,,,,,,,,,,coverall,,,202,,,,False
imagetween,,,,,,,,,,,,,,,,,,,,,,,true,,,,,,,,,,,0,0,30,30,1,1,1.6,1.6,0.01,,,,,,,,,,,,203,,,,False
blocker,,,,,,,,,,,,,,0,1,0,0,,,,,0.1,true,,,,,,,,,,,,,,,,,,,,,,,,,,,,,,,204,,,,False
camerashake,,,,,,,,,,,,,,,,,,,,,,,false,,,,,,,,,,,,,,,,,,,1,8,6,30,90,true,,,,,,,205,,,,False
playsound,,$d_sp_chixiaobadao,,,,,,,,,,,,,,,,,,,,,,,,,,,,,,,,,,,,,,,,,,,,,,,,,,,,206,,,,False
blocker,,,,,,,,,,,,,,0.7,1,0,0,,,,,0.02,true,,,,,,,,,,,,,,,,,,,,,,,,,,,,,,,207,,,,False
blocker,,,,,,,,,,,,,,0,1,0,0,,,,,0.25,true,,,,,,,,,,,,,,,,,,,,,,,,,,,,,,,208,,,,False
image,,,,,,,,,,,,,,,,,,,,,,,,,,,,avg_5_7_chen_2,,,,,,,,,,,,,,,,,,,,,,,coverall,,,209,,,,False
imagetween,,,,,,,,,,,,,,,,,,,,,,,true,,,,,,,,,,,0,0,-30,-60,1,1,1.2,1.2,0.01,,,,,,,,,,,,210,,,,False
camerashake,,,,,,,,,,,,,,,,,,,,,,,false,,,,,,,,,,,,,,,,,,,1,8,6,30,90,true,,,,,,,211,,,,False
playsound,,$d_sp_chixiaobadao,,,,,,,,,,,,,,,,,,,,,,,,,,,,,,,,,,,,,,,,,,,,,,,,,,,,212,,,,False
blocker,,,,,,,,,,,,,,0.7,1,0,0,,,,,0.02,true,,,,,,,,,,,,,,,,,,,,,,,,,,,,,,,213,,,,False
blocker,,,,,,,,,,,,,,0,1,0,0,,,,,0.25,true,,,,,,,,,,,,,,,,,,,,,,,,,,,,,,,214,,,,False
image,,,,,,,,,,,,,,,,,,,,,,,,,,,,avg_5_7_chen_2,,,,,,,,,,,,,,,,,,,,,,,coverall,,,215,,,,False
camerashake,,,,,,,,,,,,,,,,,,,,,,,false,,,,,,,,,,,,,,,,,,,3,8,6,30,90,true,,,,,,,216,,,,False
blocker,,,,,,,,,,,,,,0.7,0.95,0.95,0.95,,,,,0.02,true,,,,,,,,,,,,,,,,,,,,,,,,,,,,,,,217,,,,False
playsound,,$d_sp_ballista,,,,,,,,,,,,,,,,,,,,,,,,,,,,,,,,,,,,,,,,,,,,,,,,,,,,218,,,,False
blocker,,,,,,,,,,,,,,0,0.95,0.95,0.95,,,,,0.25,true,,,,,,,,,,,,,,,,,,,,,,,,,,,,,,,219,,,,False
delay,,,,,,,,1,,,,,,,,,,,,,,,,,,,,,,,,,,,,,,,,,,,,,,,,,,,,,,220,,,,False
name,长官，我知道你是什么。我的源石技艺只对感染者有效果。,,,,,,,,,,,,,,,,,,,,,,,,,,,,,梅菲斯特,,,,,,,,,,,,,,,,,,,,,,,,221,长官，我知道你是什么。我的源石技艺只对感染者有效果。,隊長、あなたが何者かわかっている。私のオリジニウム技術は感染者にしか効かない。,メフィスト,True
name,我不在乎。,,,,,,,,,,,,,,,,,,,,,,,,,,,,,陈,,,,,,,,,,,,,,,,,,,,,,,,222,我不在乎。,私は気にしない。,チェン,True
name,你知道你只会成为他们的棋子，然后被他们随手丢弃吗？,,,,,,,,,,,,,,,,,,,,,,,,,,,,,梅菲斯特,,,,,,,,,,,,,,,,,,,,,,,,223,你知道你只会成为他们的棋子，然后被他们随手丢弃吗？,君があの者たちのコマになり、すぐに捨てられることになるのを知っているのか？,メフィスト,True
name,这句话，我原封不动地还给你。,,,,,,,,,,,,,,,,,,,,,,,,,,,,,陈,,,,,,,,,,,,,,,,,,,,,,,,224,这句话，我原封不动地还给你。,その言葉、そっくりそのまま返すよ。,チェン,True
camerashake,,,,,,,,,,,,,,,,,,,,,,,false,,,,,,,,,,,,,,,,,,,1,8,6,30,90,true,,,,,,,225,,,,False
playsound,,$d_sp_chixiaobadao,,,,,,,,,,,,,,,,,,,,,,,,,,,,,,,,,,,,,,,,,,,,,,,,,,,,226,,,,False
blocker,,,,,,,,,,,,,,0.7,1,0,0,,,,,0.02,true,,,,,,,,,,,,,,,,,,,,,,,,,,,,,,,227,,,,False
blocker,,,,,,,,,,,,,,0,0,0,0,,,,,0.25,true,,,,,,,,,,,,,,,,,,,,,,,,,,,,,,,228,,,,False
camerashake,,,,,,,,,,,,,,,,,,,,,,,false,,,,,,,,,,,,,,,,,,,1,8,6,30,90,true,,,,,,,229,,,,False
blocker,,,,,,,,,,,,,,0.7,0.95,0.95,0.95,,,,,0.02,true,,,,,,,,,,,,,,,,,,,,,,,,,,,,,,,230,,,,False
playsound,,$d_sp_ballista,,,,,,,,,,,,,,,,,,,,,,,,,,,,,,,,,,,,,,,,,,,,,,,,,,,,231,,,,False
blocker,,,,,,,,,,,,,,0,0,0,0,,,,,0.02,true,,,,,,,,,,,,,,,,,,,,,,,,,,,,,,,232,,,,False
delay,,,,,,,,1,,,,,,,,,,,,,,,,,,,,,,,,,,,,,,,,,,,,,,,,,,,,,,233,,,,False
image,,,,,,,,,,,,,,,,,,,,,,1,,,,,,,,,,,,,,,,,,,,,,,,,,,,,,,,234,,,,False
blocker,,,,,,,,,,,,,,1,0,0,0,,,,,1,true,,,,,,,,,,,,,,,,,,,,,,,,,,,,,,,235,,,,False
subtitle,记得罗德岛赶到的时候，正是战况决定之时。,,,,,,0.04,,300,370,left,24,700,,,,,,,,,,,,,,,,,,,,,,,,,,,,,,,,,,,,,,,,,236,,,,False
image,,,,,,,,,,,,,,,,,,,,,,2,true,,,,,avg_5_8_sky,,,,,,,,,,,,,,,,,,,,,,,coverall,,,237,,,,False
blocker,,,,,,,,,,,,,,0,0,0,0,,,,,1,true,,,,,,,,,,,,,,,,,,,,,,,,,,,,,,,238,,,,False
delay,,,,,,,,1,,,,,,,,,,,,,,,,,,,,,,,,,,,,,,,,,,,,,,,,,,,,,,239,,,,False
camerashake,,,,,,,,,,,,,,,,,,,,,,,false,,,,,,,,,,,,,,,,,,,0.4,8,6,30,30,true,,,,,,,240,,,,False
blocker,,,,,,,,,,,,,,0.7,0.95,0.95,0.95,,,,,0.02,true,,,,,,,,,,,,,,,,,,,,,,,,,,,,,,,241,,,,False
playsound,,$d_sp_ballista,,,,,,,,,,,,,,,,,,,,,,,,,,,,,,,,,,,,,,,,,,,,,,,,,,,,242,,,,False
blocker,,,,,,,,,,,,,,0,0,0,0,,,,,0.25,true,,,,,,,,,,,,,,,,,,,,,,,,,,,,,,,243,,,,False
blocker,,,,,,,,,,,,,,1,0,0,0,,,,,1,true,,,,,,,,,,,,,,,,,,,,,,,,,,,,,,,244,,,,False
blocker,,,,,,,,,,,,,,0,0,0,0,,,,,1,true,,,,,,,,,,,,,,,,,,,,,,,,,,,,,,,245,,,,False
image,,,,,,,,,,,,,,,,,,,,,,2,true,,,,,avg_5_8_homura,,,,,,,,,,,,,,,,,,,,,,,coverall,,,246,,,,False
imagetween,,,,,,,,,,,,,,,,,,,,,,,false,,,,,,,,,,,0,0,0,0,1,1,1.15,1.15,15,,,,,,,,,,,,247,,,,False
blocker,,,,,,,,,,,,,,0,,,,,,,,1,true,,,,,,,,,,,,,,,,,,,,,,,,,,,,,,,248,,,,False
name,——！,,,,,,,,,,,,,,,,,,,,,,,,,,,,,浮士德,,,,,,,,,,,,,,,,,,,,,,,,249,——！,——！,ファウスト,True
name,你泼洒自己的血，用血来点火？,,,,,,,,,,,,,,,,,,,,,,,,,,,,,浮士德,,,,,,,,,,,,,,,,,,,,,,,,250,你泼洒自己的血，用血来点火？,自分の血を撒いて、それで火をつけるのか？,ファウスト,True
name,哈，我难道看起来像个术师吗？那种四处纵火的家伙，最多只是些自我意识过剩的门外汉。,,,,,,,,,,,,,,,,,,,,,,,,,,,,,煌,,,,,,,,,,,,,,,,,,,,,,,,251,哈，我难道看起来像个术师吗？那种四处纵火的家伙，最多只是些自我意识过剩的门外汉。,ハハ、私が術師に見えるか？ああいうあちこち放火する奴なんて、せいぜい自意識過剰な素人さ。,スカジ,True
name,抱歉，这是战斗技巧。现身吧射手们，你们无处可藏了！,,,,,,,,,,,,,,,,,,,,,,,,,,,,,煌,,,,,,,,,,,,,,,,,,,,,,,,252,抱歉，这是战斗技巧。现身吧射手们，你们无处可藏了！,悪いが、これは戦闘技術だ。現れろ射手たち、もう隠れる場所はないぞ！,スカジ,True
blocker,,,,,,,,,,,,,,1,0,0,0,,,,,1,true,,,,,,,,,,,,,,,,,,,,,,,,,,,,,,,253,,,,False
blocker,,,,,,,,,,,,,,1,0,0,0,,,,,1,true,,,,,,,,,,,,,,,,,,,,,,,,,,,,,,,254,,,,False
subtitle,记得夺回近卫局，吹响了全面反击的号角。,,,,,,0.04,,300,370,left,24,700,,,,,,,,,,,,,,,,,,,,,,,,,,,,,,,,,,,,,,,,,255,,,,False
image,,,,,,,,,0,0,,,,,,,,,,,,0,,,,,,avg_6_5,,,1.2,1.2,,,,,,,,,,,,,,,,,,,,,,256,,,,False
playmusic,,$frontline_loop,,,$frontline_intro,0.8,0.5,,,,,,,,,,,,,,,,,,,,,,,,,,1.5,,,,,,,,,,,,,,,,,,,,,257,,,,False
blocker,,,,,,,,,,,,,,0,,,,,,,,1,true,,,,,,,,,,,,,,,,,,,,,,,,,,,,,,,258,,,,False
delay,,,,,,,,1,,,,,,,,,,,,,,,,,,,,,,,,,,,,,,,,,,,,,,,,,,,,,,259,,,,False
blocker,,,,,,,,,,,,,,1,0,0,0,,,,,1,true,,,,,,,,,,,,,,,,,,,,,,,,,,,,,,,260,,,,False
image,,,,,,,,,,,,,,,,,,,,,,0,,,,,,,,,,,,,,,,,,,,,,,,,,,,,,,,261,,,,False
subtitle,记得罗德岛和近卫局分头作战，整合运动节节败退。,,,,,,0.04,,300,370,left,24,700,,,,,,,,,,,,,,,,,,,,,,,,,,,,,,,,,,,,,,,,,262,,,,False
blocker,,,,,,,,,,,,,,1,0,0,0,,,,,0.6,true,,,,,,,,,,,,,,,,,,,,,,,,,,,,,,,263,,,,False
image,,,,,,,,,0,0,,,,,,,,,,,,0,,,,,,avg_6_8,,,1.1,1.1,,,,,,,,,,,,,,,,,,,,,,264,,,,False
blocker,,,,,,,,,,,,,,0,,,,,,,,0.6,false,,,,,,,,,,,,,,,,,,,,,,,,,,,,,,,265,,,,False
imagetween,,,,,,,,,,,,,,,,,,,,,,,false,,,,,,,,1.1,1.1,,0,0,-20,0,,,,,10,,,,,,,,,,,,266,,,,False
name,......只有你一个？,,,,,,,,,,,,,,,,,,,,,,,,,,,,,灰喉,,,,,,,,,,,,,,,,,,,,,,,,267,......只有你一个？,……君だけなのか？,グレイソート,True
character,,,,,,,,,,,,,,,,,,,,,,,,,,,,,,char_1508_Faust_1#1,,,,,,,,,,,,,,,,,,,,,,,,268,,,,False
name,......,,,,,,,,,,,,,,,,,,,,,,,,,,,,,浮士德,,,,,,,,,,,,,,,,,,,,,,,,269,......,......,ファウスト,True
character,,,,,,,,,,,,,,,,,,,,,,,,,,,,,,char_367_swllow_1#4,,,,,,,,,,,,,,,,,,,,,,char_1508_Faust_1#1,1,270,,,,False
name,别回头。再动一下，我就射击！,,,,,,,,,,,,,,,,,,,,,,,,,,,,,灰喉,,,,,,,,,,,,,,,,,,,,,,,,271,别回头。再动一下，我就射击！,振り返るな。もう一度動いたら、撃つぞ！,グレイソート,True
blocker,,,,,,,,,,,,,,1,0,0,0,,,,,2,true,,,,,,,,,,,,,,,,,,,,,,,,,,,,,,,272,,,,False
image,,,,,,,,,,,,,,,,,,,,,,0,,,,,,,,,,,,,,,,,,,,,,,,,,,,,,,,273,,,,False
stopmusic,,,,,,,,,,,,,,,,,,,,,,4,,,,,,,,,,,,,,,,,,,,,,,,,,,,,,,,274,,,,False
delay,,,,,,,,2,,,,,,,,,,,,,,,,,,,,,,,,,,,,,,,,,,,,,,,,,,,,,,275,,,,False
subtitle,还记得，在龙门战斗的最后，罗德岛必须要再次面对那个不想面对的敌人。,,,,,,0.04,,300,370,left,24,700,,,,,,,,,,,,,,,,,,,,,,,,,,,,,,,,,,,,,,,,,276,,,,False
playmusic,,$frostnovadie_loop,,,$frostnovadie_intro,0.8,,,,,,,,,,,,,,,,,,,,,,,,,,,1.5,,,,,,,,,,,,,,,,,,,,,277,,,,False
image,,,,,,,,,0,0,,,,,,,,,,,,0,,,,,,avg_6_1,,,1.1,1.1,,,,,,,,,,,,,,,,,,,,,,278,,,,False
blocker,,,,,,,,,,,,,,0,,,,,,,,3,true,,,,,,,,,,,,,,,,,,,,,,,,,,,,,,,279,,,,False
imagetween,,,,,,,,,,,,,,,,,,,,,,,false,,,,,,,,1.1,1.1,,0,0,-30,0,,,,,10,,,,,,,,,,,,280,,,,False
name,是的。你们现在......要与我战斗。,,,,,,,,,,,,,,,,,,,,,,,,,,,,,霜星,,,,,,,,,,,,,,,,,,,,,,,,281,是的。你们现在......要与我战斗。,そうだ。今から……私と戦うんだ。,フロストノヴァ,True
name,你死我活。,,,,,,,,,,,,,,,,,,,,,,,,,,,,,霜星,,,,,,,,,,,,,,,,,,,,,,,,282,你死我活。,生き残るのは、どちらかだけ。,フロストノヴァ,True
blocker,,,,,,,,,,,,,,1,0,0,0,,,,,1,true,,,,,,,,,,,,,,,,,,,,,,,,,,,,,,,283,,,,False
image,,,,,,,,,0,0,,,,,,,,,,,,0,,,,,,avg_6_2,,,1.1,1.1,,,,,,,,,,,,,,,,,,,,,,284,,,,False
blocker,,,,,,,,,,,,,,0,,,,,,,,1,false,,,,,,,,,,,,,,,,,,,,,,,,,,,,,,,285,,,,False
imagetween,,,,,,,,,,,,,,,,,,,,,,,false,,,,,,,,1.1,1.1,,0,0,30,0,,,,,10,,,,,,,,,,,,286,,,,False
delay,,,,,,,,1.5,,,,,,,,,,,,,,,,,,,,,,,,,,,,,,,,,,,,,,,,,,,,,,287,,,,False
name,如果你们战胜我，有人能够侥幸活着——,,,,,,,,,,,,,,,,,,,,,,,,,,,,,霜星,,,,,,,,,,,,,,,,,,,,,,,,288,如果你们战胜我，有人能够侥幸活着——,もし私を倒せたら、誰かが運良く生き残れるかも――,フロストノヴァ,True
blocker,,,,,,,,,,,,,,1,0,0,0,,,,,1,true,,,,,,,,,,,,,,,,,,,,,,,,,,,,,,,289,,,,False
image,,,,,,,,,,,,,,,,,,,,,,0,,,,,,,,,,,,,,,,,,,,,,,,,,,,,,,,290,,,,False
subtitle,深深记得，正是因为我们都清楚，我们都怀抱着相同的理想。,,,,,,0.04,,300,370,left,24,700,,,,,,,,,,,,,,,,,,,,,,,,,,,,,,,,,,,,,,,,,291,,,,False
subtitle,所以此刻，谁都不能后退半步。,,,,,,0.04,,300,370,left,24,700,,,,,,,,,,,,,,,,,,,,,,,,,,,,,,,,,,,,,,,,,292,,,,False
name,我愿意加入罗德岛，依你们的想法，去对抗感染者共同的敌人。,,,,,,,,,,,,,,,,,,,,,,,,,,,,,霜星,,,,,,,,,,,,,,,,,,,,,,,,293,我愿意加入罗德岛，依你们的想法，去对抗感染者共同的敌人。,私はロドスに加わる。みんなの思うように、感染者の共通の敵と戦う。,フロストノヴァ,True
name,这是我必须承担的责任。,,,,,,,,,,,,,,,,,,,,,,,,,,,,,霜星,,,,,,,,,,,,,,,,,,,,,,,,294,这是我必须承担的责任。,それが、私の果たすべき責任だ。,フロストノヴァ,True
blocker,,,,,,,,,,,,,,1,0,0,0,,,,,2,true,,,,,,,,,,,,,,,,,,,,,,,,,,,,,,,295,,,,False
subtitle,在战斗结束的那一刻，她已然是罗德岛的一员。,,,,,,0.04,,300,370,left,24,700,,,,,,,,,,,,,,,,,,,,,,,,,,,,,,,,,,,,,,,,,296,,,,False
image,,,,,,,,,0,0,,,,,,,,,,,,0,,,,,,avg_6_10,,,1.1,1.1,,,,,,,,,,,,,,,,,,,,,,297,,,,False
blocker,,,,,,,,,,,,,,0,,,,,,,,2,false,,,,,,,,,,,,,,,,,,,,,,,,,,,,,,,298,,,,False
delay,,,,,,,,2,,,,,,,,,,,,,,,,,,,,,,,,,,,,,,,,,,,,,,,,,,,,,,299,,,,False
image,,,,,,,,,0,0,,,,,,,,,,,,2,true,,,,,avg_6_10_2,,,1.1,1.1,,,,,,,,,,,,,,,,,,,,,,300,,,,False
stopmusic,,,,,,,,,,,,,,,,,,,,,,4,,,,,,,,,,,,,,,,,,,,,,,,,,,,,,,,301,,,,False
blocker,,,,,,,,,,,,,,1,0,0,0,,,,,4,true,,,,,,,,,,,,,,,,,,,,,,,,,,,,,,,302,,,,False
delay,,,,,,,,1,,,,,,,,,,,,,,,,,,,,,,,,,,,,,,,,,,,,,,,,,,,,,,303,,,,False
playmusic,,$plot_loop,,,$plot_intro,0.8,,,,,,,,,,,,,,,,,,,,,,,,,,,1.5,,,,,,,,,,,,,,,,,,,,,304,,,,False
subtitle,可是，整合运动在龙门的溃败仅仅只是塔露拉的第一步棋。,,,,,,0.04,,300,370,left,24,700,,,,,,,,,,,,,,,,,,,,,,,,,,,,,,,,,,,,,,,,,305,,,,False
subtitle,切城核心城利用了野外的风沙遮蔽，逼近了龙门。,,,,,,0.04,,300,370,left,24,700,,,,,,,,,,,,,,,,,,,,,,,,,,,,,,,,,,,,,,,,,306,,,,False
blocker,,,,,,,,,,,,,,1,0,0,0,0,0,0,0,1,true,,,,,,,,,,,,,,,,,,,,,,,,,,,,,,,307,,,,False
image,,,,,,,,,,,,,,,,,,,,,,,,,,,,avg_6_12,,,1.1,1.1,,,,,,,,,,,,,,,,,,,,,,308,,,,False
blocker,,,,,,,,,,,,,,0,,,,,,,,1,false,,,,,,,,,,,,,,,,,,,,,,,,,,,,,,,309,,,,False
delay,,,,,,,,3,,,,,,,,,,,,,,,,,,,,,,,,,,,,,,,,,,,,,,,,,,,,,,310,,,,False
blocker,,,,,,,,,,,,,,1,0,0,0,0,0,0,0,1,true,,,,,,,,,,,,,,,,,,,,,,,,,,,,,,,311,,,,False
subtitle,记得，利用移动城市直接进攻，这才是塔露拉真正的目的。,,,,,,0.04,,300,370,left,24,700,,,,,,,,,,,,,,,,,,,,,,,,,,,,,,,,,,,,,,,,,312,,,,False
subtitle,此刻，下定决心的陈，选择独自离开。,,,,,,0.04,,300,370,left,24,700,,,,,,,,,,,,,,,,,,,,,,,,,,,,,,,,,,,,,,,,,313,,,,False
blocker,,,,,,,,,,,,,,1,0,0,0,0,0,0,0,1,true,,,,,,,,,,,,,,,,,,,,,,,,,,,,,,,314,,,,False
image,,,,,,,,,-400,-250,,,,,,,,,,,,0,,,,,,avg_7_3,,,1.5,1.5,,,,,,,,,,,,,,,,,,,,,,315,,,,False
imagetween,,,,,,,,,,,,,,,,,,,,,,,false,,,,,,,,2,2,,-400,-250,-200,-250,,,,,60,,,,,,,,,,,,316,,,,False
stopmusic,,,,,,,,,,,,,,,,,,,,,,3,,,,,,,,,,,,,,,,,,,,,,,,,,,,,,,,317,,,,False
blocker,,,,,,,,,,,,,,0,0,0,0,,,,,2,false,,,,,,,,,,,,,,,,,,,,,,,,,,,,,,,318,,,,False
delay,,,,,,,,2,,,,,,,,,,,,,,,,,,,,,,,,,,,,,,,,,,,,,,,,,,,,,,319,,,,False
playmusic,,$longmenbatimp_loop,,,$longmenbatimp_intro,0.4,,,,,,,,,,,,,,,,,,,,,,,,,,,,,,,,,,,,,,,,,,,,,,,,320,,,,False
blocker,,,,,,,,,,,,,,1,0,0,0,0,0,0,0,1,true,,,,,,,,,,,,,,,,,,,,,,,,,,,,,,,321,,,,False
subtitle,罗德岛也选择放弃与近卫局的合作行动，挺身而出。,,,,,,0.04,,300,370,left,24,700,,,,,,,,,,,,,,,,,,,,,,,,,,,,,,,,,,,,,,,,,322,,,,False
subtitle,登陆袭来的切尔诺伯格核心城，停止整合运动的进攻。,,,,,,0.04,,300,370,left,24,700,,,,,,,,,,,,,,,,,,,,,,,,,,,,,,,,,,,,,,,,,323,,,,False
image,,,,,,,,,-100,0,,,,,,,,,,,,0,,,,,,avg_7_8,,,1,1,,,,,,,,,,,,,,,,,,,,,,324,,,,False
imagetween,,,,,,,,,,,,,,,,,,,,,,,false,,,,,,,,1,1,,-100,,0,,,,,,60,,,,,,,,,,,,325,,,,False
blocker,,,,,,,,,,,,,,0,0,0,0,,,,,1,true,,,,,,,,,,,,,,,,,,,,,,,,,,,,,,,326,,,,False
name,各载具驾驶员，保持匀速！依照图示，利用沙尘的掩蔽接近核心城至可使用登城工具的距离！立刻行动！,,,,,,,,,,,,,,,,,,,,,,,,,,,,,凯尔希,,,,,,,,,,,,,,,,,,,,,,,,327,各载具驾驶员，保持匀速！依照图示，利用沙尘的掩蔽接近核心城至可使用登城工具的距离！立刻行动！,各車両の運転手、一定速度を保て！図に従い、砂塵を利用してコアシティへと接近し、登城用ツールの使用可能距離まで進め！すぐ行動開始！,ケルシー,True
blocker,,,,,,,,,,,,,,1,0,0,0,0,0,0,0,1,true,,,,,,,,,,,,,,,,,,,,,,,,,,,,,,,328,,,,False
subtitle,还记得我们回到了守军重重的的核心城，见到了故人。,,,,,,0.04,,300,370,left,24,700,,,,,,,,,,,,,,,,,,,,,,,,,,,,,,,,,,,,,,,,,329,,,,False
playsound,,$d_gen_walk_n,,,,,,,,,,,,,,,,,,,,,,,,,,,,,,,,,,,,,,,,,,,,,,,,,,,,330,,,,False
image,,,,,,,,,0,-50,,,,,,,,,,,,0,,,,,,avg_7_12,,,1,1,,,,,,,,,,,,,,,,,,,,,,331,,,,False
imagetween,,,,,,,,,0,,,,,,,,,,,,,,false,,,,,,,,,,,,-50,,0,1,1,0.87,0.87,20,,,,,,,,,,,,332,,,,False
blocker,,,,,,,,,,,,,,0,0,0,0,,,,,1,true,,,,,,,,,,,,,,,,,,,,,,,,,,,,,,,333,,,,False
name,......,,,,,,,,,,,,,,,,,,,,,,,,,,,,,？？？,,,,,,,,,,,,,,,,,,,,,,,,334,......,......,？？？,True
name,许久不见，阿米娅，凯尔希医生。,,,,,,,,,,,,,,,,,,,,,,,,,,,,,罗德岛近卫干员？,,,,,,,,,,,,,,,,,,,,,,,,335,许久不见，阿米娅，凯尔希医生。,お久しぶりです、アーミヤ、ケルシー先生。,ロドス警備オペレーター？,True
blocker,,,,,,,,,,,,,,1,0,0,0,,,,,1,true,,,,,,,,,,,,,,,,,,,,,,,,,,,,,,,336,,,,False
subtitle,耗尽全力。,,,,,,0.04,,300,370,left,24,700,,,,,,,,,,,,,,,,,,,,,,,,,,,,,,,,,,,,,,,,,337,,,,False
image,,,,,,,,,0,0,,,,,,,,,,,,0,,,,,,avg_8_2,,,1.1,1.1,,,,,,,,,,,,,,,,,,,,,,338,,,,False
blocker,,,,,,,,,,,,,,0,,,,,,,,1.5,false,,,,,,,,,,,,,,,,,,,,,,,,,,,,,,,339,,,,False
imagetween,,,,,,,,,,,,,,,,,,,,,,,false,,,,,,,,,,,,,,,1.1,1.1,1,1,15,,,,,,,,,,,,340,,,,False
name,啊......啊......！,,,,,,,,,,,,,,,,,,,,,,,,,,,,,迷迭香,,,,,,,,,,,,,,,,,,,,,,,,341,啊......啊......！,ああ……ああ……！,ローズマリー,True
blocker,,,,,,,,,,,,,,1,0,0,0,0,0,0,0,1,true,,,,,,,,,,,,,,,,,,,,,,,,,,,,,,,342,,,,False
subtitle,排除了难关。,,,,,,0.04,,300,370,left,24,700,,,,,,,,,,,,,,,,,,,,,,,,,,,,,,,,,,,,,,,,,343,,,,False
image,,,,,,,,,0,0,,,,,,,,,,,,0,,,,,,avg_8_20,,,1,1,,,,,,,,,,,,,,,,,,,,,,344,,,,False
blocker,,,,,,,,,,,,,,0,,,,,,,,1.5,false,,,,,,,,,,,,,,,,,,,,,,,,,,,,,,,345,,,,False
imagetween,,,,,,,,,,,,,,,,,,,,,,,false,,,,,,,,,,,,,,,1,1,1.1,1.1,15,,,,,,,,,,,,346,,,,False
name,非自然的生物，大多出自美学。,,,,,,,,,,,,,,,,,,,,,,,,,,,,,凯尔希,,,,,,,,,,,,,,,,,,,,,,,,347,非自然的生物，大多出自美学。,不自然な生物は、その多くが美学から生まれたものだ。,ケルシー,True
name,但是，别被外表欺骗，无论它有多美，它都是周遭这一切惨状的元凶。,,,,,,,,,,,,,,,,,,,,,,,,,,,,,凯尔希,,,,,,,,,,,,,,,,,,,,,,,,348,但是，别被外表欺骗，无论它有多美，它都是周遭这一切惨状的元凶。,だが、外見に惑わされるな。どんなに美しくても、それはこの惨劇の元凶だ。,ケルシー,True
name,......,,,,,,,,,,,,,,,,,,,,,,,,,,,,,凯尔希,,,,,,,,,,,,,,,,,,,,,,,,349,......,......,ケルシー,True
name,它在唱歌。,,,,,,,,,,,,,,,,,,,,,,,,,,,,,凯尔希,,,,,,,,,,,,,,,,,,,,,,,,350,它在唱歌。,歌っている……。,ケルシー,True
blocker,,,,,,,,,,,,,,1,0,0,0,0,0,0,0,1,true,,,,,,,,,,,,,,,,,,,,,,,,,,,,,,,351,,,,False
subtitle,战胜了强敌。,,,,,,0.04,,300,370,left,24,700,,,,,,,,,,,,,,,,,,,,,,,,,,,,,,,,,,,,,,,,,352,,,,False
image,,,,,,,,,0,0,,,,,,,,,,,,0,,,,,,avg_7_16,,,1,1,,,,,,,,,,,,,,,,,,,,,,353,,,,False
imagetween,,,,,,,,,,,,,,,,,,,,,,,false,,,,,,,,,,,,,,,1,1,0.87,0.87,30,,,,,,,,,,,,354,,,,False
blocker,,,,,,,,,,,,,,0,0,0,0,,,,,1.5,true,,,,,,,,,,,,,,,,,,,,,,,,,,,,,,,355,,,,False
blocker,,,,,,,,,,,,,,,,,,,,,,3,true,,,,,,,,,,,,,,,,,,,,,,,,,,,,,,,356,,,,False
subtitle,每个人不得不面对自己的内心。,,,,,,0.04,,300,370,left,24,700,,,,,,,,,,,,,,,,,,,,,,,,,,,,,,,,,,,,,,,,,357,,,,False
subtitle,他们可能跨过了疑惑，不再迷茫。,,,,,,0.04,,300,370,left,24,700,,,,,,,,,,,,,,,,,,,,,,,,,,,,,,,,,,,,,,,,,358,,,,False
blocker,,,,,,,,,,,,,,1,0,0,0,,,,,1,true,,,,,,,,,,,,,,,,,,,,,,,,,,,,,,,359,,,,False
image,,,,,,,,,0,0,,,,,,,,,,,,0,,,,,,avg_31_4,,,1,1,,,,,,,,,,,,,,,,,,,,,,360,,,,False
blocker,,,,,,,,,,,,,,0,,,,,,,,1.5,false,,,,,,,,,,,,,,,,,,,,,,,,,,,,,,,361,,,,False
blocker,,,,,,,,,,,,,,1,0,0,0,0,0,0,0,1,true,,,,,,,,,,,,,,,,,,,,,,,,,,,,,,,362,,,,False
subtitle,他们可能放纵仇恨生长，毫不动摇。,,,,,,0.04,,300,370,left,24,700,,,,,,,,,,,,,,,,,,,,,,,,,,,,,,,,,,,,,,,,,363,,,,False
blocker,,,,,,,,,,,,,,1,0,0,0,,,,,1,true,,,,,,,,,,,,,,,,,,,,,,,,,,,,,,,364,,,,False
image,,,,,,,,,0,0,,,,,,,,,,,,0,,,,,,avg_8_32,,,1,1,,,,,,,,,,,,,,,,,,,,,,365,,,,False
blocker,,,,,,,,,,,,,,0,,,,,,,,1.5,true,,,,,,,,,,,,,,,,,,,,,,,,,,,,,,,366,,,,False
delay,,,,,,,,1,,,,,,,,,,,,,,,,,,,,,,,,,,,,,,,,,,,,,,,,,,,,,,367,,,,False
blocker,,,,,,,,,,,,,,1,0,0,0,,,,,1.5,true,,,,,,,,,,,,,,,,,,,,,,,,,,,,,,,368,,,,False
delay,,,,,,,,1,,,,,,,,,,,,,,,,,,,,,,,,,,,,,,,,,,,,,,,,,,,,,,369,,,,False
subtitle,站在中心的几名少女，注定要在高塔之巅决出最后的胜负。,,,,,,0.04,,300,370,left,24,700,,,,,,,,,,,,,,,,,,,,,,,,,,,,,,,,,,,,,,,,,370,,,,False
playmusic,,$towerfierce_loop,,,$towerfierce_intro,0.4,,,,,,,,,,,,,,,,,,,,,,,,,,,,,,,,,,,,,,,,,,,,,,,,371,,,,False
image,,,,,,,,,30,0,,,,,,,,,,,,0,,,,,,avg_8_40,,,1.05,1.05,,,,,,,,,,,,,,,,,,,,,,372,,,,False
playsound,,$firestorm,,,,1,,,,,,,,,,,,,,,,,,,,,,,,,,,,,,,,,,,,,,,,,,,,,,,,373,,,,False
playsound,,$burningloop1,,,,1,,,,,,,,,,,,,,,,,,,,,,,,,,,,,,,,,,,,,,,,,,,,,,,,374,,,,False
blocker,,,,,,,,,,,,,,0,,,,,,,,1.5,false,,,,,,,,,,,,,,,,,,,,,,,,,,,,,,,375,,,,False
camerashake,,,,,,,,,,,,,,,,,,,,,,,false,,,,,,,,,,,,,,,,,,,1,8,6,30,90,true,,,,,,,376,,,,False
playsound,,$d_sp_chixiaobadao,,,,,,,,,,,,,,,,,,,,,,,,,,,,,,,,,,,,,,,,,,,,,,,,,,,,377,,,,False
blocker,,,,,,,,,,,,,,0.7,1,0,0,,,,,0.02,true,,,,,,,,,,,,,,,,,,,,,,,,,,,,,,,378,,,,False
blocker,,,,,,,,,,,,,,0,0,0,0,,,,,0.25,true,,,,,,,,,,,,,,,,,,,,,,,,,,,,,,,379,,,,False
delay,,,,,,,,1,,,,,,,,,,,,,,,,,,,,,,,,,,,,,,,,,,,,,,,,,,,,,,380,,,,False
blocker,,,,,,,,,,,,,,1,0,0,0,,,,,2,true,,,,,,,,,,,,,,,,,,,,,,,,,,,,,,,381,,,,False
image,,,,,,,,,0,20,,,,,,,,,,,,0,,,,,,avg_8_10,,,1,1,,,,,,,,,,,,,,,,,,,,,,382,,,,False
blocker,,,,,,,,,,,,,,0,,,,,,,,3,false,,,,,,,,,,,,,,,,,,,,,,,,,,,,,,,383,,,,False
playsound,,$firestorm,,,,1,,,,,,,,,,,,,,,,,,,,,,,,,,,,,,,,,,,,,,,,,,,,,,,,384,,,,False
delay,,,,,,,,3,,,,,,,,,,,,,,,,,,,,,,,,,,,,,,,,,,,,,,,,,,,,,,385,,,,False
camerashake,,,,,,,,,,,,,,,,,,,,,,,false,,,,,,,,,,,,,,,,,,,1,8,6,30,90,true,,,,,,,386,,,,False
playsound,,$d_sp_chixiaobadao,,,,,,,,,,,,,,,,,,,,,,,,,,,,,,,,,,,,,,,,,,,,,,,,,,,,387,,,,False
blocker,,,,,,,,,,,,,,0.7,1,0,0,,,,,0.02,true,,,,,,,,,,,,,,,,,,,,,,,,,,,,,,,388,,,,False
blocker,,,,,,,,,,,,,,0,1,0,0,,,,,0.25,true,,,,,,,,,,,,,,,,,,,,,,,,,,,,,,,389,,,,False
imagetween,,,,,,,,,,,,,,,,,,,,,,,true,,,,,,,,,,,0,0,-30,-60,1,1,1.2,1.2,0.01,,,,,,,,,,,,390,,,,False
camerashake,,,,,,,,,,,,,,,,,,,,,,,false,,,,,,,,,,,,,,,,,,,1,8,6,30,90,true,,,,,,,391,,,,False
playsound,,$d_sp_chixiaobadao,,,,,,,,,,,,,,,,,,,,,,,,,,,,,,,,,,,,,,,,,,,,,,,,,,,,392,,,,False
blocker,,,,,,,,,,,,,,0.7,1,0,0,,,,,0.02,true,,,,,,,,,,,,,,,,,,,,,,,,,,,,,,,393,,,,False
blocker,,,,,,,,,,,,,,0,1,0,0,,,,,0.25,true,,,,,,,,,,,,,,,,,,,,,,,,,,,,,,,394,,,,False
delay,,,,,,,,1,,,,,,,,,,,,,,,,,,,,,,,,,,,,,,,,,,,,,,,,,,,,,,395,,,,False
blocker,,,,,,,,,,,,,,1,0,0,0,,,,,1,true,,,,,,,,,,,,,,,,,,,,,,,,,,,,,,,396,,,,False
image,,,,,,,,,,,,,,,,,,,,,,,,,,,,avg_8_37,,,,,,,,,,,,,,,,,,,,,,,coverall,,,397,,,,False
blocker,,,,,,,,,,,,,,0,,,,,,,,2,true,,,,,,,,,,,,,,,,,,,,,,,,,,,,,,,398,,,,False
delay,,,,,,,,1,,,,,,,,,,,,,,,,,,,,,,,,,,,,,,,,,,,,,,,,,,,,,,399,,,,False
blocker,,,,,,,,,,,,,,1,0,0,0,,,,,5,true,,,,,,,,,,,,,,,,,,,,,,,,,,,,,,,400,,,,False
stopmusic,,,,,,,,,,,,,,,,,,,,,,5,,,,,,,,,,,,,,,,,,,,,,,,,,,,,,,,401,,,,False
delay,,,,,,,,2,,,,,,,,,,,,,,,,,,,,,,,,,,,,,,,,,,,,,,,,,,,,,,402,,,,False
subtitle,龙门的攻防战，至此画下句点。,,,,,,0.04,,300,370,left,24,700,,,,,,,,,,,,,,,,,,,,,,,,,,,,,,,,,,,,,,,,,403,,,,False
subtitle,仿佛根本没有胜利者，也没有失败者。,,,,,,0.04,,300,370,left,24,700,,,,,,,,,,,,,,,,,,,,,,,,,,,,,,,,,,,,,,,,,404,,,,False
subtitle,只有各自了却了心愿的人，各自奔向不同的地方。,,,,,,0.04,,300,370,left,24,700,,,,,,,,,,,,,,,,,,,,,,,,,,,,,,,,,,,,,,,,,405,,,,False
playmusic,,$warm_loop,,,$warm_intro,0.4,,,,,,,,,,,,,,,,,,,,,,,,,,,,,,,,,,,,,,,,,,,,,,,,406,,,,False
blocker,,,,,,,,,,,,,,1,0,0,0,,,,,1,true,,,,,,,,,,,,,,,,,,,,,,,,,,,,,,,407,,,,False
image,,,,,,,,,0,0,,,,,,,,,,,,0,,,,,,bg_8_babel3,,,1,1,,,,,,,,,,,,,,,,,,,,,,408,,,,False
blocker,,,,,,,,,,,,,,0,,,,,,,,3,false,,,,,,,,,,,,,,,,,,,,,,,,,,,,,,,409,,,,False
name,博士......,,,,,,,,,,,,,,,,,,,,,,,,,,,,,阿米娅,,,,,,,,,,,,,,,,,,,,,,,,410,博士......,ドクター……,アーミヤ,True
name,不想说话吗？,,,,,,,,,,,,,,,,,,,,,,,,,,,,,阿米娅,,,,,,,,,,,,,,,,,,,,,,,,411,不想说话吗？,話したくないんですか？,アーミヤ,True
name,......我明白的。在这些时间里发生太多事了。,,,,,,,,,,,,,,,,,,,,,,,,,,,,,阿米娅,,,,,,,,,,,,,,,,,,,,,,,,412,......我明白的。在这些时间里发生太多事了。,……わかっています。この間、たくさんのことがありすぎました。,アーミヤ,True
name,但是，有博士在这里，我很......我很开心。,,,,,,,,,,,,,,,,,,,,,,,,,,,,,阿米娅,,,,,,,,,,,,,,,,,,,,,,,,413,但是，有博士在这里，我很......我很开心。,でも、ドクターがここにいてくれると、私はとても……とても嬉しいです。,アーミヤ,True
name,有些事情我们一个人是做不到的。,,,,,,,,,,,,,,,,,,,,,,,,,,,,,阿米娅,,,,,,,,,,,,,,,,,,,,,,,,414,有些事情我们一个人是做不到的。,一人ではできないこともあります。,アーミヤ,True
name,罗德岛......无论前方是什么样的阴霾等着我们，罗德岛也会继续前行。,,,,,,,,,,,,,,,,,,,,,,,,,,,,,阿米娅,,,,,,,,,,,,,,,,,,,,,,,,415,罗德岛......无论前方是什么样的阴霾等着我们，罗德岛也会继续前行。,ロドスは……この先どんな暗い影が待っていても、前に進み続けます。,アーミヤ,True
name,并且，无论这片大地上还有多少冰冷的故事......,,,,,,,,,,,,,,,,,,,,,,,,,,,,,阿米娅,,,,,,,,,,,,,,,,,,,,,,,,416,并且，无论这片大地上还有多少冰冷的故事......,そして、この大地にどれだけ冷たい物語があったとしても……,アーミヤ,True
name,......我也相信博士的心是温暖的。,,,,,,,,,,,,,,,,,,,,,,,,,,,,,阿米娅,,,,,,,,,,,,,,,,,,,,,,,,417,......我也相信博士的心是温暖的。,……私は、ドクターの心が温かいと、信じています。,アーミヤ,True
name,欢迎回家，博士。,,,,,,,,,,,,,,,,,,,,,,,,,,,,,阿米娅,,,,,,,,,,,,,,,,,,,,,,,,418,欢迎回家，博士。,おかえりなさい、ドクター。,アーミヤ,True
blocker,,,,,,,,,,,,,,1,0,0,0,,,,,3,true,,,,,,,,,,,,,,,,,,,,,,,,,,,,,,,419,,,,False
image,,,,,,,,,,,,,,,,,,,,,,0,,,,,,,,,,,,,,,,,,,,,,,,,,,,,,,,420,,,,False
subtitle,对抗整合运动的每一场战斗你都能回想起来。,,,,,,0.04,,300,370,left,24,700,,,,,,,,,,,,,,,,,,,,,,,,,,,,,,,,,,,,,,,,,421,,,,False
subtitle,但是你还是没办法回想起最应该回想起的事情。,,,,,,0.04,,300,370,left,24,700,,,,,,,,,,,,,,,,,,,,,,,,,,,,,,,,,,,,,,,,,422,,,,False
subtitle,那些过去的事情，那些罗德岛的事情。,,,,,,0.04,,300,370,left,24,700,,,,,,,,,,,,,,,,,,,,,,,,,,,,,,,,,,,,,,,,,423,,,,False
subtitle,那些你真正能做的事情。,,,,,,0.04,,300,370,left,24,700,,,,,,,,,,,,,,,,,,,,,,,,,,,,,,,,,,,,,,,,,424,,,,False
subtitle,你知道，未来，还有更多的路要走。,,,,,,0.04,,300,370,left,24,700,,,,,,,,,,,,,,,,,,,,,,,,,,,,,,,,,,,,,,,,,425,,,,False
subtitle,而，这仅仅只是个开始。,,,,,,0.04,,300,370,left,24,700,,,,,,,,,,,,,,,,,,,,,,,,,,,,,,,,,,,,,,,,,426,,,,False
blocker,,,,,,,,,,,,,,1,0,0,0,,,,,3,true,,,,,,,,,,,,,,,,,,,,,,,,,,,,,,,427,,,,False
