command,text_orig,is_tutorial,is_skippable,is_autoable,fit_mode,deny_auto_switch_scene,fadetime,image,width,height,time,name,duration,xstrength,ystrength,vibrato,randomness,fadeout,block,a,r,g,b,afrom,rfrom,gfrom,bfrom,key,intro,volume,crossfade,fatetime,name2,focus,tiled,xScaleTo,yScaleTo,xTo,options,values,references,x,y,xScale,yScale,xFrom,yFrom,yTo,xScaleFrom,yScaleFrom,dest,option_number,index,text,jp_text,jp_name,text_match
header,引导2到主界面,true,true,true,BLACK_MASK,true,,,,,,,,,,,,,,,,,,,,,,,,,,,,,,,,,,,,,,,,,,,,,,0,0,,,,False
stopmusic,,,,,,,1,,,,,,,,,,,,,,,,,,,,,,,,,,,,,,,,,,,,,,,,,,,,,0,1,,,,False
background,,,,,,,1,bg_indoor_1,1,1,,,,,,,,,,,,,,,,,,,,,,,,,,,,,,,,,,,,,,,,,,0,2,,,,False
delay,,,,,,,,,,,1,,,,,,,,,,,,,,,,,,,,,,,,,,,,,,,,,,,,,,,,,0,3,,,,False
character,,,,,,,,,,,,char_013_riop,,,,,,,,,,,,,,,,,,,,,,,,,,,,,,,,,,,,,,,,0,4,,,,False
name,最后一个！,,,,,,,,,,,近卫干员,,,,,,,,,,,,,,,,,,,,,,,,,,,,,,,,,,,,,,,,0,5,最后一个！,最後の一人！,近衛オペレーター,True
camerashake,,,,,,,,,,,,,1.5,7,5,30,90,true,false,,,,,,,,,,,,,,,,,,,,,,,,,,,,,,,,,0,6,,,,False
character,,,,,,,,,,,,char_1002_nsabr_2,,,,,,,,,,,,,,,,,,,,,,,,,,,,,,,,,,,,,,,,0,7,,,,False
blocker,,,,,,,0.1,,,,,,,,,,,,true,1,255,255,255,0,0,0,0,,,,,,,,,,,,,,,,,,,,,,,,,0,8,,,,False
playsound,,,,,,,,,,,,,,,,,,,,,,,,,,,,$d_sp_ballista,,,,,,,,,,,,,,,,,,,,,,,,0,9,,,,False
blocker,,,,,,,1.5,,,,,,,,,,,,false,0,,,,,,,,,,,,,,,,,,,,,,,,,,,,,,,,0,10,,,,False
name,呃啊！,,,,,,,,,,,整合运动成员,,,,,,,,,,,,,,,,,,,,,,,,,,,,,,,,,,,,,,,,0,11,呃啊！,ぐあっ！,レユニオンメンバー,True
character,,,,,,,,,,,,char_013_riop,,,,,,,,,,,,,,,,,,,,,,,,,,,,,,,,,,,,,,,,0,12,,,,False
character,,,,,,,0,,,,,,,,,,,,,,,,,,,,,,,,,,,,,,,,,,,,,,,,,,,,,0,13,,,,False
delay,,,,,,,,,,,0.5,,,,,,,,,,,,,,,,,,,,,,,,,,,,,,,,,,,,,,,,,0,14,,,,False
playmusic,,,,,,,,,,,,,,,,,,,,,,,,,,,,$escape_loop,$escape_intro,0.8,1.5,,,,,,,,,,,,,,,,,,,,,0,15,,,,False
character,,,,,,,,,,,,char_013_riop,,,,,,,,,,,,,,,,,,,,,,,,,,,,,,,,,,,,,,,,0,16,,,,False
name,剩余目标已清除。敌方小队溃退了！,,,,,,,,,,,近卫干员,,,,,,,,,,,,,,,,,,,,,,,,,,,,,,,,,,,,,,,,0,17,剩余目标已清除。敌方小队溃退了！,残りの目標は排除しました。敵の小隊は撤退しました！,近衛オペレーター,True
name,......博士的指挥确实和阿米娅说的一样，让人放心。,,,,,,,,,,,近卫干员,,,,,,,,,,,,,,,,,,,,,,,,,,,,,,,,,,,,,,,,0,18,......博士的指挥确实和阿米娅说的一样，让人放心。,……ドクターの指揮は確かにアーミヤが言った通りで、安心できます。,近衛オペレーター,True
character,,,,,,,,,,,,char_002_amiya_1#10,,,,,,,,,,,,,,,,,,,,,,,,,,,,,,,,,,,,,,,,0,19,,,,False
name,是吧，轻轻松松吧？,,,,,,,,,,,阿米娅,,,,,,,,,,,,,,,,,,,,,,,,,,,,,,,,,,,,,,,,0,20,是吧，轻轻松松吧？,でしょ？簡単だったでしょ？,アーミヤ,True
name,博士曾经经历的，可不只是这种程度的战斗。,,,,,,,,,,,阿米娅,,,,,,,,,,,,,,,,,,,,,,,,,,,,,,,,,,,,,,,,0,21,博士曾经经历的，可不只是这种程度的战斗。,ドクターが経験したのは、こんな程度の戦いだけじゃありませんから。,アーミヤ,True
character,,,,,,,,,,,,,,,,,,,true,,,,,,,,,,,,,0.5,,,,,,,,,,,,,,,,,,,,0,22,,,,False
blocker,,,,,,,0.5,,,,,,,,,,,,true,1,0,0,0,,,,,,,,,,,,,,,,,,,,,,,,,,,,,0,23,,,,False
blocker,,,,,,,0.8,,,,,,,,,,,,true,0,0,0,0,,,,,,,,,,,,,,,,,,,,,,,,,,,,,0,24,,,,False
character,,,,,,,,,,,,char_1002_nsabr_2,,,,,,,,,,,,,,,,,,,,,,,,,,,,,,,,,,,,,,,,0,25,,,,False
name,咳......怎么会出现......乌萨斯人以外的阻碍......,,,,,,,,,,,整合运动成员,,,,,,,,,,,,,,,,,,,,,,,,,,,,,,,,,,,,,,,,0,26,咳......怎么会出现......乌萨斯人以外的阻碍......,げほっ……なぜ……ウルサス人以外の妨害が……,レユニオンメンバー,True
name,不会......让你们阻挠我们的事业！,,,,,,,,,,,整合运动成员,,,,,,,,,,,,,,,,,,,,,,,,,,,,,,,,,,,,,,,,0,27,不会......让你们阻挠我们的事业！,お前たちに……我々の計画を邪魔はさせない！,レユニオンメンバー,True
blocker,,,,,,,0.02,,,,,,,,,,,,true,0.7,0.95,0.95,0.95,,,,,,,,,,,,,,,,,,,,,,,,,,,,,0,28,,,,False
playsound,,,,,,,,,,,,,,,,,,,,,,,,,,,,$p_imp_whip_h,,,,,,,,,,,,,,,,,,,,,,,,0,29,,,,False
blocker,,,,,,,0.25,,,,,,,,,,,,true,0,0.95,0.95,0.95,,,,,,,,,,,,,,,,,,,,,,,,,,,,,0,30,,,,False
camerashake,,,,,,,,,,,,,0.6,5,8,30,90,,true,,,,,,,,,,,,,,,,,,,,,,,,,,,,,,,,,0,31,,,,False
character,,,,,,,,,,,,char_1002_nsabr_2,,,,,,,,,,,,,,,,,,,,,,,,,,,,,,,,,,,,,,,,0,32,,,,False
playsound,,,,,,,,,,,,,,,,,,,,,,,,,,,,$d_gen_walk_n,,,,,,,,,,,,,,,,,,,,,,,,0,33,,,,False
character,,,,,,,,,,,,char_130_doberm_ex,,,,,,,,,,,,,,,,,,,,,,,,,,,,,,,,,,,,,,,,0,34,,,,False
name,别想得逞！,,,,,,,,,,,？？？,,,,,,,,,,,,,,,,,,,,,,,,,,,,,,,,,,,,,,,,0,35,别想得逞！,そうはいかない！,？？？,True
character,,,,,,,,,,,,char_013_riop,,,,,,,,,,,,,,,,,,,,,,,,,,,,,,,,,,,,,,,,0,36,,,,False
name,杜，杜宾教官！,,,,,,,,,,,近卫干员,,,,,,,,,,,,,,,,,,,,,,,,,,,,,,,,,,,,,,,,0,37,杜，杜宾教官！,ド、ドーベルマン教官！,近衛オペレーター,True
character,,,,,,,,,,,,char_013_riop,,,,,,,,,,,,,,,,,,,,,char_130_doberm_ex,2,,,,,,,,,,,,,,,,,,0,38,,,,False
name,你在发什么呆！差一点，你就要被打成筛子了！,,,,,,,,,,,杜宾,,,,,,,,,,,,,,,,,,,,,,,,,,,,,,,,,,,,,,,,0,39,你在发什么呆！差一点，你就要被打成筛子了！,何をぼーっとしている！もう少しで蜂の巣にされるところだぞ！,ドーベルマン,True
character,,,,,,,,,,,,char_013_riop,,,,,,,,,,,,,,,,,,,,,char_130_doberm_ex,1,,,,,,,,,,,,,,,,,,0,40,,,,False
name,对，对不起！,,,,,,,,,,,近卫干员,,,,,,,,,,,,,,,,,,,,,,,,,,,,,,,,,,,,,,,,0,41,对，对不起！,す、すみません！,近衛オペレーター,True
character,,,,,,,,,,,,char_013_riop,,,,,,,,,,,,,,,,,,,,,char_130_doberm_ex,2,,,,,,,,,,,,,,,,,,0,42,,,,False
name,快！重整队形！,,,,,,,,,,,杜宾,,,,,,,,,,,,,,,,,,,,,,,,,,,,,,,,,,,,,,,,0,43,快！重整队形！,急げ！隊形を立て直せ！,ドーベルマン,True
character,,,,,,,,,,,,char_013_riop,,,,,,,,,,,,,,,,,,,,,char_130_doberm_ex,1,,,,,,,,,,,,,,,,,,0,44,,,,False
name,是！,,,,,,,,,,,近卫干员,,,,,,,,,,,,,,,,,,,,,,,,,,,,,,,,,,,,,,,,0,45,是！,はい！,近衛オペレーター,True
character,,,,,,,,,,,,char_002_amiya_1#2,,,,,,,,,,,,,,,,,,,,,,,,,,,,,,,,,,,,,,,,0,46,,,,False
name,杜宾！你来了！,,,,,,,,,,,阿米娅,,,,,,,,,,,,,,,,,,,,,,,,,,,,,,,,,,,,,,,,0,47,杜宾！你来了！,ドーベルマン！来てくれたんですね！,アーミヤ,True
character,,,,,,,,,,,,char_002_amiya_1#2,,,,,,,,,,,,,,,,,,,,,char_130_doberm_ex,2,,,,,,,,,,,,,,,,,,0,48,,,,False
name,情况紧急。我的小组也遭到了攻击，敌人同样是整合运动。,,,,,,,,,,,杜宾,,,,,,,,,,,,,,,,,,,,,,,,,,,,,,,,,,,,,,,,0,49,情况紧急。我的小组也遭到了攻击，敌人同样是整合运动。,状況は緊迫している。私のチームも攻撃を受けた。敵は同じくレユニオンだ。,ドーベルマン,True
name,所以我才立刻赶过来跟你们汇合。,,,,,,,,,,,杜宾,,,,,,,,,,,,,,,,,,,,,,,,,,,,,,,,,,,,,,,,0,50,所以我才立刻赶过来跟你们汇合。,だからすぐにこちらへ合流しに来た。,ドーベルマン,True
character,,,,,,,,,,,,char_002_amiya_1#2,,,,,,,,,,,,,,,,,,,,,char_130_doberm_ex,1,,,,,,,,,,,,,,,,,,0,51,,,,False
name,整合运动为什么会攻击我们......？,,,,,,,,,,,阿米娅,,,,,,,,,,,,,,,,,,,,,,,,,,,,,,,,,,,,,,,,0,52,整合运动为什么会攻击我们......？,なぜレユニオンが私たちを攻撃するの……？,アーミヤ,True
character,,,,,,,,,,,,char_002_amiya_1#2,,,,,,,,,,,,,,,,,,,,,char_130_doberm_ex,2,,,,,,,,,,,,,,,,,,0,53,,,,False
name,一个感染者权益组织......本来我觉得他们只是有点盲目激进————,,,,,,,,,,,杜宾,,,,,,,,,,,,,,,,,,,,,,,,,,,,,,,,,,,,,,,,0,54,一个感染者权益组织......本来我觉得他们只是有点盲目激进————,感染者の権利団体……最初は少し盲目的で過激なだけだと思っていた―――,ドーベルマン,True
name,————现在居然开始使用暴力，还是在乌萨斯的城市？真是自寻死路。,,,,,,,,,,,杜宾,,,,,,,,,,,,,,,,,,,,,,,,,,,,,,,,,,,,,,,,0,55,————现在居然开始使用暴力，还是在乌萨斯的城市？真是自寻死路。,―――今になってウルサスの都市で暴力を振るいはじめるとは。まったく、死に急いでいるだけだ。,ドーベルマン,True
name,接下来，这里只会变得更加混乱。,,,,,,,,,,,杜宾,,,,,,,,,,,,,,,,,,,,,,,,,,,,,,,,,,,,,,,,0,56,接下来，这里只会变得更加混乱。,これからますますここは混乱するだけだ。,ドーベルマン,True
name,阿米娅，我们必须立刻撤离切尔诺伯格。,,,,,,,,,,,杜宾,,,,,,,,,,,,,,,,,,,,,,,,,,,,,,,,,,,,,,,,0,57,阿米娅，我们必须立刻撤离切尔诺伯格。,アーミヤ、すぐにチェルノボーグから撤退しなければ。,ドーベルマン,True
character,,,,,,,,,,,,char_002_amiya_1#1,,,,,,,,,,,,,,,,,,,,,char_130_doberm_ex,1,,,,,,,,,,,,,,,,,,0,58,,,,False
name,好的。我们已经成功救出博士，之后按照计划撤退就可以了。,,,,,,,,,,,阿米娅,,,,,,,,,,,,,,,,,,,,,,,,,,,,,,,,,,,,,,,,0,59,好的。我们已经成功救出博士，之后按照计划撤退就可以了。,はい。ドクターの救出には成功しましたので、あとは計画通り撤退しましょう。,アーミヤ,True
delay,,,,,,,,,,,0.5,,,,,,,,,,,,,,,,,,,,,,,,,,,,,,,,,,,,,,,,,0,60,,,,False
character,,,,,,,,,,,,char_130_doberm_ex,,,,,,,,,,,,,,,,,,,,,,,,,,,,,,,,,,,,,,,,0,61,,,,False
name,——这位就是博士？,,,,,,,,,,,杜宾,,,,,,,,,,,,,,,,,,,,,,,,,,,,,,,,,,,,,,,,0,62,——这位就是博士？,――この方がドクターか？,ドーベルマン,True
character,,,,,,,,,,,,char_002_amiya_1,,,,,,,,,,,,,,,,,,,,,,,,,,,,,,,,,,,,,,,,0,63,,,,False
name,是，是的。,,,,,,,,,,,阿米娅,,,,,,,,,,,,,,,,,,,,,,,,,,,,,,,,,,,,,,,,0,64,是，是的。,は、はい。,アーミヤ,True
character,,,,,,,,,,,,char_130_doberm_ex,,,,,,,,,,,,,,,,,,,,,,,,,,,,,,,,,,,,,,,,0,65,,,,False
name,博士，你可能不认识我，但你认识阿米娅，为了你的安全着想——,,,,,,,,,,,杜宾,,,,,,,,,,,,,,,,,,,,,,,,,,,,,,,,,,,,,,,,0,66,博士，你可能不认识我，但你认识阿米娅，为了你的安全着想——,ドクター、私のことは知らないかもしれないが、アーミヤは知っているはずだ。君の安全のために――,ドーベルマン,True
character,,,,,,,,,,,,char_002_amiya_1,,,,,,,,,,,,,,,,,,,,,char_130_doberm_ex,1,,,,,,,,,,,,,,,,,,0,67,,,,False
name,不不......,,,,,,,,,,,阿米娅,,,,,,,,,,,,,,,,,,,,,,,,,,,,,,,,,,,,,,,,0,68,不不......,い、いえ……,アーミヤ,True
name,唔，杜宾，博士目前的状态并不是很好。,,,,,,,,,,,阿米娅,,,,,,,,,,,,,,,,,,,,,,,,,,,,,,,,,,,,,,,,0,69,唔，杜宾，博士目前的状态并不是很好。,うう、ドーベルマン、ドクターは今、あまりいい状態じゃないの。,アーミヤ,True
name,简单地说，博士......失忆了。,,,,,,,,,,,阿米娅,,,,,,,,,,,,,,,,,,,,,,,,,,,,,,,,,,,,,,,,0,70,简单地说，博士......失忆了。,簡単に言うと、ドクターは……記憶喪失なんです。,アーミヤ,True
character,,,,,,,,,,,,char_002_amiya_1,,,,,,,,,,,,,,,,,,,,,char_130_doberm_ex,2,,,,,,,,,,,,,,,,,,0,71,,,,False
name,失忆？,,,,,,,,,,,杜宾,,,,,,,,,,,,,,,,,,,,,,,,,,,,,,,,,,,,,,,,0,72,失忆？,記憶喪失？,ドーベルマン,True
name,......这怎么办？你还准备将指挥权交给这个......,,,,,,,,,,,杜宾,,,,,,,,,,,,,,,,,,,,,,,,,,,,,,,,,,,,,,,,0,73,......这怎么办？你还准备将指挥权交给这个......,……それはどうすれば……？君はまだこの人に指揮権を渡すつもりか……,ドーベルマン,True
character,,,,,,,,,,,,char_002_amiya_1,,,,,,,,,,,,,,,,,,,,,char_130_doberm_ex,1,,,,,,,,,,,,,,,,,,0,74,,,,False
name,博士依然有能力指挥小队。,,,,,,,,,,,阿米娅,,,,,,,,,,,,,,,,,,,,,,,,,,,,,,,,,,,,,,,,0,75,博士依然有能力指挥小队。,ドクターにはまだ小隊を指揮する力があります。,アーミヤ,True
name,......至少，在刚才的战斗中，我已经确认了。,,,,,,,,,,,阿米娅,,,,,,,,,,,,,,,,,,,,,,,,,,,,,,,,,,,,,,,,0,76,......至少，在刚才的战斗中，我已经确认了。,……少なくとも、今の戦闘で私は確認できました。,アーミヤ,True
character,,,,,,,,,,,,char_002_amiya_1,,,,,,,,,,,,,,,,,,,,,char_130_doberm_ex,2,,,,,,,,,,,,,,,,,,0,77,,,,False
name,......,,,,,,,,,,,杜宾,,,,,,,,,,,,,,,,,,,,,,,,,,,,,,,,,,,,,,,,0,78,......,……,ドーベルマン,True
name,我还是不能这么简单就相信一个陌生人。,,,,,,,,,,,杜宾,,,,,,,,,,,,,,,,,,,,,,,,,,,,,,,,,,,,,,,,0,79,我还是不能这么简单就相信一个陌生人。,私はまだ、見知らぬ人を簡単には信用できない。,ドーベルマン,True
name,但我相信你，阿米娅。,,,,,,,,,,,杜宾,,,,,,,,,,,,,,,,,,,,,,,,,,,,,,,,,,,,,,,,0,80,但我相信你，阿米娅。,だが君は信じている、アーミヤ。,ドーベルマン,True
character,,,,,,,,,,,,char_002_amiya_1,,,,,,,,,,,,,,,,,,,,,char_130_doberm_ex,1,,,,,,,,,,,,,,,,,,0,81,,,,False
name,......我知道了。,,,,,,,,,,,阿米娅,,,,,,,,,,,,,,,,,,,,,,,,,,,,,,,,,,,,,,,,0,82,......我知道了。,……分かりました。,アーミヤ,True
character,,,,,,,,,,,,char_130_doberm_ex,,,,,,,,,,,,,,,,,,,,,,,,,,,,,,,,,,,,,,,,0,83,,,,False
name,博士， 我是行动组E1组长，杜宾。,,,,,,,,,,,杜宾,,,,,,,,,,,,,,,,,,,,,,,,,,,,,,,,,,,,,,,,0,84,博士， 我是行动组E1组长，杜宾。,ドクター、私は行動班E1のリーダー、ドーベルマンだ。,ドーベルマン,True
name,我们将把你从这座乌萨斯的城市——切尔诺伯格，护送到罗德岛。,,,,,,,,,,,杜宾,,,,,,,,,,,,,,,,,,,,,,,,,,,,,,,,,,,,,,,,0,85,我们将把你从这座乌萨斯的城市——切尔诺伯格，护送到罗德岛。,ウルサスの都市――チェルノボーグからロドスまで、我々があなたを護送します。,ドーベルマン,True
blocker,,,,,,,0.5,,,,,,,,,,,,true,1,0,0,0,,,,,,,,,,,,,,,,,,,,,,,,,,,,,0,86,,,,False
image,,,,,,,,avg_map_1,,,,,,,,,,,,,,,,,,,,,,,,,,,,,,,,,,,,,,,,,,,,0,87,,,,False
imagetween,,,,,,,,avg_map_1,,,,,75,,,,,,false,,,,,,,,,,,,,,,,true,1.3,1.3,-200,,,,,,,,,,,,,,0,88,,,,False
blocker,,,,,,,0.8,,,,,,,,,,,,true,0,0,0,0,,,,,,,,,,,,,,,,,,,,,,,,,,,,,0,89,,,,False
name,身处切尔诺伯格城的核心区废弃设施，现在的我们理应向西撤退。,,,,,,,,,,,杜宾,,,,,,,,,,,,,,,,,,,,,,,,,,,,,,,,,,,,,,,,0,90,身处切尔诺伯格城的核心区废弃设施，现在的我们理应向西撤退。,チェルノボーグ市の中心部廃棄施設、今の私たちは西に向かって撤退するべきです。,ドーベルマン,True
character,,,,,,,,,,,,char_002_amiya_1,,,,,,,,,,,,,,,,,,,,,char_130_doberm_ex,1,,,,,,,,,,,,,,,,,,0,91,,,,False
imagetween,,,,,,,,avg_map_1,,,,,75,,,,,,false,,,,,,,,,,,,,,,,true,1.8,1.8,-200,,,,,,,,,,,,,,0,92,,,,False
name,但......和凯尔希医生通讯中断时，我和杜宾教官都需要先带领着各自的小组，去西边的集结地汇合然后确认撤出信号。,,,,,,,,,,,阿米娅,,,,,,,,,,,,,,,,,,,,,,,,,,,,,,,,,,,,,,,,0,93,但......和凯尔希医生通讯中断时，我和杜宾教官都需要先带领着各自的小组，去西边的集结地汇合然后确认撤出信号。,でも……ケルシー先生との通信が途絶えた時、私もドーベルマン教官も、まずそれぞれのチームを連れて西側の合流地点で合流し、撤退信号を確認しなければなりません。,アーミヤ,True
name,按照计划，原本是这样的......,,,,,,,,,,,阿米娅,,,,,,,,,,,,,,,,,,,,,,,,,,,,,,,,,,,,,,,,0,94,按照计划，原本是这样的......,計画では、本来こうなるはずでした……,アーミヤ,True
name,如果能这么顺利就好了。,,,,,,,,,,,杜宾,,,,,,,,,,,,,,,,,,,,,,,,,,,,,,,,,,,,,,,,0,95,如果能这么顺利就好了。,そんなに順調にいけばいいがな。,ドーベルマン,True
name,今天是我们从石棺救走你的最后机会，博士。,,,,,,,,,,,杜宾,,,,,,,,,,,,,,,,,,,,,,,,,,,,,,,,,,,,,,,,0,96,今天是我们从石棺救走你的最后机会，博士。,今日は私たちが君を石棺から救い出す最後のチャンスだ、ドクター。,ドーベルマン,True
name,只是......我总有种不祥的预感。,,,,,,,,,,,杜宾,,,,,,,,,,,,,,,,,,,,,,,,,,,,,,,,,,,,,,,,0,97,只是......我总有种不祥的预感。,だが……どうも嫌な予感がしてならない。,ドーベルマン,True
blocker,,,,,,,0.5,,,,,,,,,,,,true,1,0,0,0,,,,,,,,,,,,,,,,,,,,,,,,,,,,,0,98,,,,False
blocker,,,,,,,0.8,,,,,,,,,,,,true,0,0,0,0,,,,,,,,,,,,,,,,,,,,,,,,,,,,,0,99,,,,False
character,,,,,,,,,,,,char_016_medic,,,,,,,,,,,,,,,,,,,,,char_002_amiya_1,1,,,,,,,,,,,,,,,,,,0,100,,,,False
name,阿，阿米娅！,,,,,,,,,,,医疗干员,,,,,,,,,,,,,,,,,,,,,,,,,,,,,,,,,,,,,,,,0,101,阿，阿米娅！,あ、アーミヤ！,医療オペレーター,True
character,,,,,,,,,,,,char_016_medic,,,,,,,,,,,,,,,,,,,,,char_002_amiya_1#6,2,,,,,,,,,,,,,,,,,,0,102,,,,False
name,怎么了?,,,,,,,,,,,阿米娅,,,,,,,,,,,,,,,,,,,,,,,,,,,,,,,,,,,,,,,,0,103,怎么了?,どうしたの？,アーミヤ,True
character,,,,,,,,,,,,char_016_medic,,,,,,,,,,,,,,,,,,,,,char_002_amiya_1#6,1,,,,,,,,,,,,,,,,,,0,104,,,,False
name,是......是来自罗德岛的对话请求！,,,,,,,,,,,医疗干员,,,,,,,,,,,,,,,,,,,,,,,,,,,,,,,,,,,,,,,,0,105,是......是来自罗德岛的对话请求！,ロドスから会話リクエストが来ています！,医療オペレーター,True
character,,,,,,,,,,,,char_002_amiya_1#6,,,,,,,,,,,,,,,,,,,,,,-1,,,,,,,,,,,,,,,,,,0,106,,,,False
name,通讯接上了吗！难道说，是凯尔希医......,,,,,,,,,,,阿米娅,,,,,,,,,,,,,,,,,,,,,,,,,,,,,,,,,,,,,,,,0,107,通讯接上了吗！难道说，是凯尔希医......,通信が繋がった！？まさか、ケルシー医……,アーミヤ,True
blocker,,,,,,,0.5,,,,,,,,,,,,true,1,0,0,0,,,,,,,,,,,,,,,,,,,,,,,,,,,,,0,108,,,,False
character,,,,,,,,,,,,char_002_amiya_1#6,,,,,,,,,,,,,,,,,,,,,,-1,,,,,,,,,,,,,,,,,,0,109,,,,False
name,很抱歉，并不是。,,,,,,,,,,,？？？,,,,,,,,,,,,,,,,,,,,,,,,,,,,,,,,,,,,,,,,0,110,很抱歉，并不是。,申し訳ありませんが、違います。,？？？,True
image,,,,,,,,bg_2_call,,,,,,,,,,,,,,,,,,,,,,,,,,,,,,,,,,,,,,,,,,,,0,111,,,,False
playsound,,,,,,,,,,,,,,,,,,,,,,,,,,,,$d_gen_transmissionget,,0.4,,,,,,,,,,,,,,,,,,,,,,0,112,,,,False
blocker,,,,,,,0.8,,,,,,,,,,,,true,0,0,0,0,,,,,,,,,,,,,,,,,,,,,,,,,,,,,0,113,,,,False
character,,,,,,,,,,,,char_002_amiya_1#1,,,,,,,,,,,,,,,,,,,,,,1,,,,,,,,,,,,,,,,,,0,114,,,,False
name,PRTS......？,,,,,,,,,,,阿米娅,,,,,,,,,,,,,,,,,,,,,,,,,,,,,,,,,,,,,,,,0,115,PRTS......？,PRTS……？,アーミヤ,True
character,,,,,,,,,,,,char_002_amiya_1#1,,,,,,,,,,,,,,,,,,,,,,-1,,,,,,,,,,,,,,,,,,0,116,,,,False
name,应急神经连接请求被意外触发了。,,,,,,,,,,,PRTS,,,,,,,,,,,,,,,,,,,,,,,,,,,,,,,,,,,,,,,,0,117,应急神经连接请求被意外触发了。,緊急神経接続リクエストが誤って発動されました。,PRTS,True
name,罗德岛号方面也受到干扰，只有神经连接可以勉强进行。,,,,,,,,,,,PRTS,,,,,,,,,,,,,,,,,,,,,,,,,,,,,,,,,,,,,,,,0,118,罗德岛号方面也受到干扰，只有神经连接可以勉强进行。,ロドス号側も妨害を受けており、神経接続のみがかろうじて維持されています。,PRTS,True
name,无法用电波通讯联系到尚未回到罗德岛的凯尔希。,,,,,,,,,,,PRTS,,,,,,,,,,,,,,,,,,,,,,,,,,,,,,,,,,,,,,,,0,119,无法用电波通讯联系到尚未回到罗德岛的凯尔希。,まだロドスに戻っていないケルシーとの無線通信はできません。,PRTS,True
name,已经确认过阿米娅您的安全，那么我的任务就已经完成了。,,,,,,,,,,,PRTS,,,,,,,,,,,,,,,,,,,,,,,,,,,,,,,,,,,,,,,,0,120,已经确认过阿米娅您的安全，那么我的任务就已经完成了。,アーミヤ様の安全は確認できたため、私の任務は完了しました。,PRTS,True
character,,,,,,,,,,,,char_130_doberm_ex,,,,,,,,,,,,,,,,,,,,,,,,,,,,,,,,,,,,,,,,0,121,,,,False
name,这东西......,,,,,,,,,,,杜宾,,,,,,,,,,,,,,,,,,,,,,,,,,,,,,,,,,,,,,,,0,122,这东西......,これが……,ドーベルマン,True
name,现在真的是时候吗？,,,,,,,,,,,杜宾,,,,,,,,,,,,,,,,,,,,,,,,,,,,,,,,,,,,,,,,0,123,现在真的是时候吗？,今本当にこれが必要なのか？,ドーベルマン,True
character,,,,,,,,,,,,char_002_amiya_1#1,,,,,,,,,,,,,,,,,,,,,,-1,,,,,,,,,,,,,,,,,,0,124,,,,False
name,不需要使用您的神经连接操作罗德岛的话，我将在稍后断开连接。,,,,,,,,,,,PRTS,,,,,,,,,,,,,,,,,,,,,,,,,,,,,,,,,,,,,,,,0,125,不需要使用您的神经连接操作罗德岛的话，我将在稍后断开连接。,神経接続によるロドスの操作が不要であれば、後ほど接続を切断いたします。,PRTS,True
name,如果打扰到了您的派对，万分抱歉。,,,,,,,,,,,PRTS,,,,,,,,,,,,,,,,,,,,,,,,,,,,,,,,,,,,,,,,0,126,如果打扰到了您的派对，万分抱歉。,パーティーの妨げとなった場合は、大変申し訳ありません。,PRTS,True
character,,,,,,,,,,,,char_002_amiya_1#5,,,,,,,,,,,,,,,,,,,,,,1,,,,,,,,,,,,,,,,,,0,127,,,,False
name,不不！别挂断......我需要你帮个忙。,,,,,,,,,,,阿米娅,,,,,,,,,,,,,,,,,,,,,,,,,,,,,,,,,,,,,,,,0,128,不不！别挂断......我需要你帮个忙。,いえいえ！切らないで……お願いしたいことがあるの。,アーミヤ,True
name,杜宾，博士需要这些帮助。,,,,,,,,,,,阿米娅,,,,,,,,,,,,,,,,,,,,,,,,,,,,,,,,,,,,,,,,0,129,杜宾，博士需要这些帮助。,ドーベルマン、ドクターにはこのサポートが必要です。,アーミヤ,True
character,,,,,,,,,,,,char_130_doberm_ex,,,,,,,,,,,,,,,,,,,,,,,,,,,,,,,,,,,,,,,,0,130,,,,False
name,了解了，抓紧时间。,,,,,,,,,,,杜宾,,,,,,,,,,,,,,,,,,,,,,,,,,,,,,,,,,,,,,,,0,131,了解了，抓紧时间。,了解した。急ぐぞ。,ドーベルマン,True
character,,,,,,,,,,,,char_002_amiya_1#5,,,,,,,,,,,,,,,,,,,,,,1,,,,,,,,,,,,,,,,,,0,132,,,,False
name,博士，PRTS也是我们的......同伴，它会指导你下一步的动作。,,,,,,,,,,,阿米娅,,,,,,,,,,,,,,,,,,,,,,,,,,,,,,,,,,,,,,,,0,133,博士，PRTS也是我们的......同伴，它会指导你下一步的动作。,ドクター、PRTSも私たちの……仲間です。次の行動を導いてくれます。,アーミヤ,True
name,虽然时间很紧张，但现在，我要为你重新连接至罗德岛的后勤系统。,,,,,,,,,,,阿米娅,,,,,,,,,,,,,,,,,,,,,,,,,,,,,,,,,,,,,,,,0,134,虽然时间很紧张，但现在，我要为你重新连接至罗德岛的后勤系统。,時間が迫っていますが、今あなたを再びロドスの後方支援システムに接続します。,アーミヤ,True
name,这样在我们作战的时候，你也能利用它为我们取得优势。,,,,,,,,,,,阿米娅,,,,,,,,,,,,,,,,,,,,,,,,,,,,,,,,,,,,,,,,0,135,这样在我们作战的时候，你也能利用它为我们取得优势。,これで私たちが戦っている間、あなたもそれを利用して私たちを有利にできます。,アーミヤ,True
name,可能会很难习惯，和说话不太一样，但只要好好使用，就一定能使整个救援作战更加顺利，所以请你......,,,,,,,,,,,阿米娅,,,,,,,,,,,,,,,,,,,,,,,,,,,,,,,,,,,,,,,,0,136,可能会很难习惯，和说话不太一样，但只要好好使用，就一定能使整个救援作战更加顺利，所以请你......,慣れるまで難しいかもしれません。話すのとは違いますが、しっかり使えば救助作戦がより順調になるはずです。ですから……,アーミヤ,True
name,......相信我吧。按你想要的那样，按你熟悉的那样......,,,,,,,,,,,阿米娅,,,,,,,,,,,,,,,,,,,,,,,,,,,,,,,,,,,,,,,,0,137,......相信我吧。按你想要的那样，按你熟悉的那样......,……私を信じてください。あなたの思うように、あなたが慣れているやり方で……,アーミヤ,True
name,PRTS......开始吧。,,,,,,,,,,,阿米娅,,,,,,,,,,,,,,,,,,,,,,,,,,,,,,,,,,,,,,,,0,138,PRTS......开始吧。,PRTS……始めましょう。,アーミヤ,True
character,,,,,,,,,,,,char_002_amiya_1#1,,,,,,,,,,,,,,,,,,,,,,-1,,,,,,,,,,,,,,,,,,0,139,,,,False
name,需要确认管理员身份，请选择识别方式。,,,,,,,,,,,PRTS,,,,,,,,,,,,,,,,,,,,,,,,,,,,,,,,,,,,,,,,0,140,需要确认管理员身份，请选择识别方式。,管理者の身分を確認する必要があります。認証方法を選択してください。,PRTS,True
character,,,,,,,,,,,,char_002_amiya_1#2,,,,,,,,,,,,,,,,,,,,,,1,,,,,,,,,,,,,,,,,,0,141,,,,False
name,啊，博士......请你说句话。,,,,,,,,,,,阿米娅,,,,,,,,,,,,,,,,,,,,,,,,,,,,,,,,,,,,,,,,0,142,啊，博士......请你说句话。,あ、ドクター……何か話してください。,アーミヤ,True
decision,（说话）,,,,,,,,,,,,,,,,,,,,,,,,,,,,,,,,,,,,,,（说话）,1,,,,,,,,,,,,1,143,（说话）,（話す）,,True
predicate,,,,,,,,,,,,,,,,,,,,,,,,,,,,,,,,,,,,,,,,,1,,,,,,,,,,,0,144,,,,False
playsound,,,,,,,,,,,,,,,,,,,,,,,,,,,,$d_gen_transmissionget,,0.4,,,,,,,,,,,,,,,,,,,,,,0,145,,,,False
character,,,,,,,,,,,,char_002_amiya_1#3,,,,,,,,,,,,,,,,,,,,,,-1,,,,,,,,,,,,,,,,,,0,146,,,,False
name,虽然不知道为什么你不说话，反而触碰了一下屏幕中央——,,,,,,,,,,,PRTS,,,,,,,,,,,,,,,,,,,,,,,,,,,,,,,,,,,,,,,,0,147,虽然不知道为什么你不说话，反而触碰了一下屏幕中央——,何故あなたが話さず、画面中央をタップしたのかは分かりませんが――,PRTS,True
name,——不过我已经找到了相匹配的指纹。身份确认，权限水平：8。,,,,,,,,,,,PRTS,,,,,,,,,,,,,,,,,,,,,,,,,,,,,,,,,,,,,,,,0,148,——不过我已经找到了相匹配的指纹。身份确认，权限水平：8。,――ですが一致する指紋が見つかりました。身元確認、権限レベル：8。,PRTS,True
blocker,,,,,,,0.6,,,,,,,,,,,,true,1,0,0,0,,,,,,,,,,,,,,,,,,,,,,,,,,,,,0,149,,,,False
character,,,,,,,0,,,,,,,,,,,,,,,,,,,,,,,,,,,,,,,,,,,,,,,,,,,,,0,150,,,,False
image,,,,,,,0,avg_ep00,,,,,,,,,,,,,,,,,,,,,,,,,,,,,,,,,,0,0,1,1,,,,,,,0,151,,,,False
blocker,,,,,,,0.6,,,,,,,,,,,,false,0,,,,,,,,,,,,,,,,,,,,,,,,,,,,,,,,0,152,,,,False
imagetween,,,,,,,,,,,,,15,,,,,,false,,,,,,,,,,,,,,,,,1.1,1.1,0,,,,,,,,0,0,-20,1,1,,0,153,,,,False
name,——欢迎回家，博士。,,,,,,,,,,,PRTS,,,,,,,,,,,,,,,,,,,,,,,,,,,,,,,,,,,,,,,,0,154,——欢迎回家，博士。,――おかえりなさいませ、ドクター。,PRTS,True
delay,,,,,,,,,,,0.6,,,,,,,,,,,,,,,,,,,,,,,,,,,,,,,,,,,,,,,,,0,155,,,,False
blocker,,,,,,,,,,,,,,,,,,,true,,,,,,,,,,,,,,,,,,,,,,,,,,,,,,,,,0,156,,,,False
blocker,,,,,,,1,,,,,,,,,,,,true,1,,,,0,,,,,,,,,,,,,,,,,,,,,,,,,,,,0,157,,,,False
gotopage,,,,,,,,,,,,,,,,,,,,,,,,,,,,,,,,,,,,,,,,,,,,,,,,,,,home,0,158,,,,False
