command,text_orig,is_tutorial,is_skippable,is_autoable,fit_mode,deny_auto_switch_scene,key,volume,delay,name,image,fadetime,block,tiled,xScaleTo,yScaleTo,duration,time,a,r,g,b,intro,afrom,rfrom,gfrom,bfrom,effect,keep,initamount,amount,Delay,x,y,xScale,yScale,crossfade,xFrom,yFrom,xTo,yTo,xScaleFrom,yScaleFrom,name2,focus,xstrength,ystrength,vibrato,randomness,width,height,fadeout,options,values,references,stageId,waitForSignal,option_number,index,text,jp_text,jp_name,text_match
header,初始引导,true,true,true,BLACK_MASK,true,,,,,,,,,,,,,,,,,,,,,,,,,,,,,,,,,,,,,,,,,,,,,,,,,,,,0,0,,,,False
playmusic,,,,,,,$babel_loop,0.8,0.2,,,,,,,,,,,,,,,,,,,,,,,,,,,,,,,,,,,,,,,,,,,,,,,,,0,1,,,,False
name,哦，是你。,,,,,,,,,,,,,,,,,,,,,,,,,,,,,,,,,,,,,,,,,,,,,,,,,,,,,,,,,0,2,哦，是你。,ああ、君か。,,True
image,,,,,,,,,,,bg_0_babel,1,true,,,,,,,,,,,,,,,,,,,,,,,,,,,,,,,,,,,,,,,,,,,,,0,3,,,,False
imagetween,,,,,,,,,,,bg_0_babel,,false,true,1.05,1.05,3,,,,,,,,,,,,,,,,,,,,,,,,,,,,,,,,,,,,,,,,,0,4,,,,False
imagetween,,,,,,,,,,,bg_0_babel,,false,true,1.5,1.5,75,,,,,,,,,,,,,,,,,,,,,,,,,,,,,,,,,,,,,,,,,0,5,,,,False
name,离我们上一次见面，已经过去了很久。,,,,,,,,,,,,,,,,,,,,,,,,,,,,,,,,,,,,,,,,,,,,,,,,,,,,,,,,,0,6,离我们上一次见面，已经过去了很久。,私たちが最後に会ってから、ずいぶん時間が経ったね。,,True
name,这段时间里......你一直徘徊在悬崖的边缘。,,,,,,,,,,,,,,,,,,,,,,,,,,,,,,,,,,,,,,,,,,,,,,,,,,,,,,,,,0,7,这段时间里......你一直徘徊在悬崖的边缘。,この間……君はずっと崖っぷちをさまよっていた。,,True
delay,,,,,,,,,,,,,,,,,,1.3,,,,,,,,,,,,,,,,,,,,,,,,,,,,,,,,,,,,,,,,0,8,,,,False
name,你可能已经忘记了你的身份，但你还记得那个名字，这就够了。,,,,,,,,,,,,,,,,,,,,,,,,,,,,,,,,,,,,,,,,,,,,,,,,,,,,,,,,,0,9,你可能已经忘记了你的身份，但你还记得那个名字，这就够了。,自分の身分を忘れてしまったかもしれないが、その名前を覚えているなら、それで十分だ。,,True
name,——好了，别在这里逗留太久。,,,,,,,,,,,,,,,,,,,,,,,,,,,,,,,,,,,,,,,,,,,,,,,,,,,,,,,,,0,10,——好了，别在这里逗留太久。,――さて、ここに長く留まらないで。,,True
name,毕竟，你既不是我的客人，也不应该出现在这里。,,,,,,,,,,,,,,,,,,,,,,,,,,,,,,,,,,,,,,,,,,,,,,,,,,,,,,,,,0,11,毕竟，你既不是我的客人，也不应该出现在这里。,結局、君は私の客でもないし、ここにいるべきでもない。,,True
name,她需要你。,,,,,,,,,,,,,,,,,,,,,,,,,,,,,,,,,,,,,,,,,,,,,,,,,,,,,,,,,0,12,她需要你。,彼女は君を必要としている。,,True
delay,,,,,,,,,,,,,,,,,,1,,,,,,,,,,,,,,,,,,,,,,,,,,,,,,,,,,,,,,,,0,13,,,,False
name,12月23日。,,,,,,,,,,,,,,,,,,,,,,,,,,,,,,,,,,,,,,,,,,,,,,,,,,,,,,,,,0,14,12月23日。,12月23日。,,True
name,你可能记不清这一天对你来说，究竟意味着什么。,,,,,,,,,,,,,,,,,,,,,,,,,,,,,,,,,,,,,,,,,,,,,,,,,,,,,,,,,0,15,你可能记不清这一天对你来说，究竟意味着什么。,この日が君にとって何を意味するのか、もう覚えていないかもしれない。,,True
name,这会让你陷入十分危险的处境。,,,,,,,,,,,,,,,,,,,,,,,,,,,,,,,,,,,,,,,,,,,,,,,,,,,,,,,,,0,16,这会让你陷入十分危险的处境。,それは君を非常に危険な状況に陥れることになる。,,True
name,......,,,,,,,,,,,,,,,,,,,,,,,,,,,,,,,,,,,,,,,,,,,,,,,,,,,,,,,,,0,17,......,……,,True
blocker,,,,,,,,,,,,2,true,,,,,,1,0,0,0,,,,,,,,,,,,,,,,,,,,,,,,,,,,,,,,,,,,0,18,,,,False
name,不。,,,,,,,,,,,,,,,,,,,,,,,,,,,,,,,,,,,,,,,,,,,,,,,,,,,,,,,,,0,19,不。,いいえ。,,True
name,你必须想起来。,,,,,,,,,,,,,,,,,,,,,,,,,,,,,,,,,,,,,,,,,,,,,,,,,,,,,,,,,0,20,你必须想起来。,思い出さなければならない。,,True
playmusic,,,,,,,$ekg_loop,0.8,0,,,,,,,,,,,,,,$ekg_loop,,,,,,,,,,,,,,,,,,,,,,,,,,,,,,,,,,,0,21,,,,False
blocker,,,,,,,,,,,,0.1,true,,,,,,1,255,255,255,,0,0,0,0,,,,,,,,,,,,,,,,,,,,,,,,,,,,,,,0,22,,,,False
cameraeffect,,,,,,,,,,,,0,,,,,,,,,,,,,,,,Grayscale,true,0,1,,,,,,,,,,,,,,,,,,,,,,,,,,,0,23,,,,False
image,,,,,,,,,,,bg_0_am,0,false,true,,,,,,,,,,,,,,,,,,,,,,,,,,,,,,,,,,,,,,,,,,,,0,24,,,,False
blocker,,,,,,,,,,,,0.3,true,,,,,,0,,,,,,,,,,,,,,,,,,,,,,,,,,,,,,,,,,,,,,,0,25,,,,False
cameraeffect,,,,,,,,,,,,18,false,,,,,,,,,,,,,,,Grayscale,,,0,,,,,,,,,,,,,,,,,,,,,,,,,,,0,26,,,,False
delay,,,,,,,,,,,,,,,,,,2,,,,,,,,,,,,,,,,,,,,,,,,,,,,,,,,,,,,,,,,0,27,,,,False
name,......知觉......,,,,,,,,,模糊的声音,,,,,,,,,,,,,,,,,,,,,,,,,,,,,,,,,,,,,,,,,,,,,,,,0,28,......知觉......,……知覚……,ぼんやりとした声,True
name,开始循环............阻升主......停跳液注入完成......,,,,,,,,,模糊的声音,,,,,,,,,,,,,,,,,,,,,,,,,,,,,,,,,,,,,,,,,,,,,,,,0,29,开始循环............阻升主......停跳液注入完成......,循環開始……阻昇主……停止液注入完了……,ぼんやりとした声,True
delay,,,,,,,,,,,,,,,,,,2,,,,,,,,,,,,,,,,,,,,,,,,,,,,,,,,,,,,,,,,0,30,,,,False
cameraeffect,,,,,,,,,,,,8,false,,,,,,,,,,,,,,,Grayscale,,,1,,,,,,,,,,,,,,,,,,,,,,,,,,,0,31,,,,False
name,......体温过低............海克塞米松20cc，静推。,,,,,,,,,模糊的声音,,,,,,,,,,,,,,,,,,,,,,,,,,,,,,,,,,,,,,,,,,,,,,,,0,32,......体温过低............海克塞米松20cc，静推。,……低体温……ヘキサメタゾン20cc、静脈注射。,ぼんやりとした声,True
cameraeffect,,,,,,,,,,,,8,false,,,,,,,,,,,,,,,Grayscale,,,0,,,,,,,,,,,,,,,,,,,,,,,,,,,0,33,,,,False
delay,,,,,,,,,,,,,,,,,,1,,,,,,,,,,,,,,,,,,,,,,,,,,,,,,,,,,,,,,,,0,34,,,,False
name,止血钳！,,,,,,,,,模糊的声音,,,,,,,,,,,,,,,,,,,,,,,,,,,,,,,,,,,,,,,,,,,,,,,,0,35,止血钳！,止血鉗！,ぼんやりとした声,True
name,......状态正常......开始切除......注意室颤......,,,,,,,,,模糊的声音,,,,,,,,,,,,,,,,,,,,,,,,,,,,,,,,,,,,,,,,,,,,,,,,0,36,......状态正常......开始切除......注意室颤......,……状態正常……切除開始……心室細動に注意……,ぼんやりとした声,True
delay,,,,,,,,,,,,,,,,,,1,,,,,,,,,,,,,,,,,,,,,,,,,,,,,,,,,,,,,,,,0,37,,,,False
name,......抱歉......,,,,,,,,,模糊的声音,,,,,,,,,,,,,,,,,,,,,,,,,,,,,,,,,,,,,,,,,,,,,,,,0,38,......抱歉......,……ごめんなさい……,ぼんやりとした声,True
name,又让你受苦了。,,,,,,,,,模糊的声音,,,,,,,,,,,,,,,,,,,,,,,,,,,,,,,,,,,,,,,,,,,,,,,,0,39,又让你受苦了。,また苦しませてしまった。,ぼんやりとした声,True
delay,,,,,,,,,,,,,,,,,,0.5,,,,,,,,,,,,,,,,,,,,,,,,,,,,,,,,,,,,,,,,0,40,,,,False
stopmusic,,,,,,,,,,,,1,,,,,,,,,,,,,,,,,,,,,,,,,,,,,,,,,,,,,,,,,,,,,,0,41,,,,False
background,,,,,,,,,,,,1,false,,,,,,,,,,,,,,,,,,,,,,,,,,,,,,,,,,,,,,,,,,,,,0,42,,,,False
playsound,,,,,,,$flashback,0.3,,,,,,,,,,,,,,,,,,,,,,,,,,,,,,,,,,,,,,,,,,,,,,,,,,0,43,,,,False
playsound,,,,,,,$e_atk_arrow_h,0.2,,,,,,,,,,,,,,,,,,,,,,,,0.4,,,,,,,,,,,,,,,,,,,,,,,,,,0,44,,,,False
playsound,,,,,,,$flashback,0.1,,,,,,,,,,,,,,,,,,,,,,,,0.3,,,,,,,,,,,,,,,,,,,,,,,,,,0,45,,,,False
playsound,,,,,,,$flashback,0.2,,,,,,,,,,,,,,,,,,,,,,,,0.7,,,,,,,,,,,,,,,,,,,,,,,,,,0,46,,,,False
blocker,,,,,,,,,,,,0.1,true,,,,,,1,255,255,255,,0,0,0,0,,,,,,,,,,,,,,,,,,,,,,,,,,,,,,,0,47,,,,False
blocker,,,,,,,,,,,,0.1,true,,,,,,1,159,254,255,,0,0,0,0,,,,,,,,,,,,,,,,,,,,,,,,,,,,,,,0,48,,,,False
blocker,,,,,,,,,,,,0.2,true,,,,,,0.8,255,96,15,,1,14,0,15,,,,,,,,,,,,,,,,,,,,,,,,,,,,,,,0,49,,,,False
blocker,,,,,,,,,,,,0.3,true,,,,,,0.8,0,0,0,,0.8,255,96,15,,,,,,,,,,,,,,,,,,,,,,,,,,,,,,,0,50,,,,False
blocker,,,,,,,,,,,,0.3,true,,,,,,1,0,0,0,,0,0,0,0,,,,,,,,,,,,,,,,,,,,,,,,,,,,,,,0,51,,,,False
blocker,,,,,,,,,,,,2,true,,,,,,1,225,225,225,,1,0,0,0,,,,,,,,,,,,,,,,,,,,,,,,,,,,,,,0,52,,,,False
image,,,,,,,,,,,,0,,,,,,,,,,,,,,,,,,,,,,,,,,,,,,,,,,,,,,,,,,,,,,0,53,,,,False
image,,,,,,,,,,,avg_0_2,0,,,,,,,,,,,,,,,,,,,,,-100,-50,1.3,1.3,,,,,,,,,,,,,,,,,,,,,,0,54,,,,False
name,......,,,,,,,,,？？？,,,,,,,,,,,,,,,,,,,,,,,,,,,,,,,,,,,,,,,,,,,,,,,,0,55,......,……,？？？,True
name,博士......,,,,,,,,,？？？,,,,,,,,,,,,,,,,,,,,,,,,,,,,,,,,,,,,,,,,,,,,,,,,0,56,博士......,ドクター……,？？？,True
blocker,,,,,,,,,,,,10,false,,,,,,0,,,,,,,,,,,,,,,,,,,,,,,,,,,,,,,,,,,,,,,0,57,,,,False
name,.......手！,,,,,,,,,？？？,,,,,,,,,,,,,,,,,,,,,,,,,,,,,,,,,,,,,,,,,,,,,,,,0,58,.......手！,……手を！,？？？,True
name,抓......紧！,,,,,,,,,？？？,,,,,,,,,,,,,,,,,,,,,,,,,,,,,,,,,,,,,,,,,,,,,,,,0,59,抓......紧！,つかんで……！,？？？,True
name,抓紧我的手！！,,,,,,,,,？？？,,,,,,,,,,,,,,,,,,,,,,,,,,,,,,,,,,,,,,,,,,,,,,,,0,60,抓紧我的手！！,私の手を離さないで！！,？？？,True
dialog,,,,,,,,,,,,,,,,,,1,,,,,,,,,,,,,,,,,,,,,,,,,,,,,,,,,,,,,,,,0,61,,,,False
delay,,,,,,,,,,,,,,,,,,1,,,,,,,,,,,,,,,,,,,,,,,,,,,,,,,,,,,,,,,,0,62,,,,False
blocker,,,,,,,,,,,,2,false,,,,,,0,,,,,,,,,,,,,,,,,,,,,,,,,,,,,,,,,,,,,,,0,63,,,,False
delay,,,,,,,,,,,,,,,,,,3,,,,,,,,,,,,,,,,,,,,,,,,,,,,,,,,,,,,,,,,0,64,,,,False
playmusic,,,,,,,$darkness01_loop,0.8,0.5,,,,,,,,,,,,,,$darkness01_intro,,,,,,,,,,,,,,1,,,,,,,,,,,,,,,,,,,,,0,65,,,,False
image,,,,,,,,,,,avg_0_1,2,,,,,,,,,,,,,,,,,,,,,-100,-50,1.3,1.3,,,,,,,,,,,,,,,,,,,,,,0,66,,,,False
imagetween,,,,,,,,,,,,,false,,1,1,35,,,,,,,,,,,,,,,,,,,,,-100,-50,0,0,1.3,1.3,,,,,,,,,,,,,,,0,67,,,,False
name,......,,,,,,,,,？？？,,,,,,,,,,,,,,,,,,,,,,,,,,,,,,,,,,,,,,,,,,,,,,,,0,68,......,……,？？？,True
name,紧急......,,,,,,,,,？？？,,,,,,,,,,,,,,,,,,,,,,,,,,,,,,,,,,,,,,,,,,,,,,,,0,69,紧急......,緊急……,？？？,True
name,......救......,,,,,,,,,？？？,,,,,,,,,,,,,,,,,,,,,,,,,,,,,,,,,,,,,,,,,,,,,,,,0,70,......救......,……救助を……,？？？,True
name,......束了......！,,,,,,,,,？？？,,,,,,,,,,,,,,,,,,,,,,,,,,,,,,,,,,,,,,,,,,,,,,,,0,71,......束了......！,……終わった……！,？？？,True
image,,,,,,,,,,,,2,,,,,,,,,,,,,,,,,,,,,,,,,,,,,,,,,,,,,,,,,,,,,,0,72,,,,False
delay,,,,,,,,,,,,,,,,,,2,,,,,,,,,,,,,,,,,,,,,,,,,,,,,,,,,,,,,,,,0,73,,,,False
delay,,,,,,,,,,,,,,,,,,1,,,,,,,,,,,,,,,,,,,,,,,,,,,,,,,,,,,,,,,,0,74,,,,False
character,,,,,,,,,,char_002_amiya_1#1,,,,,,,,,,,,,,,,,,,,,,,,,,,,,,,,,,,,,,,,,,,,,,,,0,75,,,,False
name,博士，博士！,,,,,,,,,？？？,,,,,,,,,,,,,,,,,,,,,,,,,,,,,,,,,,,,,,,,,,,,,,,,0,76,博士，博士！,ドクター、ドクター！,？？？,True
delay,,,,,,,,,,,,,,,,,,1,,,,,,,,,,,,,,,,,,,,,,,,,,,,,,,,,,,,,,,,0,77,,,,False
name,医生，博士他还好吗？,,,,,,,,,？？？,,,,,,,,,,,,,,,,,,,,,,,,,,,,,,,,,,,,,,,,,,,,,,,,0,78,医生，博士他还好吗？,医者さん、ドクターは大丈夫ですか？,？？？,True
name,刚才，刚才博士......明明已经拉住我的手了。,,,,,,,,,？？？,,,,,,,,,,,,,,,,,,,,,,,,,,,,,,,,,,,,,,,,,,,,,,,,0,79,刚才，刚才博士......明明已经拉住我的手了。,さっき、さっきドクターは……確かに私の手をつかんでくれたのに。,？？？,True
name,但是到现在，博士都没有清醒......怎么办......,,,,,,,,,？？？,,,,,,,,,,,,,,,,,,,,,,,,,,,,,,,,,,,,,,,,,,,,,,,,0,80,但是到现在，博士都没有清醒......怎么办......,でもまだ、ドクターは目を覚ましていなくて……どうしよう……,？？？,True
character,,,,,,,,,,char_016_medic,,,,,,,,,,,,,,,,,,,,,,,,,,,,,,,,,,,,,,,,,,,,,,,,0,81,,,,False
name,阿米娅！别那么着急，稍微冷静点！,,,,,,,,,医疗干员,,,,,,,,,,,,,,,,,,,,,,,,,,,,,,,,,,,,,,,,,,,,,,,,0,82,阿米娅！别那么着急，稍微冷静点！,アーミヤ！そんなに焦らないで、少し落ち着いて！,医療オペレーター,True
character,,,,,,,,,,char_016_medic,,,,,,,,,,,,,,,,,,,,,,,,,,,,,,,,,,char_002_amiya_1#4,2,,,,,,,,,,,,,0,83,,,,False
name,啊......抱，抱歉。,,,,,,,,,阿米娅,,,,,,,,,,,,,,,,,,,,,,,,,,,,,,,,,,,,,,,,,,,,,,,,0,84,啊......抱，抱歉。,あっ……ご、ごめんなさい。,アーミヤ,True
character,,,,,,,,,,char_016_medic,,,,,,,,,,,,,,,,,,,,,,,,,,,,,,,,,,char_002_amiya_1#4,1,,,,,,,,,,,,,0,85,,,,False
name,一遇到和博士有关的事情，你就变得慌慌张张的。,,,,,,,,,医疗干员,,,,,,,,,,,,,,,,,,,,,,,,,,,,,,,,,,,,,,,,,,,,,,,,0,86,一遇到和博士有关的事情，你就变得慌慌张张的。,ドクターのことになると、いつも慌てちゃうんだね。,医療オペレーター,True
name,只不过，阿米娅，如果博士还是.....你该怎么办？,,,,,,,,,医疗干员,,,,,,,,,,,,,,,,,,,,,,,,,,,,,,,,,,,,,,,,,,,,,,,,0,87,只不过，阿米娅，如果博士还是.....你该怎么办？,でも、アーミヤ、もしドクターが……だったら、どうする？,医療オペレーター,True
character,,,,,,,,,,char_016_medic,,,,,,,,,,,,,,,,,,,,,,,,,,,,,,,,,,char_002_amiya_1#4,2,,,,,,,,,,,,,0,88,,,,False
name,——我做好心理准备了。就像我们之前说的那样做。,,,,,,,,,阿米娅,,,,,,,,,,,,,,,,,,,,,,,,,,,,,,,,,,,,,,,,,,,,,,,,0,89,——我做好心理准备了。就像我们之前说的那样做。,――もう覚悟はできてる。前に話した通りにやるよ。,アーミヤ,True
character,,,,,,,,,,char_016_medic,,,,,,,,,,,,,,,,,,,,,,,,,,,,,,,,,,char_002_amiya_1#4,1,,,,,,,,,,,,,0,90,,,,False
name,......我知道了。就按你说的做。,,,,,,,,,医疗干员,,,,,,,,,,,,,,,,,,,,,,,,,,,,,,,,,,,,,,,,,,,,,,,,0,91,......我知道了。就按你说的做。,……わかった、君の言うとおりにしよう。,医療オペレーター,True
character,,,,,,,,,,char_016_medic,,,,,,,,,,,,,,,,,,,,,,,,,,,,,,,,,,char_002_amiya_1#1,2,,,,,,,,,,,,,0,92,,,,False
name,那就......拜托你了。,,,,,,,,,阿米娅,,,,,,,,,,,,,,,,,,,,,,,,,,,,,,,,,,,,,,,,,,,,,,,,0,93,那就......拜托你了。,じゃあ……お願いするね。,アーミヤ,True
character,,,,,,,,,,char_016_medic,,,,,,,,,,,,,,,,,,,,,,,,,,,,,,,,,,char_002_amiya_1#4,2,,,,,,,,,,,,,0,94,,,,False
name,那博士......,,,,,,,,,阿米娅,,,,,,,,,,,,,,,,,,,,,,,,,,,,,,,,,,,,,,,,,,,,,,,,0,95,那博士......,それでドクターは……,アーミヤ,True
character,,,,,,,,,,char_016_medic,,,,,,,,,,,,,,,,,,,,,,,,,,,,,,,,,,char_002_amiya_1#4,1,,,,,,,,,,,,,0,96,,,,False
name,放心吧阿米娅，博士的状况已经稳定了。,,,,,,,,,医疗干员,,,,,,,,,,,,,,,,,,,,,,,,,,,,,,,,,,,,,,,,,,,,,,,,0,97,放心吧阿米娅，博士的状况已经稳定了。,心配しないで、アーミヤ。ドクターの状態は安定しているよ。,医療オペレーター,True
name,我再检查一次好了，包在我身上。,,,,,,,,,医疗干员,,,,,,,,,,,,,,,,,,,,,,,,,,,,,,,,,,,,,,,,,,,,,,,,0,98,我再检查一次好了，包在我身上。,もう一度確認してみる、私に任せて。,医療オペレーター,True
character,,,,,,,,,,char_016_medic,,,,,,,,,,,,,,,,,,,,,,,,,,,,,,,,,,char_002_amiya_1#4,2,,,,,,,,,,,,,0,99,,,,False
name,那就......拜托你了！,,,,,,,,,阿米娅,,,,,,,,,,,,,,,,,,,,,,,,,,,,,,,,,,,,,,,,,,,,,,,,0,100,那就......拜托你了！,じゃあ……頼んだよ！,アーミヤ,True
delay,,,,,,,,,,,,,,,,,,1,,,,,,,,,,,,,,,,,,,,,,,,,,,,,,,,,,,,,,,,0,101,,,,False
character,,,,,,,,,,char_016_medic,,,,,,,,,,,,,,,,,,,,,,,,,,,,,,,,,,,,,,,,,,,,,,,,0,102,,,,False
name,嗯。呼吸比较微弱，血压正常。应该不要紧的。,,,,,,,,,医疗干员,,,,,,,,,,,,,,,,,,,,,,,,,,,,,,,,,,,,,,,,,,,,,,,,0,103,嗯。呼吸比较微弱，血压正常。应该不要紧的。,うん。呼吸は少し弱いが血圧は正常だ。大丈夫だろう。,医療オペレーター,True
blocker,,,,,,,,,,,,0.1,true,,,,,,0.6,255,150,13,,0,0,0,0,,,,,,,,,,,,,,,,,,,,,,,,,,,,,,,0,104,,,,False
playsound,,,,,,,$e_atk_blunt_n,,,,,,,,,,,,,,,,,,,,,,,,,,,,,,,,,,,,,,,,,,,,,,,,,,,0,105,,,,False
camerashake,,,,,,,,,,,,,true,,,,0.5,,,,,,,,,,,,,,,,,,,,,,,,,,,,,3,4,30,90,,,,,,,,,0,106,,,,False
blocker,,,,,,,,,,,,0.2,true,,,,,,0,,,,,,,,,,,,,,,,,,,,,,,,,,,,,,,,,,,,,,,0,107,,,,False
background,,,,,,,,,,,bg_indoor_1,0.5,true,,,,,,,,,,,,,,,,,,,,,,,,,,,,,,,,,,,,,1,1,,,,,,,0,108,,,,False
character,,,,,,,,,,char_002_amiya_1#6,,,,,,,,,,,,,,,,,,,,,,,,,,,,,,,,,,,,,,,,,,,,,,,,0,109,,,,False
name,——！,,,,,,,,,阿米娅,,,,,,,,,,,,,,,,,,,,,,,,,,,,,,,,,,,,,,,,,,,,,,,,0,110,——！,――！,アーミヤ,True
character,,,,,,,,,,char_016_medic,,,,,,,,,,,,,,,,,,,,,,,,,,,,,,,,,,,,,,,,,,,,,,,,0,111,,,,False
name,......,,,,,,,,,医疗干员,,,,,,,,,,,,,,,,,,,,,,,,,,,,,,,,,,,,,,,,,,,,,,,,0,112,......,……,医療オペレーター,True
name,你醒了？,,,,,,,,,医疗干员,,,,,,,,,,,,,,,,,,,,,,,,,,,,,,,,,,,,,,,,,,,,,,,,0,113,你醒了？,目を覚ました？,医療オペレーター,True
name,阿米娅，成功了，博士清醒了！,,,,,,,,,医疗干员,,,,,,,,,,,,,,,,,,,,,,,,,,,,,,,,,,,,,,,,,,,,,,,,0,114,阿米娅，成功了，博士清醒了！,アーミヤ、成功だよ。ドクターが目を覚ました！,医療オペレーター,True
character,,,,,,,,,,char_002_amiya_1#3,,,,,,,,,,,,,,,,,,,,,,,,,,,,,,,,,,,,,,,,,,,,,,,,0,115,,,,False
name,博士......？,,,,,,,,,阿米娅,,,,,,,,,,,,,,,,,,,,,,,,,,,,,,,,,,,,,,,,,,,,,,,,0,116,博士......？,ドクター……？,アーミヤ,True
name,太好了，太好了......博士......,,,,,,,,,阿米娅,,,,,,,,,,,,,,,,,,,,,,,,,,,,,,,,,,,,,,,,,,,,,,,,0,117,太好了，太好了......博士......,よかった、よかった……ドクター……,アーミヤ,True
character,,,,,,,,,,char_016_medic,,,,,,,,,,,,,,,,,,,,,,,,,,,,,,,,,,,,,,,,,,,,,,,,0,118,,,,False
name,啊，小心！你现在还不能......,,,,,,,,,医疗干员,,,,,,,,,,,,,,,,,,,,,,,,,,,,,,,,,,,,,,,,,,,,,,,,0,119,啊，小心！你现在还不能......,あっ、気をつけて！まだ動いちゃ……,医療オペレーター,True
blocker,,,,,,,,,,,,0.1,true,,,,,,0.5,1,0.5,0.5,,0,0,0,0,,,,,,,,,,,,,,,,,,,,,,,,,,,,,,,0,120,,,,False
blocker,,,,,,,,,,,,0.1,true,,,,,,0,,,,,,,,,,,,,,,,,,,,,,,,,,,,,,,,,,,,,,,0,121,,,,False
camerashake,,,,,,,,,,,,,false,,,,0.5,,,,,,,,,,,,,,,,,,,,,,,,,,,,,10,12,15,90,,,true,,,,,,0,122,,,,False
character,,,,,,,,,,char_016_medic,,,,,,,,,,,,,,,,,,,,,,,,,,,,,,,,,,,,,,,,,,,,,,,,0,123,,,,False
name,先别动，你的身体还没有完全适应。,,,,,,,,,医疗干员,,,,,,,,,,,,,,,,,,,,,,,,,,,,,,,,,,,,,,,,,,,,,,,,0,124,先别动，你的身体还没有完全适应。,まだ動かないで、体が完全に慣れていないから。,医療オペレーター,True
character,,,,,,,,,,char_002_amiya_1#4,,,,,,,,,,,,,,,,,,,,,,,,,,,,,,,,,,,,,,,,,,,,,,,,0,125,,,,False
name,博士......？,,,,,,,,,阿米娅,,,,,,,,,,,,,,,,,,,,,,,,,,,,,,,,,,,,,,,,,,,,,,,,0,126,博士......？,ドクター……？,アーミヤ,True
delay,,,,,,,,,,,,,,,,,,1,,,,,,,,,,,,,,,,,,,,,,,,,,,,,,,,,,,,,,,,0,127,,,,False
character,,,,,,,,,,char_002_amiya_1#3,,,,,,,,,,,,,,,,,,,,,,,,,,,,,,,,,,,-1,,,,,,,,,,,,,0,128,,,,False
decision,你们......是谁？,,,,,,,,,,,,,,,,,,,,,,,,,,,,,,,,,,,,,,,,,,,,,,,,,,,,你们......是谁？,1,,,,1,129,你们......是谁？,君たちは……誰？,,True
predicate,,,,,,,,,,,,,,,,,,,,,,,,,,,,,,,,,,,,,,,,,,,,,,,,,,,,,,,1,,,0,130,,,,False
character,,,,,,,,,,char_002_amiya_1#6,,,,,,,,,,,,,,,,,,,,,,,,,,,,,,,,,,,,,,,,,,,,,,,,0,131,,,,False
name,啊——博士——我......,,,,,,,,,阿米娅,,,,,,,,,,,,,,,,,,,,,,,,,,,,,,,,,,,,,,,,,,,,,,,,0,132,啊——博士——我......,あ――ドクター――私……,アーミヤ,True
character,,,,,,,,,,char_002_amiya_1#4,,,,,,,,,,,,,,,,,,,,,,,,,,,,,,,,,,,,,,,,,,,,,,,,0,133,,,,False
name,......,,,,,,,,,阿米娅,,,,,,,,,,,,,,,,,,,,,,,,,,,,,,,,,,,,,,,,,,,,,,,,0,134,......,……,アーミヤ,True
character,,,,,,,,,,char_002_amiya_1,,,,,,,,,,,,,,,,,,,,,,,,,,,,,,,,,,,,,,,,,,,,,,,,0,135,,,,False
name,我叫阿米娅。,,,,,,,,,阿米娅,,,,,,,,,,,,,,,,,,,,,,,,,,,,,,,,,,,,,,,,,,,,,,,,0,136,我叫阿米娅。,私はアーミヤというの。,アーミヤ,True
name,我们是来救你的。,,,,,,,,,阿米娅,,,,,,,,,,,,,,,,,,,,,,,,,,,,,,,,,,,,,,,,,,,,,,,,0,137,我们是来救你的。,私たちはあなたを救いに来たんだ。,アーミヤ,True
decision,......我是......？,,,,,,,,,,,,,,,,,,,,,,,,,,,,,,,,,,,,,,,,,,,,,,,,,,,,......我是......？,1,,,,1,138,......我是......？,……私は……？,,True
predicate,,,,,,,,,,,,,,,,,,,,,,,,,,,,,,,,,,,,,,,,,,,,,,,,,,,,,,,1,,,0,139,,,,False
character,,,,,,,,,,char_002_amiya_1#4,,,,,,,,,,,,,,,,,,,,,,,,,,,,,,,,,,,,,,,,,,,,,,,,0,140,,,,False
name,你......,,,,,,,,,阿米娅,,,,,,,,,,,,,,,,,,,,,,,,,,,,,,,,,,,,,,,,,,,,,,,,0,141,你......,あなたは……,アーミヤ,True
name,你和我们一样，也是“罗德岛”组织的一员。,,,,,,,,,阿米娅,,,,,,,,,,,,,,,,,,,,,,,,,,,,,,,,,,,,,,,,,,,,,,,,0,142,你和我们一样，也是“罗德岛”组织的一员。,あなたも私たちと同じ“ロドス”の一員だよ。,アーミヤ,True
name,......是我的同伴。,,,,,,,,,阿米娅,,,,,,,,,,,,,,,,,,,,,,,,,,,,,,,,,,,,,,,,,,,,,,,,0,143,......是我的同伴。,……私の仲間なんだ。,アーミヤ,True
name,——博士。,,,,,,,,,阿米娅,,,,,,,,,,,,,,,,,,,,,,,,,,,,,,,,,,,,,,,,,,,,,,,,0,144,——博士。,――ドクター。,アーミヤ,True
name,你是我，最重要的同伴。,,,,,,,,,阿米娅,,,,,,,,,,,,,,,,,,,,,,,,,,,,,,,,,,,,,,,,,,,,,,,,0,145,你是我，最重要的同伴。,あなたは私にとって、一番大事な仲間。,アーミヤ,True
name,博士......不记得了吗？,,,,,,,,,阿米娅,,,,,,,,,,,,,,,,,,,,,,,,,,,,,,,,,,,,,,,,,,,,,,,,0,146,博士......不记得了吗？,ドクター……覚えていないの？,アーミヤ,True
decision,是吗......初次见面，阿米娅。,,,,,,,,,,,,,,,,,,,,,,,,,,,,,,,,,,,,,,,,,,,,,,,,,,,,......我真的能相信你吗？;......;是吗......初次见面，阿米娅。,1;2;3,,,,3,147,是吗......初次见面，阿米娅。,そうか……初めまして、アーミヤ。,,True
decision,......,,,,,,,,,,,,,,,,,,,,,,,,,,,,,,,,,,,,,,,,,,,,,,,,,,,,......我真的能相信你吗？;......;是吗......初次见面，阿米娅。,1;2;3,,,,3,148,......,……,,True
decision,......我真的能相信你吗？,,,,,,,,,,,,,,,,,,,,,,,,,,,,,,,,,,,,,,,,,,,,,,,,,,,,......我真的能相信你吗？;......;是吗......初次见面，阿米娅。,1;2;3,,,,3,149,......我真的能相信你吗？,……本当に君を信じていいのか？,,True
predicate,,,,,,,,,,,,,,,,,,,,,,,,,,,,,,,,,,,,,,,,,,,,,,,,,,,,,,,1,,,0,150,,,,False
character,,,,,,,,,,char_002_amiya_1#4,,,,,,,,,,,,,,,,,,,,,,,,,,,,,,,,,,,,,,,,,,,,,,,,0,151,,,,False
name,......,,,,,,,,,阿米娅,,,,,,,,,,,,,,,,,,,,,,,,,,,,,,,,,,,,,,,,,,,,,,,,0,152,......,……,アーミヤ,True
name,我知道。我知道这对于博士你来说很难接受。,,,,,,,,,阿米娅,,,,,,,,,,,,,,,,,,,,,,,,,,,,,,,,,,,,,,,,,,,,,,,,0,153,我知道。我知道这对于博士你来说很难接受。,わかってる。これがドクターにとって受け入れがたいことも。,アーミヤ,True
name,我没有奢望你现在就能回忆起过去，也不会要求你现在就信任我。,,,,,,,,,阿米娅,,,,,,,,,,,,,,,,,,,,,,,,,,,,,,,,,,,,,,,,,,,,,,,,0,154,我没有奢望你现在就能回忆起过去，也不会要求你现在就信任我。,今すぐ過去を思い出してほしいとも、今すぐ私を信じてほしいとも思っていないよ。,アーミヤ,True
predicate,,,,,,,,,,,,,,,,,,,,,,,,,,,,,,,,,,,,,,,,,,,,,,,,,,,,,,,2,,,0,155,,,,False
character,,,,,,,,,,char_002_amiya_1#4,,,,,,,,,,,,,,,,,,,,,,,,,,,,,,,,,,,,,,,,,,,,,,,,0,156,,,,False
name,难道说，博士也不记得我了......,,,,,,,,,阿米娅,,,,,,,,,,,,,,,,,,,,,,,,,,,,,,,,,,,,,,,,,,,,,,,,0,157,难道说，博士也不记得我了......,まさか、ドクターは私のことも覚えていないの……,アーミヤ,True
name,......,,,,,,,,,阿米娅,,,,,,,,,,,,,,,,,,,,,,,,,,,,,,,,,,,,,,,,,,,,,,,,0,158,......,……,アーミヤ,True
name,就算是这样......我也不会放弃的。,,,,,,,,,阿米娅,,,,,,,,,,,,,,,,,,,,,,,,,,,,,,,,,,,,,,,,,,,,,,,,0,159,就算是这样......我也不会放弃的。,それでも……私は諦めない。,アーミヤ,True
name,我们为了找到你，已经付出了很多很多......,,,,,,,,,阿米娅,,,,,,,,,,,,,,,,,,,,,,,,,,,,,,,,,,,,,,,,,,,,,,,,0,160,我们为了找到你，已经付出了很多很多......,私たちはあなたを見つけるために、たくさんのことを犠牲にしてきたんだ……,アーミヤ,True
predicate,,,,,,,,,,,,,,,,,,,,,,,,,,,,,,,,,,,,,,,,,,,,,,,,,,,,,,,3,,,0,161,,,,False
character,,,,,,,,,,char_002_amiya_1#6,,,,,,,,,,,,,,,,,,,,,,,,,,,,,,,,,,,,,,,,,,,,,,,,0,162,,,,False
name,啊，你，你好。,,,,,,,,,阿米娅,,,,,,,,,,,,,,,,,,,,,,,,,,,,,,,,,,,,,,,,,,,,,,,,0,163,啊，你，你好。,あ、あの、はじめまして。,アーミヤ,True
name,......,,,,,,,,,阿米娅,,,,,,,,,,,,,,,,,,,,,,,,,,,,,,,,,,,,,,,,,,,,,,,,0,164,......,……,アーミヤ,True
character,,,,,,,,,,char_002_amiya_1#4,,,,,,,,,,,,,,,,,,,,,,,,,,,,,,,,,,,,,,,,,,,,,,,,0,165,,,,False
name,不，我不是......我不知道该怎么说......很多事情都不再是以前那样了。,,,,,,,,,阿米娅,,,,,,,,,,,,,,,,,,,,,,,,,,,,,,,,,,,,,,,,,,,,,,,,0,166,不，我不是......我不知道该怎么说......很多事情都不再是以前那样了。,いいえ、私は……どう言えばいいのか……もう昔の通りじゃないことがたくさんあるの。,アーミヤ,True
name,就连我，肯定也变得和过去不一样......,,,,,,,,,阿米娅,,,,,,,,,,,,,,,,,,,,,,,,,,,,,,,,,,,,,,,,,,,,,,,,0,167,就连我，肯定也变得和过去不一样......,私自身も、きっと昔とは違ってしまった……,アーミヤ,True
predicate,,,,,,,,,,,,,,,,,,,,,,,,,,,,,,,,,,,,,,,,,,,,,,,,,,,,,,,1;2;3,,,0,168,,,,False
character,,,,,,,,,,char_002_amiya_1#1,,,,,,,,,,,,,,,,,,,,,,,,,,,,,,,,,,,,,,,,,,,,,,,,0,169,,,,False
name,至少，对我来说，博士始终是我最重要的人。无论发生什么事，这一点是不会改变的。,,,,,,,,,阿米娅,,,,,,,,,,,,,,,,,,,,,,,,,,,,,,,,,,,,,,,,,,,,,,,,0,170,至少，对我来说，博士始终是我最重要的人。无论发生什么事，这一点是不会改变的。,少なくとも、私にとってドクターはずっと一番大事な存在。何があろうと、それは変わらないよ。,アーミヤ,True
name,所以，请你.....请你多给我一点时间。,,,,,,,,,阿米娅,,,,,,,,,,,,,,,,,,,,,,,,,,,,,,,,,,,,,,,,,,,,,,,,0,171,所以，请你.....请你多给我一点时间。,だから、お願い……もう少しだけ時間をください。,アーミヤ,True
name,哪怕只是一小段时间......,,,,,,,,,阿米娅,,,,,,,,,,,,,,,,,,,,,,,,,,,,,,,,,,,,,,,,,,,,,,,,0,172,哪怕只是一小段时间......,ほんの少しの時間でも……,アーミヤ,True
decision,......,,,,,,,,,,,,,,,,,,,,,,,,,,,,,,,,,,,,,,,,,,,,,,,,,,,,......,1,,,,1,173,......,……,,True
predicate,,,,,,,,,,,,,,,,,,,,,,,,,,,,,,,,,,,,,,,,,,,,,,,,,,,,,,,1,,,0,174,,,,False
character,,,,,,,,,,char_002_amiya_1#1,,,,,,,,,,,,,,,,,,,,,,,,,,,,,,,,,,char_016_medic,2,,,,,,,,,,,,,0,175,,,,False
name,博士真的......失忆了吗？,,,,,,,,,医疗干员,,,,,,,,,,,,,,,,,,,,,,,,,,,,,,,,,,,,,,,,,,,,,,,,0,176,博士真的......失忆了吗？,ドクター、本当に……記憶を失ったの？,医療オペレーター,True
character,,,,,,,,,,char_002_amiya_1#1,,,,,,,,,,,,,,,,,,,,,,,,,,,,,,,,,,char_016_medic,1,,,,,,,,,,,,,0,177,,,,False
name,......,,,,,,,,,阿米娅,,,,,,,,,,,,,,,,,,,,,,,,,,,,,,,,,,,,,,,,,,,,,,,,0,178,......,……,アーミヤ,True
name,没关系，如果，这样能给博士一点空间的话......,,,,,,,,,阿米娅,,,,,,,,,,,,,,,,,,,,,,,,,,,,,,,,,,,,,,,,,,,,,,,,0,179,没关系，如果，这样能给博士一点空间的话......,大丈夫、もしこれでドクターに少し余裕ができるなら……,アーミヤ,True
decision,这里到底是......,,,,,,,,,,,,,,,,,,,,,,,,,,,,,,,,,,,,,,,,,,,,,,,,,,,,这里到底是......,1,,,,1,180,这里到底是......,ここは一体……,,True
predicate,,,,,,,,,,,,,,,,,,,,,,,,,,,,,,,,,,,,,,,,,,,,,,,,,,,,,,,1,,,0,181,,,,False
name,这里——,,,,,,,,,阿米娅,,,,,,,,,,,,,,,,,,,,,,,,,,,,,,,,,,,,,,,,,,,,,,,,0,182,这里——,ここは――,アーミヤ,True
character,,,,,,,,,,,,0.5,,,,,,,,,,,,,,,,,,,,,,,,,,,,,,,,,,,,,,,,,,,,,,0,183,,,,False
camerashake,,,,,,,,,,,,,false,,,,0.5,,,,,,,,,,,,,,,,,,,,,,,,,,,,,8,10,30,90,,,,,,,,,0,184,,,,False
playsound,,,,,,,$b_char_rockexplo,,,,,,,,,,,,,,,,,,,,,,,,,,,,,,,,,,,,,,,,,,,,,,,,,,,0,185,,,,False
stopmusic,,,,,,,,,,,,0.8,,,,,,,,,,,,,,,,,,,,,,,,,,,,,,,,,,,,,,,,,,,,,,0,186,,,,False
character,,,,,,,,,,char_002_amiya_1#6,,,,,,,,,,,,,,,,,,,,,,,,,,,,,,,,,,,,,,,,,,,,,,,,0,187,,,,False
name,诶？发生了什————,,,,,,,,,阿米娅,,,,,,,,,,,,,,,,,,,,,,,,,,,,,,,,,,,,,,,,,,,,,,,,0,188,诶？发生了什————,え？何が―――,アーミヤ,True
character,,,,,,,,,,char_002_amiya_1#6,,,,,,,,,,,,,,,,,,,,,,,,,,,,,,,,,,char_013_riop,2,,,,,,,,,,,,,0,189,,,,False
name,阿米娅，有情况！,,,,,,,,,全副武装的男性,,,,,,,,,,,,,,,,,,,,,,,,,,,,,,,,,,,,,,,,,,,,,,,,0,190,阿米娅，有情况！,アーミヤ、何か起きた！,完全武装の男性,True
character,,,,,,,,,,char_002_amiya_1#6,,,,,,,,,,,,,,,,,,,,,,,,,,,,,,,,,,char_013_riop,2,,,,,,,,,,,,,0,191,,,,False
name,有人闯进了设施！,,,,,,,,,全副武装的男性,,,,,,,,,,,,,,,,,,,,,,,,,,,,,,,,,,,,,,,,,,,,,,,,0,192,有人闯进了设施！,誰かが施設に侵入した！,完全武装の男性,True
blocker,,,,,,,,,,,,0.6,true,,,,,,1,0,0,0,,0,0,0,0,,,,,,,,,,,,,,,,,,,,,,,,,,,,,,,0,193,,,,False
playmusic,,,,,,,$escape_loop,0.8,0.5,,,,,,,,,,,,,,$escape_intro,,,,,,,,,,,,,,1.5,,,,,,,,,,,,,,,,,,,,,0,194,,,,False
camerashake,,,,,,,,,,,,,false,,,,0.5,,,,,,,,,,,,,,,,,,,,,,,,,,,,,8,10,30,90,,,,,,,,,0,195,,,,False
character,,,,,,,,,,char_1002_nsabr_1,,,,,,,,,,,,,,,,,,,,,,,,,,,,,,,,,,,,,,,,,,,,,,,,0,196,,,,False
blocker,,,,,,,,,,,,0.1,true,,,,,,1,255,255,255,,0,0,0,0,,,,,,,,,,,,,,,,,,,,,,,,,,,,,,,0,197,,,,False
playsound,,,,,,,$b_char_rockexplo,,,,,,,,,,,,,,,,,,,,,,,,,,,,,,,,,,,,,,,,,,,,,,,,,,,0,198,,,,False
blocker,,,,,,,,,,,,1.5,true,,,,,,0,,,,,,,,,,,,,,,,,,,,,,,,,,,,,,,,,,,,,,,0,199,,,,False
delay,,,,,,,,,,,,,,,,,,0.7,,,,,,,,,,,,,,,,,,,,,,,,,,,,,,,,,,,,,,,,0,200,,,,False
character,,,,,,,,,,char_002_amiya_1#6,,,,,,,,,,,,,,,,,,,,,,,,,,,,,,,,,,char_013_riop,2,,,,,,,,,,,,,0,201,,,,False
name,他们的打扮......不是乌萨斯士兵！,,,,,,,,,全副武装的男性,,,,,,,,,,,,,,,,,,,,,,,,,,,,,,,,,,,,,,,,,,,,,,,,0,202,他们的打扮......不是乌萨斯士兵！,あいつらの格好……ウルサス兵じゃない！,完全武装の男性,True
character,,,,,,,,,,char_1002_nsabr_1,,,,,,,,,,,,,,,,,,,,,,,,,,,,,,,,,,,,,,,,,,,,,,,,0,203,,,,False
camerashake,,,,,,,,,,,,,false,,,,1,,,,,,,,,,,,,,,,,,,,,,,,,,,,,4,4,30,90,,,,,,,,,0,204,,,,False
playsound,,,,,,,$d_gen_soldiersrun,,,,,,,,,,,,,,,,,,,,,,,,,,,,,,,,,,,,,,,,,,,,,,,,,,,0,205,,,,False
name,——————,,,,,,,,,整合运动成员,,,,,,,,,,,,,,,,,,,,,,,,,,,,,,,,,,,,,,,,,,,,,,,,0,206,——————,―――――,インテグラルムーブメントのメンバー,True
character,,,,,,,,,,char_013_riop,,,,,,,,,,,,,,,,,,,,,,,,,,,,,,,,,,,,,,,,,,,,,,,,0,207,,,,False
name,你们想干什么！,,,,,,,,,全副武装的男性,,,,,,,,,,,,,,,,,,,,,,,,,,,,,,,,,,,,,,,,,,,,,,,,0,208,你们想干什么！,お前たち、何をするつもりだ！,完全武装の男性,True
blocker,,,,,,,,,,,,0.02,true,,,,,,0.7,0.95,0.95,0.95,,,,,,,,,,,,,,,,,,,,,,,,,,,,,,,,,,,,0,209,,,,False
playsound,,,,,,,$d_sp_ballista,,,,,,,,,,,,,,,,,,,,,,,,,,,,,,,,,,,,,,,,,,,,,,,,,,,0,210,,,,False
blocker,,,,,,,,,,,,0.25,true,,,,,,0,0.95,0.95,0.95,,,,,,,,,,,,,,,,,,,,,,,,,,,,,,,,,,,,0,211,,,,False
camerashake,,,,,,,,,,,,,true,,,,0.6,,,,,,,,,,,,,,,,,,,,,,,,,,,,,5,8,30,90,,,,,,,,,0,212,,,,False
character,,,,,,,,,,char_013_riop,,,,,,,,,,,,,,,,,,,,,,,,,,,,,,,,,,,,,,,,,,,,,,,,0,213,,,,False
name,敌袭！阿米娅，敌人装备了重火力兵器！,,,,,,,,,全副武装的男性,,,,,,,,,,,,,,,,,,,,,,,,,,,,,,,,,,,,,,,,,,,,,,,,0,214,敌袭！阿米娅，敌人装备了重火力兵器！,敵襲だ！アーミヤ、敵は重火力武器を装備している！,完全武装の男性,True
blocker,,,,,,,,,,,,0.02,true,,,,,,0.7,0.95,0.95,0.95,,,,,,,,,,,,,,,,,,,,,,,,,,,,,,,,,,,,0,215,,,,False
playsound,,,,,,,$e_atk_arrow_h,,,,,,,,,,,,,,,,,,,,,,,,,,,,,,,,,,,,,,,,,,,,,,,,,,,0,216,,,,False
playsound,,,,,,,$e_atk_arrow_h,,,,,,,,,,,,,,,,,,,,,,,,,,,,,,,,,,,,,,,,,,,,,,,,,,,0,217,,,,False
blocker,,,,,,,,,,,,0.25,true,,,,,,0,0.95,0.95,0.95,,,,,,,,,,,,,,,,,,,,,,,,,,,,,,,,,,,,0,218,,,,False
camerashake,,,,,,,,,,,,,true,,,,0.6,,,,,,,,,,,,,,,,,,,,,,,,,,,,,5,8,30,90,,,,,,,,,0,219,,,,False
character,,,,,,,,,,char_016_medic,,,,,,,,,,,,,,,,,,,,,,,,,,,,,,,,,,,,,,,,,,,,,,,,0,220,,,,False
name,唔唔唔唔！,,,,,,,,,医疗干员,,,,,,,,,,,,,,,,,,,,,,,,,,,,,,,,,,,,,,,,,,,,,,,,0,221,唔唔唔唔！,うううう！,医療オペレーター,True
character,,,,,,,,,,char_002_amiya_1#7,,,,,,,,,,,,,,,,,,,,,,,,,,,,,,,,,,,,,,,,,,,,,,,,0,222,,,,False
name,大家注意！利用掩体，保护好博士！,,,,,,,,,阿米娅,,,,,,,,,,,,,,,,,,,,,,,,,,,,,,,,,,,,,,,,,,,,,,,,0,223,大家注意！利用掩体，保护好博士！,みんな注意して！遮蔽物を使ってドクターを守って！,アーミヤ,True
name,这打扮难道是......整合运动？怎么会......,,,,,,,,,阿米娅,,,,,,,,,,,,,,,,,,,,,,,,,,,,,,,,,,,,,,,,,,,,,,,,0,224,这打扮难道是......整合运动？怎么会......,この格好……まさかインテグラルムーブメント？どうして……,アーミヤ,True
name,近卫人员......做好战斗准备！,,,,,,,,,阿米娅,,,,,,,,,,,,,,,,,,,,,,,,,,,,,,,,,,,,,,,,,,,,,,,,0,225,近卫人员......做好战斗准备！,近衛隊員……戦闘準備を！,アーミヤ,True
character,,,,,,,,,,char_013_riop,,,,,,,,,,,,,,,,,,,,,,,,,,,,,,,,,,,,,,,,,,,,,,,,0,226,,,,False
name,明白！,,,,,,,,,近卫干员,,,,,,,,,,,,,,,,,,,,,,,,,,,,,,,,,,,,,,,,,,,,,,,,0,227,明白！,了解！,近衛オペレーター,True
camerashake,,,,,,,,,,,,,false,,,,0.5,,,,,,,,,,,,,,,,,,,,,,,,,,,,,8,10,30,90,,,,,,,,,0,228,,,,False
blocker,,,,,,,,,,,,0.1,true,,,,,,1,255,255,255,,0,0,0,0,,,,,,,,,,,,,,,,,,,,,,,,,,,,,,,0,229,,,,False
playsound,,,,,,,$d_sp_ballista,,,,,,,,,,,,,,,,,,,,,,,,,,,,,,,,,,,,,,,,,,,,,,,,,,,0,230,,,,False
blocker,,,,,,,,,,,,1.5,true,,,,,,0,,,,,,,,,,,,,,,,,,,,,,,,,,,,,,,,,,,,,,,0,231,,,,False
character,,,,,,,,,,char_013_riop,,,,,,,,,,,,,,,,,,,,,,,,,,,,,,,,,,,,,,,,,,,,,,,,0,232,,,,False
name,可恶，这些家伙是冲着博士来的吗！,,,,,,,,,近卫干员,,,,,,,,,,,,,,,,,,,,,,,,,,,,,,,,,,,,,,,,,,,,,,,,0,233,可恶，这些家伙是冲着博士来的吗！,くそっ、こいつらはドクターを狙ってるのか！,近衛オペレーター,True
character,,,,,,,,,,char_002_amiya_1,,,,,,,,,,,,,,,,,,,,,,,,,,,,,,,,,,char_013_riop,1,,,,,,,,,,,,,0,234,,,,False
name,不......博士的存在不会有别人知道才对。,,,,,,,,,阿米娅,,,,,,,,,,,,,,,,,,,,,,,,,,,,,,,,,,,,,,,,,,,,,,,,0,235,不......博士的存在不会有别人知道才对。,そんな……ドクターの存在は他の人が知るはずがないのに。,アーミヤ,True
character,,,,,,,,,,char_002_amiya_1#7,,,,,,,,,,,,,,,,,,,,,,,,,,,,,,,,,,char_013_riop,1,,,,,,,,,,,,,0,236,,,,False
name,凯尔希医生的远程通讯呢？,,,,,,,,,阿米娅,,,,,,,,,,,,,,,,,,,,,,,,,,,,,,,,,,,,,,,,,,,,,,,,0,237,凯尔希医生的远程通讯呢？,ケルシー医師の遠隔通信は？,アーミヤ,True
character,,,,,,,,,,char_002_amiya_1,,,,,,,,,,,,,,,,,,,,,,,,,,,,,,,,,,char_013_riop,2,,,,,,,,,,,,,0,238,,,,False
name,不知道为什么，设备停止工作了！,,,,,,,,,近卫干员,,,,,,,,,,,,,,,,,,,,,,,,,,,,,,,,,,,,,,,,,,,,,,,,0,239,不知道为什么，设备停止工作了！,なぜかわからないが、機器が動かなくなった！,近衛オペレーター,True
character,,,,,,,,,,char_002_amiya_1,,,,,,,,,,,,,,,,,,,,,,,,,,,,,,,,,,,,,,,,,,,,,,,,0,240,,,,False
name,......有什么切断了我们之间的通讯。,,,,,,,,,阿米娅,,,,,,,,,,,,,,,,,,,,,,,,,,,,,,,,,,,,,,,,,,,,,,,,0,241,......有什么切断了我们之间的通讯。,……何かが通信を遮断している。,アーミヤ,True
name,乌萨斯政府发现了我们的行踪吗？,,,,,,,,,阿米娅,,,,,,,,,,,,,,,,,,,,,,,,,,,,,,,,,,,,,,,,,,,,,,,,0,242,乌萨斯政府发现了我们的行踪吗？,ウルサス政府に私たちの行動がばれたの？,アーミヤ,True
character,,,,,,,,,,char_002_amiya_1,,,,,,,,,,,,,,,,,,,,,,,,,,,,,,,,,,char_013_riop,2,,,,,,,,,,,,,0,243,,,,False
name,现在要怎么办？,,,,,,,,,近卫干员,,,,,,,,,,,,,,,,,,,,,,,,,,,,,,,,,,,,,,,,,,,,,,,,0,244,现在要怎么办？,今どうすれば？,近衛オペレーター,True
character,,,,,,,,,,char_002_amiya_1,,,,,,,,,,,,,,,,,,,,,,,,,,,,,,,,,,,,,,,,,,,,,,,,0,245,,,,False
name,原本负责这次行动的凯尔希医生，现在没办法参与指挥......,,,,,,,,,阿米娅,,,,,,,,,,,,,,,,,,,,,,,,,,,,,,,,,,,,,,,,,,,,,,,,0,246,原本负责这次行动的凯尔希医生，现在没办法参与指挥......,本来この作戦を指揮していたケルシー医師は、今指揮できないから……,アーミヤ,True
name,......,,,,,,,,,阿米娅,,,,,,,,,,,,,,,,,,,,,,,,,,,,,,,,,,,,,,,,,,,,,,,,0,247,......,……,アーミヤ,True
character,,,,,,,,,,char_002_amiya_1#7,,,,,,,,,,,,,,,,,,,,,,,,,,,,,,,,,,,,,,,,,,,,,,,,0,248,,,,False
name,————博士。,,,,,,,,,阿米娅,,,,,,,,,,,,,,,,,,,,,,,,,,,,,,,,,,,,,,,,,,,,,,,,0,249,————博士。,――――ドクター。,アーミヤ,True
name,————我希望，由博士来指挥。,,,,,,,,,阿米娅,,,,,,,,,,,,,,,,,,,,,,,,,,,,,,,,,,,,,,,,,,,,,,,,0,250,————我希望，由博士来指挥。,――――私は、ドクターに指揮してほしい。,アーミヤ,True
character,,,,,,,,,,char_016_medic,,,,,,,,,,,,,,,,,,,,,,,,,,,,,,,,,,char_002_amiya_1,1,,,,,,,,,,,,,0,251,,,,False
name,这......会不会太冒险了，博士才刚刚......,,,,,,,,,医疗干员,,,,,,,,,,,,,,,,,,,,,,,,,,,,,,,,,,,,,,,,,,,,,,,,0,252,这......会不会太冒险了，博士才刚刚......,それは……危ないんじゃないか、ドクターは今起きたばかりなのに……,医療オペレーター,True
character,,,,,,,,,,char_016_medic,,,,,,,,,,,,,,,,,,,,,,,,,,,,,,,,,,char_002_amiya_1,2,,,,,,,,,,,,,0,253,,,,False
name,......我想......试一试。,,,,,,,,,阿米娅,,,,,,,,,,,,,,,,,,,,,,,,,,,,,,,,,,,,,,,,,,,,,,,,0,254,......我想......试一试。,……私は……やってみたいの。,アーミヤ,True
character,,,,,,,,,,char_002_amiya_1,,,,,,,,,,,,,,,,,,,,,,,,,,,,,,,,,,,,,,,,,,,,,,,,0,255,,,,False
name,虽然失去了记忆，但博士确实曾与我们......,,,,,,,,,阿米娅,,,,,,,,,,,,,,,,,,,,,,,,,,,,,,,,,,,,,,,,,,,,,,,,0,256,虽然失去了记忆，但博士确实曾与我们......,記憶を失ってしまっても、ドクターは確かに私たちと……,アーミヤ,True
name,......一同战斗过。,,,,,,,,,阿米娅,,,,,,,,,,,,,,,,,,,,,,,,,,,,,,,,,,,,,,,,,,,,,,,,0,257,......一同战斗过。,……一緒に戦ってくれた。,アーミヤ,True
blocker,,,,,,,,,,,,0.1,true,,,,,,1,255,255,255,,0,0,0,0,,,,,,,,,,,,,,,,,,,,,,,,,,,,,,,0,258,,,,False
playsound,,,,,,,$flashback,0.4,,,,,,,,,,,,,,,,,,,,,,,,,,,,,,,,,,,,,,,,,,,,,,,,,,0,259,,,,False
background,,,,,,,,,,,bg_wild_a,,,,,,,,,,,,,,,,,,,,,,,,,,,,,,,,,,,,,,,,,,,,,,,0,260,,,,False
cameraeffect,,,,,,,,,,,,,,,,,,,,,,,,,,,,Grayscale,true,,0.8,,,,,,,,,,,,,,,,,,,,,,,,,,,0,261,,,,False
character,,,,,,,,,,char_002_amiya_1#8,,,,,,,,,,,,,,,,,,,,,,,,,,,,,,,,,,,,,,,,,,,,,,,,0,262,,,,False
blocker,,,,,,,,,,,,0.2,true,,,,,,0,,,,,,,,,,,,,,,,,,,,,,,,,,,,,,,,,,,,,,,0,263,,,,False
name,谢谢你教会了我这么多......,,,,,,,,,？？？,,,,,,,,,,,,,,,,,,,,,,,,,,,,,,,,,,,,,,,,,,,,,,,,0,264,谢谢你教会了我这么多......,色々教えてくれてありがとう……,？？？,True
blocker,,,,,,,,,,,,0.1,true,,,,,,1,255,255,255,,0,0,0,0,,,,,,,,,,,,,,,,,,,,,,,,,,,,,,,0,265,,,,False
playsound,,,,,,,$flashback,0.1,,,,,,,,,,,,,,,,,,,,,,,,,,,,,,,,,,,,,,,,,,,,,,,,,,0,266,,,,False
cameraeffect,,,,,,,,,,,,,,,,,,,,,,,,,,,,Grayscale,,,0,,,,,,,,,,,,,,,,,,,,,,,,,,,0,267,,,,False
background,,,,,,,,,,,bg_indoor_1,,,,,,,,,,,,,,,,,,,,,,,,,,,,,,,,,,,,,,,,,,,,,,,0,268,,,,False
character,,,,,,,,,,char_002_amiya_1#4,,,,,,,,,,,,,,,,,,,,,,,,,,,,,,,,,,,,,,,,,,,,,,,,0,269,,,,False
blocker,,,,,,,,,,,,0.1,true,,,,,,0,,,,,,,,,,,,,,,,,,,,,,,,,,,,,,,,,,,,,,,0,270,,,,False
name,......,,,,,,,,,阿米娅,,,,,,,,,,,,,,,,,,,,,,,,,,,,,,,,,,,,,,,,,,,,,,,,0,271,......,……,アーミヤ,True
character,,,,,,,,,,char_002_amiya_1,,,,,,,,,,,,,,,,,,,,,,,,,,,,,,,,,,,,,,,,,,,,,,,,0,272,,,,False
name,我们一起经历了许多许多......,,,,,,,,,阿米娅,,,,,,,,,,,,,,,,,,,,,,,,,,,,,,,,,,,,,,,,,,,,,,,,0,273,我们一起经历了许多许多......,私たちは一緒に、たくさんのことを乗り越えてきた……,アーミヤ,True
name,我知道的......博士你能为我们带来胜利。,,,,,,,,,阿米娅,,,,,,,,,,,,,,,,,,,,,,,,,,,,,,,,,,,,,,,,,,,,,,,,0,274,我知道的......博士你能为我们带来胜利。,私は知ってる……ドクターなら、私たちに勝利をもたらしてくれるはず。,アーミヤ,True
blocker,,,,,,,,,,,,0.1,true,,,,,,1,255,255,255,,0,0,0,0,,,,,,,,,,,,,,,,,,,,,,,,,,,,,,,0,275,,,,False
playsound,,,,,,,$flashback,0.4,,,,,,,,,,,,,,,,,,,,,,,,,,,,,,,,,,,,,,,,,,,,,,,,,,0,276,,,,False
background,,,,,,,,,,,bg_wild_a,,,,,,,,,,,,,,,,,,,,,,,,,,,,,,,,,,,,,,,,,,,,,,,0,277,,,,False
cameraeffect,,,,,,,,,,,,,,,,,,,,,,,,,,,,Grayscale,true,,0.8,,,,,,,,,,,,,,,,,,,,,,,,,,,0,278,,,,False
character,,,,,,,,,,char_002_amiya_1#8,,,,,,,,,,,,,,,,,,,,,,,,,,,,,,,,,,,,,,,,,,,,,,,,0,279,,,,False
blocker,,,,,,,,,,,,0.2,true,,,,,,0,,,,,,,,,,,,,,,,,,,,,,,,,,,,,,,,,,,,,,,0,280,,,,False
name,你能为我们带来胜利。,,,,,,,,,？？？,,,,,,,,,,,,,,,,,,,,,,,,,,,,,,,,,,,,,,,,,,,,,,,,0,281,你能为我们带来胜利。,君なら私たちに勝利をもたらせる。,？？？,True
blocker,,,,,,,,,,,,0.1,true,,,,,,1,255,255,255,,0,0,0,0,,,,,,,,,,,,,,,,,,,,,,,,,,,,,,,0,282,,,,False
playsound,,,,,,,$flashback,0.1,,,,,,,,,,,,,,,,,,,,,,,,,,,,,,,,,,,,,,,,,,,,,,,,,,0,283,,,,False
cameraeffect,,,,,,,,,,,,,,,,,,,,,,,,,,,,Grayscale,,,0,,,,,,,,,,,,,,,,,,,,,,,,,,,0,284,,,,False
background,,,,,,,,,,,bg_indoor_1,,,,,,,,,,,,,,,,,,,,,,,,,,,,,,,,,,,,,,,,,,,,,,,0,285,,,,False
character,,,,,,,,,,char_002_amiya_1,,,,,,,,,,,,,,,,,,,,,,,,,,,,,,,,,,,,,,,,,,,,,,,,0,286,,,,False
blocker,,,,,,,,,,,,0.1,true,,,,,,0,,,,,,,,,,,,,,,,,,,,,,,,,,,,,,,,,,,,,,,0,287,,,,False
name,......我明白这样突然请求你很失礼。,,,,,,,,,阿米娅,,,,,,,,,,,,,,,,,,,,,,,,,,,,,,,,,,,,,,,,,,,,,,,,0,288,......我明白这样突然请求你很失礼。,……突然のお願いで失礼なのは分かっています。,アーミヤ,True
name,但是，但是......拜托了，请你助我们一臂之力。,,,,,,,,,阿米娅,,,,,,,,,,,,,,,,,,,,,,,,,,,,,,,,,,,,,,,,,,,,,,,,0,289,但是，但是......拜托了，请你助我们一臂之力。,でも、でも……どうか、私たちを助けてください。,アーミヤ,True
character,,,,,,,,,,char_002_amiya_1#2,,,,,,,,,,,,,,,,,,,,,,,,,,,,,,,,,,,,,,,,,,,,,,,,0,290,,,,False
name,我也会辅助你的！,,,,,,,,,阿米娅,,,,,,,,,,,,,,,,,,,,,,,,,,,,,,,,,,,,,,,,,,,,,,,,0,291,我也会辅助你的！,私もサポートするから！,アーミヤ,True
decision,那就先打退他们！,,,,,,,,,,,,,,,,,,,,,,,,,,,,,,,,,,,,,,,,,,,,,,,,,,,,那就先打退他们！;......;我们只能反击了，是吗？,1;2;3,,,,3,292,那就先打退他们！,じゃあ、まずは彼らを撃退しよう！,,True
decision,......,,,,,,,,,,,,,,,,,,,,,,,,,,,,,,,,,,,,,,,,,,,,,,,,,,,,那就先打退他们！;......;我们只能反击了，是吗？,1;2;3,,,,3,293,......,……,,True
decision,我们只能反击了，是吗？,,,,,,,,,,,,,,,,,,,,,,,,,,,,,,,,,,,,,,,,,,,,,,,,,,,,那就先打退他们！;......;我们只能反击了，是吗？,1;2;3,,,,3,294,我们只能反击了，是吗？,もう反撃するしかない、ってことか？,,True
predicate,,,,,,,,,,,,,,,,,,,,,,,,,,,,,,,,,,,,,,,,,,,,,,,,,,,,,,,1;2;3,,,0,295,,,,False
character,,,,,,,,,,char_002_amiya_1,,,,,,,,,,,,,,,,,,,,,,,,,,,,,,,,,,,,,,,,,,,,,,,,0,296,,,,False
name,嗯......我也不想再把博士你卷入这些纷争。,,,,,,,,,阿米娅,,,,,,,,,,,,,,,,,,,,,,,,,,,,,,,,,,,,,,,,,,,,,,,,0,297,嗯......我也不想再把博士你卷入这些纷争。,うん……私もドクターをまたこの争いに巻き込みたくない。,アーミヤ,True
name,但现在的我们，非常需要博士的智慧。,,,,,,,,,阿米娅,,,,,,,,,,,,,,,,,,,,,,,,,,,,,,,,,,,,,,,,,,,,,,,,0,298,但现在的我们，非常需要博士的智慧。,でも今の私たちには、ドクターの知恵がどうしても必要なんです。,アーミヤ,True
name,希望博士能在战斗中，把过去的感觉找回来。,,,,,,,,,阿米娅,,,,,,,,,,,,,,,,,,,,,,,,,,,,,,,,,,,,,,,,,,,,,,,,0,299,希望博士能在战斗中，把过去的感觉找回来。,戦いながら、昔の感覚を取り戻せることを願っています。,アーミヤ,True
character,,,,,,,,,,char_002_amiya_1#4,,,,,,,,,,,,,,,,,,,,,,,,,,,,,,,,,,,,,,,,,,,,,,,,0,300,,,,False
name,————也许连你自己都可能还不太相信......,,,,,,,,,阿米娅,,,,,,,,,,,,,,,,,,,,,,,,,,,,,,,,,,,,,,,,,,,,,,,,0,301,————也许连你自己都可能还不太相信......,――もしかしたら、君自身もまだ信じられないかもしれないけど……,アーミヤ,True
name,但是我相信你。,,,,,,,,,阿米娅,,,,,,,,,,,,,,,,,,,,,,,,,,,,,,,,,,,,,,,,,,,,,,,,0,302,但是我相信你。,でも私は君を信じている。,アーミヤ,True
image,,,,,,,,,,,avg_0_3,0.8,,,,,,,,,,,,,,,,,,,,,,,,,,,,,,,,,,,,,,,,,,,,,,0,303,,,,False
name,——我相信你，一定可以的。,,,,,,,,,阿米娅,,,,,,,,,,,,,,,,,,,,,,,,,,,,,,,,,,,,,,,,,,,,,,,,0,304,——我相信你，一定可以的。,――私は信じてる、きっとできる。,アーミヤ,True
name,请指挥————罗德岛！,,,,,,,,,阿米娅,,,,,,,,,,,,,,,,,,,,,,,,,,,,,,,,,,,,,,,,,,,,,,,,0,305,请指挥————罗德岛！,指揮をお願いします―――ロドス！,アーミヤ,True
delay,,,,,,,,,,,,,,,,,,0.6,,,,,,,,,,,,,,,,,,,,,,,,,,,,,,,,,,,,,,,,0,306,,,,False
blocker,,,,,,,,,,,,,true,,,,,,,,,,,,,,,,,,,,,,,,,,,,,,,,,,,,,,,,,,,,,0,307,,,,False
startbattle,,,,,,,,,,,,,,,,,,,,,,,,,,,,,,,,,,,,,,,,,,,,,,,,,,,,,,,,guide_01,,0,308,,,,False
tutorial,,,,,,,,,,,,,,,,,,,,,,,,,,,,,,,,,,,,,,,,,,,,,,,,,,,,,,,,,battle_start,0,309,,,,False
