command,text_orig,name,option_number,option_value,references,focus,image,values,name2,index,text,jp_text,jp_name,text_match
header,,,0,,,,,,,0,,,,False
stopmusic,,,0,,,,,,,1,,,,False
dialog,,,0,,,,,,,2,,,,False
delay,,,0,,,,,,,3,,,,False
blocker,,,0,,,,,,,4,,,,False
background,,,0,,,,bg_turf,,,5,,,,False
blocker,,,0,,,,,,,6,,,,False
playmusic,,,0,,,,,,,7,,,,False
,龙门上城区 7:00 p.m. 天开始黑了,,0,,,,,,,8,龙门上城区 7:00 p.m. 天开始黑了,龍門上城区 7:00 午後。空が暗くなり始めました。,,True
playsound,,,0,,,,,,,9,,,,False
character,,char_015_lmg,0,,,,,,,10,,,,False
name,秘密逮捕令？陈sir？！,近卫局成员,0,,,,,,,11,秘密逮捕令？陈sir？！,秘密逮捕令ですか？チェンシル（陳ドクター）？！,近衛局の隊員,True
name,搞错了吧？怎么可能......,近卫局成员,0,,,,,,,12,搞错了吧？怎么可能......,間違いですよね？まさかそんな……。,近衛局の隊員,True
name,喂！回来！我问你是不是搞错了！！,近卫局成员,0,,,,,,,13,喂！回来！我问你是不是搞错了！！,おい！戻れ！間違っているかどうか聞いているんだ！！,近衛局の隊員,True
name,可恶，陈sir，怎么会......究竟是谁在搞鬼！,近卫局成员,0,,,,,,,14,可恶，陈sir，怎么会......究竟是谁在搞鬼！,くそっ、チェンシル（陳ドクター）、一体どういうことだ……いったい誰が裏で手を回しているんだ！,近衛局の隊員,True
name,必须得找到陈sir，亲口问她才行！,近卫局成员,0,,,,,,,15,必须得找到陈sir，亲口问她才行！,必ずチェンシル（陳ドクター）を見つけて、直接本人に聞かないと！,近衛局の隊員,True
dialog,,,0,,,,,,,16,,,,False
character,,,0,,,,,,,17,,,,False
blocker,,,0,,,,,,,18,,,,False
background,,,0,,,,bg_lungmen_d,,,19,,,,False
blocker,,,0,,,,,,,20,,,,False
character,,avg_npc_034,0,,,,,,,21,,,,False
delay,,,0,,,,,,,22,,,,False
name,......好。我晓得了。,鼠王,0,,,,,,,23,......好。我晓得了。,……わかった。承知した。,鼠王,True
character,,,0,,,,,,,24,,,,False
name,主人还有什么吩咐？,灰尾,0,,,,,,,25,主人还有什么吩咐？,主人、他に指示はございますか？,グレイテイル,True
character,,avg_npc_034,0,,,,,,,26,,,,False
name,没有了。把之前我吩咐过的事情，都处理好。做完以后就赶紧去避避。,鼠王,0,,,,,,,27,没有了。把之前我吩咐过的事情，都处理好。做完以后就赶紧去避避。,ない。前に伝えたことはすべて片付けておけ。終わったらすぐに避難しろ。,鼠王,True
character,,,0,,,,,,,28,,,,False
name,是。,灰尾,0,,,,,,,29,是。,はい。,グレイテイル,True
character,,avg_npc_034,0,,,,,,,30,,,,False
name,去吧。快去。,鼠王,0,,,,,,,31,去吧。快去。,行け。急げ。,鼠王,True
name,啊。,鼠王,0,,,,,,,32,啊。,ああ。,鼠王,True
name,——唉。居然还有人能算倒魏彦吾。,鼠王,0,,,,,,,33,——唉。居然还有人能算倒魏彦吾。,──はあ。まさか魏彥吾を倒せる者がいるとはな。,鼠王,True
name,塔露拉，塔露拉......难道说这真是命数？,鼠王,0,,,,,,,34,塔露拉，塔露拉......难道说这真是命数？,タルラ、タルラ……これは本当に運命なのか？,鼠王,True
name,二少爷，你要是泉下有知，也不会想看到这般光景吧？,鼠王,0,,,,,,,35,二少爷，你要是泉下有知，也不会想看到这般光景吧？,二少、お前があの世にいれば、こんな光景を見たくないだろう？,鼠王,True
name,罢了，罢了。龙门终归还是走到这步。,鼠王,0,,,,,,,36,罢了，罢了。龙门终归还是走到这步。,仕方ない、仕方ない。龍門は結局ここまで来てしまったか。,鼠王,True
name,但晖洁......晖洁！小心啊，晖洁......千万别把命送了！,鼠王,0,,,,,,,37,但晖洁......晖洁！小心啊，晖洁......千万别把命送了！,でも、ホイジエ……ホイジエ！気をつけろ、ホイジエ……命だけは絶対に落とすな！,鼠王,True
dialog,,,0,,,,,,,38,,,,False
character,,,0,,,,,,,39,,,,False
blocker,,,0,,,,,,,40,,,,False
background,,,0,,,,bg_lungmenbridge,,,41,,,,False
blocker,,,0,,,,,,,42,,,,False
,龙门停舰接舷区  7:20 p.m.,,0,,,,,,,43,龙门停舰接舷区  7:20 p.m.,龍門停船接舷区 7:20 午後。,,True
character,,avg_npc_015,0,,,,,,avg_npc_015,44,,,,False
camerashake,,,0,,,,,,,45,,,,False
name,啊......啊！唔，呃......,牧群,0,,,,,,,46,啊......啊！唔，呃......,ああ……あっ！うっ……えっ……。,ボクグン,True
character,,avg_npc_012,0,,,,,,,47,,,,False
name,哎，这个数量，真不是说说的......近卫局还没扫荡到这里吗？,罗德岛干员,0,,,,,,,48,哎，这个数量，真不是说说的......近卫局还没扫荡到这里吗？,これは……数が本当にすごい……近衛局はまだここまで掃討できていないのか？,ロドスオペレーター,True
name,昨天整合运动来一次，今天特殊感染者又来一次，就算是我们也顶不太住啊，又不能在城市里使用大规格武器......,罗德岛干员,0,,,,,,,49,昨天整合运动来一次，今天特殊感染者又来一次，就算是我们也顶不太住啊，又不能在城市里使用大规格武器......,昨日は整合運動、今日は特殊感染者の襲来、我々でも持ちこたえられませんよ。都市内で大規模な武器を使うこともできませんし……。,ロドスオペレーター,True
dialog,,,0,,,,,,,50,,,,False
character,,,0,,,,,,,51,,,,False
playsound,,,0,,,,,,,52,,,,False
character,,avg_npc_042,0,,,,,,,53,,,,False
delay,,,0,,,,,,,54,,,,False
name,你好，干员。他们是这次的敌人吗？,迷迭香,0,,,,,,,55,你好，干员。他们是这次的敌人吗？,こんにちは、オペレーターの皆さん。彼らが今回の敵ですね？,ローズマリー,True
character,,avg_npc_042,0,,,2,,,avg_npc_012,56,,,,False
name,迷迭香！哎，有救了有救了。,罗德岛干员,0,,,,,,,57,迷迭香！哎，有救了有救了。,ローズマリー！ああ、助かった。,ロドスオペレーター,True
character,,avg_npc_042,0,,,1,,,avg_npc_012,58,,,,False
name,他们都是被源石技艺转化的感染者......？没办法限制住他们的活动吗？,迷迭香,0,,,,,,,59,他们都是被源石技艺转化的感染者......？没办法限制住他们的活动吗？,彼らはすべて源石技術で変異した感染者……ですか？彼らの活動を制限する手段はありませんか？,ローズマリー,True
character,,avg_npc_012,0,,,,,,,60,,,,False
name,是的，我们配备的大多是些防御装备，没想到连钢索和高纤维网都不太顶用，对上这些感染者，恐怕要上战争用军械才行。,罗德岛干员,0,,,,,,,61,是的，我们配备的大多是些防御装备，没想到连钢索和高纤维网都不太顶用，对上这些感染者，恐怕要上战争用军械才行。,はい。我々は主に防御装備を持っていますが、鋼索や高繊維ネットすら効果が薄いとは。これらの感染者には戦争用兵器で対抗するしかないでしょう。,ロドスオペレーター,True
name,防线的压力实在太大，没办法，我们只能向本舰请求支援。幸亏来的是你，现在我们有办法了。,罗德岛干员,0,,,,,,,62,防线的压力实在太大，没办法，我们只能向本舰请求支援。幸亏来的是你，现在我们有办法了。,防御線への圧力が非常に大きいため、やむなく本艦に支援を依頼しました。あなたが来てくれて助かります。これで対処法があります。,ロドスオペレーター,True
name,他们体内的源石结构把他们的身体变得很坚韧，我们得用可控重火力去限制他们的行动。另外......我们检测不到他们的大脑活动的迹象。,罗德岛干员,0,,,,,,,63,他们体内的源石结构把他们的身体变得很坚韧，我们得用可控重火力去限制他们的行动。另外......我们检测不到他们的大脑活动的迹象。,彼らの体内の源石構造が身体を非常に頑強にしています。制御可能な重火力を使い彼らの行動を制限する必要があります。それに加え……脳活動の痕跡が検出できません。,ロドスオペレーター,True
name,根据观察对比，他们似乎......实质上，已经死亡了。现在的他们纯粹是被某种支配性法术驱动的。哎，太过分了。,罗德岛干员,0,,,,,,,64,根据观察对比，他们似乎......实质上，已经死亡了。现在的他们纯粹是被某种支配性法术驱动的。哎，太过分了。,観察と比較によると、彼らは……実質的にすでに死亡しています。現在の彼らはある種の支配呪術に操られているだけのようです。ああ、ひどい話です。,ロドスオペレーター,True
character,,avg_npc_042,0,,,,,,,65,,,,False
name,做出这种事的人......要付出代价。,迷迭香,0,,,,,,,66,做出这种事的人......要付出代价。,こんなことをした者は……代償を払うべきです。,ローズマリー,True
name,啊，你们的安全更重要。,迷迭香,0,,,,,,,67,啊，你们的安全更重要。,ああ、皆さんの安全がもっと重要です。,ローズマリー,True
name,帮我制定计划吧，我来......让他们的躁动停下。,迷迭香,0,,,,,,,68,帮我制定计划吧，我来......让他们的躁动停下。,計画を立てるのを手伝ってください。私が……彼らの暴走を止めます。,ローズマリー,True
decision,你要参与战斗？,,1,1,,,,1,,69,你要参与战斗？,あなたは戦闘に参加するのですか？,,True
predicate,,,0,,1,,,,,70,,,,False
character,,avg_npc_042,0,,,,,,,71,,,,False
name,嗯。,迷迭香,0,,,,,,,72,嗯。,はい。,ローズマリー,True
decision,可你看起来......,,1,1,,,,1,,73,可你看起来......,でも、見た目は……。,,True
predicate,,,0,,1,,,,,74,,,,False
character,,avg_npc_012,0,,,,,,,75,,,,False
name,......博士......你没见过迷迭香是吗？,罗德岛干员,0,,,,,,,76,......博士......你没见过迷迭香是吗？,……ドクター……ローズマリーを見たことがないのですね？,ロドスオペレーター,True
character,,avg_npc_042,0,,,,,,,77,,,,False
name,博士，请让一下。,迷迭香,0,,,,,,,78,博士，请让一下。,ドクター、少しよけてくださいませ。,ローズマリー,True
character,,avg_npc_012,0,,,,,,,79,,,,False
name,那你可得小心，站远一点。这一定是你第一次见这种架势。,罗德岛干员,0,,,,,,,80,那你可得小心，站远一点。这一定是你第一次见这种架势。,では気をつけて、離れて立ってください。きっとこれが初めて見る構えでしょうから。,ロドスオペレーター,True
dialog,,,0,,,,,,,81,,,,False
character,,,0,,,,,,,82,,,,False
camerashake,,,0,,,,,,,83,,,,False
decision,放在舱门里的铁盒飞起来了？！,,3,1,,,,1;2;3,,84,放在舱门里的铁盒飞起来了？！,船倉の扉に置かれた鉄箱が飛び上がった？！,,True
decision,......？,,3,2,,,,1;2;3,,85,......？,……？,,True
decision,漂浮在空中的器械，是你的装备？,,3,3,,,,1;2;3,,86,漂浮在空中的器械，是你的装备？,空中に浮かんでいる機械は、あなたの装備ですか？,,True
predicate,,,0,,1;2;3,,,,,87,,,,False
dialog,,,0,,,,,,,88,,,,False
character,,,0,,,,,,,89,,,,False
character,,avg_npc_042,0,,,,,,,90,,,,False
name,是我的。,迷迭香,0,,,,,,,91,是我的。,はい、私のものです。,ローズマリー,True
name,干员，请向我描述一下目标的感觉。,迷迭香,0,,,,,,,92,干员，请向我描述一下目标的感觉。,オペレーターの皆さん、対象の感覚を教えてください。,ローズマリー,True
character,,avg_npc_012,0,,,,,,,93,,,,False
name,了解，我查下交流手册......嗯，目标是，呃，表征活跃的大量不安个体？,罗德岛干员,0,,,,,,,94,了解，我查下交流手册......嗯，目标是，呃，表征活跃的大量不安个体？,了解です、通信マニュアルを調べます……ええと、対象は、うーん、活発な不安個体の大量群集？,ロドスオペレーター,True
name,集群活动，缺乏有效目标，趋势明显，既定路径不明。大致就这些！,罗德岛干员,0,,,,,,,95,集群活动，缺乏有效目标，趋势明显，既定路径不明。大致就这些！,群れとして活動し、有効な目標がない、傾向が明確で既定路線は不明。大体そんなところです！,ロドスオペレーター,True
character,,avg_npc_042,0,,,,,,,96,,,,False
name,——我知道了。请交给我。,迷迭香,0,,,,,,,97,——我知道了。请交给我。,──承知しました。私にお任せください。,ローズマリー,True
name,凯尔希医生叮嘱过，在处理结束以后，要让罗德岛本舰立刻离开龙门......！,迷迭香,0,,,,,,,98,凯尔希医生叮嘱过，在处理结束以后，要让罗德岛本舰立刻离开龙门......！,ケルシー博士が指示してくれました。処理が終わり次第、ロドス本艦は速やかに龍門を離脱します……！,ローズマリー,True
dialog,,,0,,,,,,,99,,,,False
character,,,0,,,,,,,100,,,,False
stopmusic,,,0,,,,,,,101,,,,False
blocker,,,0,,,,,,,102,,,,False
background,,,0,,,,bg_turf,,,103,,,,False
blocker,,,0,,,,,,,104,,,,False
playsound,,,0,,,,,,,105,,,,False
character,,char_010_chen_1#4,0,,,,,,,106,,,,False
delay,,,0,,,,,,,107,,,,False
character,,,0,,,,,,,108,,,,False
name,晚上好啊，老陈。,星熊,0,,,,,,,109,晚上好啊，老陈。,こんばんは、チェンさん。,ホシクマ,True
dialog,,,0,,,,,,,110,,,,False
character,,,0,,,,,,,111,,,,False
playsound,,,0,,,,,,,112,,,,False
character,,char_136_hsguma,0,,,,,,,113,,,,False
delay,,,0,,,,,,,114,,,,False
character,,char_010_chen_1#3,0,,,,,,,115,,,,False
name,星熊......？你怎么在这，你的伤怎么样了？,陈,0,,,,,,,116,星熊......？你怎么在这，你的伤怎么样了？,ホシクマ……？どうしてここに？怪我は大丈夫ですか？,チェン,True
character,,char_136_hsguma,0,,,,,,,117,,,,False
name,我可是鬼啊。那点小伤，早就好了。,星熊,0,,,,,,,118,我可是鬼啊。那点小伤，早就好了。,私は鬼ですから。その程度の怪我はもうよくなりました。,ホシクマ,True
playmusic,,,0,,,,,,,119,,,,False
character,,char_136_hsguma,0,,,2,,,char_010_chen_1,120,,,,False
name,那我就——,陈,0,,,,,,,121,那我就——,それなら私は──,チェン,True
name,等下，你是在这等我？,陈,0,,,,,,,122,等下，你是在这等我？,ちょっと、ここで私を待っているのですか？,陳,True
character,,char_136_hsguma,0,,,1,,,char_010_chen_1,123,,,,False
name,你推着的这架沙地车，是不是雷姆必拓那款最新型？,星熊,0,,,,,,,124,你推着的这架沙地车，是不是雷姆必拓那款最新型？,あなたが押しているこの砂地車は、レムビットの最新型ですか？,星熊,True
name,“越野，爬坡，防尘，高续航低耗能，最小的环境影响，最大的驾驶享受？”,星熊,0,,,,,,,125,“越野，爬坡，防尘，高续航低耗能，最小的环境影响，最大的驾驶享受？”,“オフロード、登坂、防塵、高い航続距離で低消費エネルギー、最小の環境影響、最大のドライビング楽しさ？”,星熊,True
character,,char_136_hsguma,0,,,2,,,char_010_chen_1#5,126,,,,False
name,......,陈,0,,,,,,,127,......,......,陳,True
character,,char_136_hsguma,0,,,1,,,char_010_chen_1#5,128,,,,False
name,啊，不好意思。终端上看多了，一不小心就把广告词记得滚瓜烂熟了。,星熊,0,,,,,,,129,啊，不好意思。终端上看多了，一不小心就把广告词记得滚瓜烂熟了。,あっ、すみません。端末で見すぎて、つい広告文句を丸暗記してしまいました。,星熊,True
name,真是架好车，就算我对越野不感兴趣，也想过要买一台呢。,星熊,0,,,,,,,130,真是架好车，就算我对越野不感兴趣，也想过要买一台呢。,本当にいい車ですね。私はオフロードに興味がなくても、一台買おうかと思ったことがあります。,星熊,True
character,,char_136_hsguma,0,,,2,,,char_010_chen_1#5,131,,,,False
name,你是想说什么？,陈,0,,,,,,,132,你是想说什么？,何を言いたいのですか？,陳,True
dialog,,,0,,,,,,,133,,,,False
character,,,0,,,,,,,134,,,,False
blocker,,,0,,,,,,,135,,,,False
image,,,0,,,,avg_7_3,,,136,,,,False
imagetween,,,0,,,,,,,137,,,,False
blocker,,,0,,,,,,,138,,,,False
name,风尘仆仆的，老陈，你想往哪里去？,星熊,0,,,,,,,139,风尘仆仆的，老陈，你想往哪里去？,埃まみれになって、陳ドクター、どこへ行こうとしているのですか？,星熊,True
name,为什么你会知道我在这里......？,陈,0,,,,,,,140,为什么你会知道我在这里......？,どうしてここに私がいるとわかるのですか……？,陳,True
name,你私下出城的时候都会从这里走。哪有缺口，哪有别人不知道的通道，你我都知道。,星熊,0,,,,,,,141,你私下出城的时候都会从这里走。哪有缺口，哪有别人不知道的通道，你我都知道。,あなたがこっそり街を出るときはいつもここを通ります。どこに隙間があるか、どこに他人が知らない通路があるかは、あなたも私も知っています。,星熊,True
name,——近卫局已经发了通缉令。,星熊,0,,,,,,,142,——近卫局已经发了通缉令。,——近衛局はすでに指名手配を出しています。,星熊,True
name,你不会信的。,陈,0,,,,,,,143,你不会信的。,あなたは信じないでしょう。,陳,True
name,那肯定。你是什么样的人，我再清楚不过了。,星熊,0,,,,,,,144,那肯定。你是什么样的人，我再清楚不过了。,それはもちろんです。あなたがどんな人か、私はよく知っていますから。,星熊,True
name,只有从这条路才能出龙门了。,陈,0,,,,,,,145,只有从这条路才能出龙门了。,この道からしか龍門を出られません。,陳,True
name,我躲躲藏藏了一路。如果近卫局的人都像你一样懂道理......,陈,0,,,,,,,146,我躲躲藏藏了一路。如果近卫局的人都像你一样懂道理......,私は隠れながらここまで来ました。もし近衛局の人がみんなあなたのように道理をわきまえていたら……,陳,True
name,那你就绝不可能出得了龙门。,星熊,0,,,,,,,147,那你就绝不可能出得了龙门。,そうしたら、決して龍門を出ることはできません。,星熊,True
name,......什么？,陈,0,,,,,,,148,......什么？,……何ですか？,陳,True
name,你在说什么？,陈,0,,,,,,,149,你在说什么？,何を言っているのですか？,陳,True
name,他们和我一样，不希望你去。,星熊,0,,,,,,,150,他们和我一样，不希望你去。,彼らは私と同じように、あなたが行くのを望んでいません。,星熊,True
name,星熊......你要拦我？,陈,0,,,,,,,151,星熊......你要拦我？,星熊……あなたは私を止めるつもりですか？,陳,True
name,怎么你也要拦我，星熊？！,陈,0,,,,,,,152,怎么你也要拦我，星熊？！,なぜあなたまで私を止めるのですか、星熊？！,陳,True
name,我当然要拦你，老陈。我是龙门近卫局的督察，更是你的朋友。,星熊,0,,,,,,,153,我当然要拦你，老陈。我是龙门近卫局的督察，更是你的朋友。,もちろん、あなたを止めますよ、陳ドクター。私は龍門近衛局の監察官、そしてあなたの友人です。,星熊,True
name,你是不是想来次千里单骑的英雄大冒险？不能放你出城的原因，也就这一个了。,星熊,0,,,,,,,154,你是不是想来次千里单骑的英雄大冒险？不能放你出城的原因，也就这一个了。,あなたは千里単騎の英雄的な大冒険をしたいのでしょう？あなたを街から出さない理由はそれだけです。,星熊,True
name,你是龙门人，星熊！,陈,0,,,,,,,155,你是龙门人，星熊！,あなたは龍門の人間だ、星熊！,陳,True
name,我们已经没有其他机会了，再由魏彦吾用他的手段解决这事，只会牺牲更多人！,陈,0,,,,,,,156,我们已经没有其他机会了，再由魏彦吾用他的手段解决这事，只会牺牲更多人！,私たちはもう他の手段がありません。魏彦吾に任せれば、さらに多くの人が犠牲になります！,陳,True
name,用你的法子就能解决了吗？,星熊,0,,,,,,,157,用你的法子就能解决了吗？,あなたのやり方で解決できるのですか？,星熊,True
name,......,陈,0,,,,,,,158,......,......,陳,True
name,他们叫你鬼姐，他们相信你能保护得了他们热爱的龙门。星熊，放我去。,陈,0,,,,,,,159,他们叫你鬼姐，他们相信你能保护得了他们热爱的龙门。星熊，放我去。,彼らはあなたのことを鬼姐と呼び、彼らが愛する龍門を守れると信じています。星熊、私を行かせてください。,陳,True
name,......哈。,星熊,0,,,,,,,160,......哈。,……はぁ。,星熊,True
name,老陈，他们真的热爱龙门吗？,星熊,0,,,,,,,161,老陈，他们真的热爱龙门吗？,陳ドクター、彼らは本当に龍門を愛しているのでしょうか？,星熊,True
name,你——,陈,0,,,,,,,162,你——,あなた——,陳,True
dialog,,,0,,,,,,,163,,,,False
blocker,,,0,,,,,,,164,,,,False
image,,,0,,,,avg_7_3,,,165,,,,False
imagetween,,,0,,,,,,,166,,,,False
blocker,,,0,,,,,,,167,,,,False
name,我啊，是个老套的人。,星熊,0,,,,,,,168,我啊，是个老套的人。,私はですね、古風な人間です。,星熊,True
name,漫画，电影，酒，下着雨的街道，匆匆路过的没带伞的人。除了电单车，我都喜欢老套的。,星熊,0,,,,,,,169,漫画，电影，酒，下着雨的街道，匆匆路过的没带伞的人。除了电单车，我都喜欢老套的。,漫画、映画、お酒、雨の降る街、急いで傘を持たずに通り過ぎる人々。バイク以外は全部古風なものが好きです。,星熊,True
name,有些东西在别人看来是很容易过时的。但老陈，我们真能追得上时间吗？,星熊,0,,,,,,,170,有些东西在别人看来是很容易过时的。但老陈，我们真能追得上时间吗？,他の人にはすぐに時代遅れと思われるものもあります。でも陳ドクター、本当に私たちは時間に追いつけるのでしょうか？,星熊,True
name,我不能。我做不到。它走得太快了，它把我看重的许多东西都踩成了碎片。,星熊,0,,,,,,,171,我不能。我做不到。它走得太快了，它把我看重的许多东西都踩成了碎片。,私は無理です。できません。時はあまりにも速く進み、私が大切にしていた多くのものを粉々に踏みつけてしまいました。,星熊,True
name,剩下的，只有这么多。一道划痕，一个折角，一片黄斑，每一个我都能说上名字。,星熊,0,,,,,,,172,剩下的，只有这么多。一道划痕，一个折角，一片黄斑，每一个我都能说上名字。,残っているのはこれだけです。一つの傷、一つの折れ角、一つの黄ばみ、それぞれに名前を言えます。,星熊,True
name,我讨厌它。我讨厌时间带走我身边的人。,星熊,0,,,,,,,173,我讨厌它。我讨厌时间带走我身边的人。,私はそれが嫌いです。時間が私の周りの人を奪っていくのが嫌いです。,星熊,True
name,他们都为了自己的一处容身之地粉身碎骨，我呢？,星熊,0,,,,,,,174,他们都为了自己的一处容身之地粉身碎骨，我呢？,彼らはみな自分の居場所のために粉々に砕かれ、私は？,星熊,True
name,我看着他们一个个消失，被捶打成齑粉，甚至是我动的手，他们的梦想被我亲手砸得粉碎。,星熊,0,,,,,,,175,我看着他们一个个消失，被捶打成齑粉，甚至是我动的手，他们的梦想被我亲手砸得粉碎。,私は彼らが一人また一人と消えていくのを見ました。粉々に打ちのめされ、私の手によって、彼らの夢は私の手で砕かれました。,星熊,True
name,他们不是爱着龙门。他们是无处容身。最后的最后，也是我让他们无处容身。,星熊,0,,,,,,,176,他们不是爱着龙门。他们是无处容身。最后的最后，也是我让他们无处容身。,彼らは龍門を愛しているのではありません。居場所がないのです。最後の最後には、それも私が彼らに居場所を与えなかったのです。,星熊,True
name,你不能再走了，老陈。,星熊,0,,,,,,,177,你不能再走了，老陈。,もう行くことはできませんよ、陳ドクター。,星熊,True
name,......,陈,0,,,,,,,178,......,......,陳,True
name,你连阿发的死，连那么多为了龙门城死去的人......都可以装作没看到？,陈,0,,,,,,,179,你连阿发的死，连那么多为了龙门城死去的人......都可以装作没看到？,あなたはアファの死も、龍門城のために死んだ多くの人も……見て見ぬふりができるのですか？,陳,True
name,别觉得自己很懂。,星熊,0,,,,,,,180,别觉得自己很懂。,自分がよくわかっていると思わないでください。,星熊,True
name,我和他们处的时间比你久得多，我对他们的理解比你深得多。,星熊,0,,,,,,,181,我和他们处的时间比你久得多，我对他们的理解比你深得多。,私は彼らと過ごした時間があなたよりずっと長く、彼らのことをあなたよりずっと深く理解しています。,星熊,True
name,但保护龙门是我的职责。不管谁拦在我面前，我的职责，从来没变。,陈,0,,,,,,,182,但保护龙门是我的职责。不管谁拦在我面前，我的职责，从来没变。,しかし、龍門を守るのは私の職務です。誰が目の前に立ちふさがろうと、私の職務は決して変わりません。,陳,True
name,还当自己是陈警司？你的职责是谁给你的？,星熊,0,,,,,,,183,还当自己是陈警司？你的职责是谁给你的？,まだ自分を陳警司だと思っているのですか？あなたの職務は誰が与えたのですか？,星熊,True
name,我自己。,陈,0,,,,,,,184,我自己。,自分自身です。,陳,True
name,......我都不知道你是不是想把这话说给自己听。,星熊,0,,,,,,,185,......我都不知道你是不是想把这话说给自己听。,……それは自分に言っているのか私にもわかりません。,星熊,True
name,你看看你，一个人就救得了龙门？一个人杀得了所有整合运动？耍脾气要有个限度。,星熊,0,,,,,,,186,你看看你，一个人就救得了龙门？一个人杀得了所有整合运动？耍脾气要有个限度。,よく見てください。あなた一人で龍門を救えますか？一人で全ての統合作戦を潰せますか？わがまもほどほどにしてください。,星熊,True
name,挺有意思。之前是你去执行魏先生的命令，因为你能理解他。现在，变了，是我来执行魏先生的命令，只因为现在我更理解魏先生一点。,星熊,0,,,,,,,187,挺有意思。之前是你去执行魏先生的命令，因为你能理解他。现在，变了，是我来执行魏先生的命令，只因为现在我更理解魏先生一点。,結構面白いですね。以前はあなたがドクター・ウェイの命令を実行していました、あなたが彼を理解できるからです。今は変わって、私がドクター・ウェイの命令を実行しています。ただ今の方が彼を少しでも深く理解しているからです。,星熊,True
name,我大概猜得到魏先生的办法。既然有人要死，魏先生只会想自己去。你是陈家血脉，这件事过后，你不会受牵连。,星熊,0,,,,,,,188,我大概猜得到魏先生的办法。既然有人要死，魏先生只会想自己去。你是陈家血脉，这件事过后，你不会受牵连。,ドクター・ウェイの方法は大体察しがつきます。誰かが死ぬなら、ドクター・ウェイは自分が行くことを望むでしょう。あなたは陳家の血筋です、この件が終わればあなたは巻き込まれません。,星熊,True
name,你说他——,陈,0,,,,,,,189,你说他——,彼のことをおっしゃいましたか——,陳,True
name,魏先生宁愿自己死，也不愿意你死。,星熊,0,,,,,,,190,魏先生宁愿自己死，也不愿意你死。,ドクター・ウェイは自分が死ぬことを望み、あなたが死ぬことは望んでいません。,星熊,True
name,你把他想得太好了。,陈,0,,,,,,,191,你把他想得太好了。,あなたは彼のことを良い人すぎると思い込みすぎです。,陳,True
name,你可能也把他想得太不是东西了，老陈。,星熊,0,,,,,,,192,你可能也把他想得太不是东西了，老陈。,もしかするとあなたも彼をひどい奴だと思い込みすぎているのかもしれませんよ、古参の陳さん。,星熊,True
name,如果他想死，那就去死好了。可他死了又能解决得了什么？能有什么用？难道战争就不会开始了？难道龙门就不会首当其冲了？,陈,0,,,,,,,193,如果他想死，那就去死好了。可他死了又能解决得了什么？能有什么用？难道战争就不会开始了？难道龙门就不会首当其冲了？,もし彼が死にたいなら、死ねばいい。でも彼が死んだところで何が解決する？何の意味がある？戦争は始まらないのか？龍門は先に攻撃されないのか？,陳,True
name,他死，龙门不会被人迁怒。我想所有的责任都会随着他本人的死烟消云散。,星熊,0,,,,,,,194,他死，龙门不会被人迁怒。我想所有的责任都会随着他本人的死烟消云散。,彼が死ねば、龍門が責められることはありません。すべての責任は彼の死とともに煙のように消え去ると思います。,星熊,True
name,怎么可能会这么顺利？,陈,0,,,,,,,195,怎么可能会这么顺利？,そんなに上手くいくはずがありません。,陳,True
name,当然不那么顺利。所以，他要你接班近卫局。,星熊,0,,,,,,,196,当然不那么顺利。所以，他要你接班近卫局。,もちろんそう簡単ではありません。だから彼はあなたに近衛局を引き継いでほしいのです。,星熊,True
name,你会接他的班。近卫局局长的位子迟早是你的，下一步，你会成为这座城市的主人。,星熊,0,,,,,,,197,你会接他的班。近卫局局长的位子迟早是你的，下一步，你会成为这座城市的主人。,あなたが彼の後を継ぐ。近衛局長の座は遅かれ早かれあなたのものです。次の一歩として、あなたはこの街の支配者になるでしょう。,星熊,True
name,你该去把前前后后的问题，上上下下的遗毒，全都解开。,星熊,0,,,,,,,198,你该去把前前后后的问题，上上下下的遗毒，全都解开。,あなたはこの過去の問題や根深い毒をすべて解きほぐすべきです。,星熊,True
name,我清楚魏先生想做的事。他一直在等一个时候，他的眼神和他的手段，从我认识他那天开始就没变过。,星熊,0,,,,,,,199,我清楚魏先生想做的事。他一直在等一个时候，他的眼神和他的手段，从我认识他那天开始就没变过。,私はドクター・ウェイが何をしたいのかよくわかっています。彼はずっと機会を待っていて、彼の眼差しも手段も、私が彼を知ったあの日から変わっていません。,星熊,True
dialog,,,0,,,,,,,200,,,,False
blocker,,,0,,,,,,,201,,,,False
image,,,0,,,,avg_7_3,,,202,,,,False
imagetween,,,0,,,,,,,203,,,,False
blocker,,,0,,,,,,,204,,,,False
name,......,陈,0,,,,,,,205,......,......,陳,True
name,龙门还需要你，龙门也不希望你冒这个险。,星熊,0,,,,,,,206,龙门还需要你，龙门也不希望你冒这个险。,龍門はまだあなたを必要としていますし、龍門もあなたにそんな危険を冒してほしくありません。,星熊,True
name,我只感觉到一阵恶心。,陈,0,,,,,,,207,我只感觉到一阵恶心。,私はただ吐き気を感じるだけです。,陳,True
name,魏先生的死也许打动不了你，但他死后，你可以去改变这座龙门城。,星熊,0,,,,,,,208,魏先生的死也许打动不了你，但他死后，你可以去改变这座龙门城。,ドクター・ウェイの死はあなたの心を動かさないかもしれませんが、彼の死後、あなたはこの龍門の街を変えられます。,星熊,True
name,告诉你一个事实吧，星熊。一个我不属于这座城市的原因。,陈,0,,,,,,,209,告诉你一个事实吧，星熊。一个我不属于这座城市的原因。,一つの事実をお伝えしますよ、星熊さん。私がこの街に属せない理由の一つです。,陳,True
name,别骗我，老陈。没人比你更适合这座城。,星熊,0,,,,,,,210,别骗我，老陈。没人比你更适合这座城。,私を騙さないでください、古参の陳さん。この街にあなたほど適した人はいません。,星熊,True
name,我是感染者。,陈,0,,,,,,,211,我是感染者。,私は感染者です。,陳,True
name,......什么？,星熊,0,,,,,,,212,......什么？,......何ですって？,星熊,True
name,......,星熊,0,,,,,,,213,......,......,星熊,True
name,......什么时候......？,星熊,0,,,,,,,214,......什么时候......？,......いつのことですか......？,星熊,True
name,三年前。,陈,0,,,,,,,215,三年前。,三年前です。,陳,True
name,你瞒着我？,星熊,0,,,,,,,216,你瞒着我？,私に隠していたのですか？,星熊,True
name,我不是故意......,陈,0,,,,,,,217,我不是故意......,わざとではありません......,陳,True
name,为什么连我都不能知道......？,星熊,0,,,,,,,218,为什么连我都不能知道......？,なぜ私にさえ知らせられなかったのですか……？,星熊,True
name,魏彦吾不希望任何人知道。近卫局不能有感染者，所以我不能是。,陈,0,,,,,,,219,魏彦吾不希望任何人知道。近卫局不能有感染者，所以我不能是。,ドクター・ウェイは誰にも知られたくなかったのです。近衛局は感染者を受け入れられません、だから私もそうではいられなかったのです。,陳,True
name,星熊，这座城市没有感染者的容身之地。这片大地也没有。,陈,0,,,,,,,220,星熊，这座城市没有感染者的容身之地。这片大地也没有。,星熊さん、この街には感染者の居場所はありません。この大地にも。,陳,True
name,我已经受够了魏彦吾对我们的操控。我不会再由着他去指使我了。,陈,0,,,,,,,221,我已经受够了魏彦吾对我们的操控。我不会再由着他去指使我了。,私はもうドクター・ウェイの支配にうんざりしています。これ以上彼の指図に従いません。,陳,True
name,不。我知道了。,星熊,0,,,,,,,222,不。我知道了。,いいえ。わかりました。,星熊,True
name,我总算......总算完完全全地明白，为什么你，老陈，为什么你不能离开龙门了。,星熊,0,,,,,,,223,我总算......总算完完全全地明白，为什么你，老陈，为什么你不能离开龙门了。,私はやっと……やっと完全に理解しました。なぜあなたが、古参の陳さんが龍門を離れられないのかを。,星熊,True
name,......星熊？,陈,0,,,,,,,224,......星熊？,......星熊？,陳,True
name,你要是走了，去了核心城，魏先生就不得不把你划成敌人，你不仅是敌人，而且你必须是一个感染者，一个与龙门敌对的危险感染者......,星熊,0,,,,,,,225,你要是走了，去了核心城，魏先生就不得不把你划成敌人，你不仅是敌人，而且你必须是一个感染者，一个与龙门敌对的危险感染者......,もしあなたが去ってコアシティへ行ったら、ドクター・ウェイはあなたを敵と見なさざるをえません。あなたはただの敵ではなく、龍門に敵対する危険な感染者になってしまいます……,星熊,True
name,整座城就都会知道你是感染者，甚至还会认为你和整合运动同谋。,星熊,0,,,,,,,226,整座城就都会知道你是感染者，甚至还会认为你和整合运动同谋。,街全体があなたが感染者であると知り、統合運動の共謀者だとさえ思うでしょう。,星熊,True
name,覆水难收，你再也回不了这座城市。,星熊,0,,,,,,,227,覆水难收，你再也回不了这座城市。,覆水盆に返らず、もうこの街に戻ることはできません。,星熊,True
name,我不在乎。,陈,0,,,,,,,228,我不在乎。,私は気にしません。,陳,True
name,这句话是我该说的。,星熊,0,,,,,,,229,这句话是我该说的。,それは私が言うべき言葉です。,星熊,True
name,“你是感染者？我不在乎。”,星熊,0,,,,,,,230,“你是感染者？我不在乎。”,「あなたは感染者ですか？私は気にしません。」,星熊,True
name,我不在乎，Missy她不在乎，九也不在乎，近卫局也不在乎。,星熊,0,,,,,,,231,我不在乎，Missy她不在乎，九也不在乎，近卫局也不在乎。,私も、Missyも、キュウも、近衛局も気にしません。,星熊,True
name,甚至魏先生都不在乎。他想让你改变这里，而不是赶走你。,星熊,0,,,,,,,232,甚至魏先生都不在乎。他想让你改变这里，而不是赶走你。,ドクター・ウェイさえも気にしていません。彼はあなたにここを変えてほしいのであって、追い出すつもりはありません。,星熊,True
name,你没看到他对感染者的无情，我看见了。,陈,0,,,,,,,233,你没看到他对感染者的无情，我看见了。,あなたは彼の感染者への無情さを見ていませんが、私は見ました。,陳,True
name,至于九，她已经走了。之前她离开近卫局，是因为她也被感染了。,陈,0,,,,,,,234,至于九，她已经走了。之前她离开近卫局，是因为她也被感染了。,キュウに関しては、彼女は既に去りました。以前彼女が近衛局を離れたのは、感染したからです。,陳,True
name,......九也......,星熊,0,,,,,,,235,......九也......,......キュウも......,星熊,True
name,现在想想，我和九也许是因为同个任务患上的矿石病。,陈,0,,,,,,,236,现在想想，我和九也许是因为同个任务患上的矿石病。,今思えば、私とキュウは同じ任務で鉱石病を患ったのかもしれません。,陳,True
name,她后来是我的线人，表面上加入了整合运动......然后，为了整合运动，她抛弃了龙门。,陈,0,,,,,,,237,她后来是我的线人，表面上加入了整合运动......然后，为了整合运动，她抛弃了龙门。,彼女は後に私の情報提供者になり、表向きは統合運動に加わりました……そして統合運動のために、彼女は龍門を捨てたのです。,陳,True
name,因为她看清了这座城市的真相。,陈,0,,,,,,,238,因为她看清了这座城市的真相。,彼女はこの街の真実を見抜いたからです。,陳,True
name,但你根本没背叛龙门。我不会让你背上你没犯下的罪。,星熊,0,,,,,,,239,但你根本没背叛龙门。我不会让你背上你没犯下的罪。,しかしあなたは決して龍門を裏切ってはいません。私はあなたに犯していない罪を負わせません。,星熊,True
name,星熊，你觉得......你觉得我为什么要去核心城？,陈,0,,,,,,,240,星熊，你觉得......你觉得我为什么要去核心城？,星熊さん、あなたはどう思いますか……なぜ私がコアシティに行くのか？,陳,True
name,猜谜我对付不来，说明白点。,星熊,0,,,,,,,241,猜谜我对付不来，说明白点。,謎かけは得意ではありません、はっきり言ってくださいませ。,星熊,True
name,呵.......,陈,0,,,,,,,242,呵.......,はっ……,陳,True
name,你知道整合运动的领袖是谁吗？,陈,0,,,,,,,243,你知道整合运动的领袖是谁吗？,統合運動のリーダーが誰か知っていますか？,陳,True
name,她的名字我记不得。,星熊,0,,,,,,,244,她的名字我记不得。,彼女の名前は覚えていません。,星熊,True
name,塔露拉。,陈,0,,,,,,,245,塔露拉。,タルラ。,陳,True
name,Missy没告诉过你？,陈,0,,,,,,,246,Missy没告诉过你？,ミッシーは教えてくれなかったのですか？,陳,True
name,告诉我什么？,星熊,0,,,,,,,247,告诉我什么？,何を教えてほしいのですか？,星熊,True
name,塔露拉是我的姐姐。,陈,0,,,,,,,248,塔露拉是我的姐姐。,タルラは私の姉です。,陳,True
dialog,,,0,,,,,,,249,,,,False
character,,,0,,,,,,,250,,,,False
blocker,,,0,,,,,,,251,,,,False
image,,,0,,,,,,,252,,,,False
stopmusic,,,0,,,,,,,253,,,,False
background,,,0,,,,bg_turf,,,254,,,,False
blocker,,,0,,,,,,,255,,,,False
character,,char_136_hsguma,0,,,1,,,char_010_chen_1,256,,,,False
name,啊。啊.......哈。我懂了。,星熊,0,,,,,,,257,啊。啊.......哈。我懂了。,ああ。ああ……はあ。わかりました。,星熊,True
name,老陈，你今天不可能过去。,星熊,0,,,,,,,258,老陈，你今天不可能过去。,陳さん、あなたは今日行けません。,星熊,True
playmusic,,,0,,,,,,,259,,,,False
character,,char_136_hsguma,0,,,2,,,char_010_chen_1#4,260,,,,False
name,......为什么说这种话......？难道我的亲人、我的家人......都不够重要？！,陈,0,,,,,,,261,......为什么说这种话......？难道我的亲人、我的家人......都不够重要？！,……なぜそんなことを言うんだ……？私の親族、私の家族は……大切ではないのか？,陳,True
character,,char_136_hsguma,0,,,1,,,char_010_chen_1#4,262,,,,False
name,就因为这样......,星熊,0,,,,,,,263,就因为这样......,そういう理由で……,星熊,True
name,就因为这样我才不能让你过去。,星熊,0,,,,,,,264,就因为这样我才不能让你过去。,だからこそ私はあなたを行かせることはできません。,星熊,True
name,即使今天我要死在这里，我也不会让你去。,星熊,0,,,,,,,265,即使今天我要死在这里，我也不会让你去。,今日、たとえここで私が死んでも、あなたを行かせはしません。,星熊,True
character,,char_136_hsguma,0,,,2,,,char_010_chen_1#5,266,,,,False
name,......,陈,0,,,,,,,267,......,……,陳,True
name,这事情不是你能决定的，星熊。,陈,0,,,,,,,268,这事情不是你能决定的，星熊。,このことは君が決めることではない、星熊。,陳,True
character,,char_136_hsguma,0,,,1,,,char_010_chen_1#5,269,,,,False
name,般若决定得了。,星熊,0,,,,,,,270,般若决定得了。,般若が決められます。,星熊,True
character,,char_136_hsguma,0,,,2,,,char_010_chen_1#2,271,,,,False
name,——今天挡在我面前，哪怕是场天灾，我也不会乖乖束手就擒，何况是一面盾，一个鬼！,陈,0,,,,,,,272,——今天挡在我面前，哪怕是场天灾，我也不会乖乖束手就擒，何况是一面盾，一个鬼！,──今日、私の前に立ちはだかるのが、たとえ天災であっても、私は素直に投降などしません、それが盾であろうと、幽霊であろうと！,陳,True
character,,char_136_hsguma,0,,,1,,,char_010_chen_1#2,273,,,,False
name,铸造这面盾的工匠被一群流浪的恶鬼杀了满门，他的怨气可比天灾还怨毒得多。,星熊,0,,,,,,,274,铸造这面盾的工匠被一群流浪的恶鬼杀了满门，他的怨气可比天灾还怨毒得多。,この盾を作った工匠は、流浪の悪鬼の一団に家族皆殺しにされ、その怨念は天災以上に激しいのです。,星熊,True
name,而这面盾上沾上的鲜血、引起的惨剧......比起天灾都邪恶得多。,星熊,0,,,,,,,275,而这面盾上沾上的鲜血、引起的惨剧......比起天灾都邪恶得多。,そしてこの盾に染みついた血と引き起こした惨劇は……天災よりもずっと邪悪です。,星熊,True
name,老陈，魏先生不是个好人，我们可以合起来打他一顿。,星熊,0,,,,,,,276,老陈，魏先生不是个好人，我们可以合起来打他一顿。,陳さん、魏先生はいい人ではありません。私たちで一緒に叩きのめすことができます。,星熊,True
name,你有什么想做的，我陪你去，什么都行。你不是喜欢我那辆哥伦比亚大缸70vv吗？我让给你。,星熊,0,,,,,,,277,你有什么想做的，我陪你去，什么都行。你不是喜欢我那辆哥伦比亚大缸70vv吗？我让给你。,したいことがあれば、私が付き合います。何でもいいです。あなたはあのコロンビアの大缸70vvが好きですよね？それをあなたに譲ります。,星熊,True
name,老陈，不要是现在。不要去。不要逼我。这是我最后一点点想你答应的事。,星熊,0,,,,,,,278,老陈，不要是现在。不要去。不要逼我。这是我最后一点点想你答应的事。,陳さん、今ではありません。行かないで。私を追い詰めないでください。これが私が最後に望むお願いです。,星熊,True
character,,char_136_hsguma,0,,,2,,,char_010_chen_1#4,279,,,,False
name,逼你？你怎么说话像魏彦吾一样？......不要这么说话。,陈,0,,,,,,,280,逼你？你怎么说话像魏彦吾一样？......不要这么说话。,追い詰める？どうして魏彦吾みたいな言い方をするんだ？……そんな話し方はやめてくれ。,陳,True
name,在魏彦吾动手的时候......不。,陈,0,,,,,,,281,在魏彦吾动手的时候......不。,魏彦吾が手を出した時……いや。,陳,True
name,早在他出卖自己兄弟、辜负我的母亲、让这座城市在他灰暗的罪恶里沉睡时，我就已经决定好了。,陈,0,,,,,,,282,早在他出卖自己兄弟、辜负我的母亲、让这座城市在他灰暗的罪恶里沉睡时，我就已经决定好了。,彼が自分の兄弟を裏切り、私の母を裏切り、この街を彼の暗い罪の中に沈めた時、私はもう決めていました。,陳,True
character,,char_136_hsguma,0,,,1,,,char_010_chen_1#4,283,,,,False
name,魏彦吾怎么做，也许你觉得和你有关系，但我觉得和你没有一点关系。,星熊,0,,,,,,,284,魏彦吾怎么做，也许你觉得和你有关系，但我觉得和你没有一点关系。,魏彦吾がどうしようと、あなたは関係があると思うかもしれませんが、私はあなたとは全く関係ないと思っています。,星熊,True
character,,char_136_hsguma,0,,,2,,,char_010_chen_1#5,285,,,,False
name,你在说什么......,陈,0,,,,,,,286,你在说什么......,何を言っているんだ……,陳,True
character,,char_136_hsguma,0,,,1,,,char_010_chen_1#5,287,,,,False
name,他所做的、为你做的，和你该做的，一直是两回事。,星熊,0,,,,,,,288,他所做的、为你做的，和你该做的，一直是两回事。,彼のしたこと、あなたのためにしたこと、そしてあなたがすべきことは、いつも別のものです。,星熊,True
name,魏先生也是这么期望的。他不想做一个坏人，他渴望的不是统治......,星熊,0,,,,,,,289,魏先生也是这么期望的。他不想做一个坏人，他渴望的不是统治......,魏ドクターもそう望んでいます。彼は悪人になりたくなく、支配を望んでいるのではありません……,星熊,True
name,他把剑给了你。,星熊,0,,,,,,,290,他把剑给了你。,彼は剣をあなたに託しました。,星熊,True
character,,char_136_hsguma,0,,,2,,,char_010_chen_1#4,291,,,,False
name,......你根本就不理解。,陈,0,,,,,,,292,......你根本就不理解。,……あなたは全く理解していません。,陳,True
character,,char_136_hsguma,0,,,1,,,char_010_chen_1#4,293,,,,False
name,——理解什么？,星熊,0,,,,,,,294,——理解什么？,──何を理解するのですか？,星熊,True
name,不止一次，一次，一次又一次......我毁掉自己的家，毁掉自己的家人。,星熊,0,,,,,,,295,不止一次，一次，一次又一次......我毁掉自己的家，毁掉自己的家人。,一度だけではありません。何度も何度も……私は自分の家を、家族を壊してきました。,星熊,True
name,每次我都沾了一身血，每次我都打到最后，打到只剩我一个人站着。,星熊,0,,,,,,,296,每次我都沾了一身血，每次我都打到最后，打到只剩我一个人站着。,毎回、血にまみれ、最後まで戦い、最後に私一人だけが立っていました。,星熊,True
name,就因为我觉得这是对的。就因为我认定那是错的。,星熊,0,,,,,,,297,就因为我觉得这是对的。就因为我认定那是错的。,それが正しいと思ったから。間違っていると確信したからです。,星熊,True
name,我常常会想，我配活下来吗？,星熊,0,,,,,,,298,我常常会想，我配活下来吗？,よく考えます。私は生きる価値があるのか？と。,星熊,True
name,我不配。但我还是活下来了。我没法再只为自己活着了。,星熊,0,,,,,,,299,我不配。但我还是活下来了。我没法再只为自己活着了。,私は値しません。でもそれでも生き続けました。もう自分のためだけに生きられません。,星熊,True
name,认定对错，所以一脚踏出去......是人一生中能做的最蠢的事。,星熊,0,,,,,,,300,认定对错，所以一脚踏出去......是人一生中能做的最蠢的事。,正しいか間違っているかを決めて、一歩踏み出すことは……人間として人生でできる一番愚かなことです。,星熊,True
name,后悔的味道一直就留在我的嘴里。,星熊,0,,,,,,,301,后悔的味道一直就留在我的嘴里。,後悔の味がいつも口に残っています。,星熊,True
name,你以为只有你背负了很多吗，陈大小姐？,星熊,0,,,,,,,302,你以为只有你背负了很多吗，陈大小姐？,あなただけが多くを背負っていると思っているのですか？陳お嬢様？,星熊,True
character,,char_136_hsguma,0,,,2,,,char_010_chen_1#2,303,,,,False
name,不要这么说话！,陈,0,,,,,,,304,不要这么说话！,そんな言い方はやめろ！,陳,True
character,,char_136_hsguma,0,,,1,,,char_010_chen_1#2,305,,,,False
name,......那为什么不能稍微理解我一点？,星熊,0,,,,,,,306,......那为什么不能稍微理解我一点？,……それなら、少しは私のことを理解していただけませんか？,星熊,True
name,我们同甘共苦这么些年，到底有什么不能敞开说？,星熊,0,,,,,,,307,我们同甘共苦这么些年，到底有什么不能敞开说？,私たちは共に苦楽を分かち合ってきました。この何年も、何を話せないのでしょうか？,星熊,True
character,,char_136_hsguma,0,,,2,,,char_010_chen_1#4,308,,,,False
name,我有苦衷，你也有，我们都清楚，可明明知道了......,陈,0,,,,,,,309,我有苦衷，你也有，我们都清楚，可明明知道了......,私にも事情があり、あなたにもあります。それはわかっているのに……,陳,True
name,可你为什么还是不明白？我没有牵连你们任何一个人，我到底哪里没理解你们？！,陈,0,,,,,,,310,可你为什么还是不明白？我没有牵连你们任何一个人，我到底哪里没理解你们？！,なぜまだわからないのですか？私はあなた方の誰にも迷惑をかけていません。私は一体どこがあなた方を理解できていないのですか？,陳,True
character,,char_136_hsguma,0,,,1,,,char_010_chen_1#4,311,,,,False
name,因为我见过太多死得毫无价值的人了。,星熊,0,,,,,,,312,因为我见过太多死得毫无价值的人了。,私はあまりにも多くの無意味に死んだ人を見てきたからです。,星熊,True
name,我不在乎你的身份，但我在乎你去哪里。,星熊,0,,,,,,,313,我不在乎你的身份，但我在乎你去哪里。,私はあなたの身分は気にしませんが、あなたがどこへ行くのかは気にします。,星熊,True
name,我不会让你去。敌人的头领做到现在这步，你干什么都改变不了现状，你会白死。,星熊,0,,,,,,,314,我不会让你去。敌人的头领做到现在这步，你干什么都改变不了现状，你会白死。,私はあなたを行かせません。敵のリーダーは今やここまで来て、あなたが何をしても現状は変えられません。あなたは無駄死にするだけです。,星熊,True
name,让你白死，没人想看到。整个近卫局，整个龙门，没人想看到。,星熊,0,,,,,,,315,让你白死，没人想看到。整个近卫局，整个龙门，没人想看到。,あなたが無駄死にするのを誰も望んでいません。警備局全体も、龍門全体も、望んでいません。,星熊,True
character,,char_136_hsguma,0,,,2,,,char_010_chen_1#5,316,,,,False
name,——谢谢你，星熊。,陈,0,,,,,,,317,——谢谢你，星熊。,──ありがとう、星熊。,陳,True
name,但我一定要去。,陈,0,,,,,,,318,但我一定要去。,でも、私は絶対に行きます。,チェン,True
character,,char_136_hsguma,0,,,1,,,char_010_chen_1#5,319,,,,False
name,当真？,星熊,0,,,,,,,320,当真？,本当ですか？,ホシグマ,True
character,,char_136_hsguma,0,,,2,,,char_010_chen_1#4,321,,,,False
name,如果真要出剑，我不会怕你。,陈,0,,,,,,,322,如果真要出剑，我不会怕你。,もし本当に剣を抜くなら、私はあなたを怖がりません。,チェン,True
character,,char_136_hsguma,0,,,1,,,char_010_chen_1#4,323,,,,False
name,一定要过，是吗？你是不是觉得自己现在的心硬得像块铁？,星熊,0,,,,,,,324,一定要过，是吗？你是不是觉得自己现在的心硬得像块铁？,どうしても通りたいのですね？今のあなたの心は鉄のように硬いと思っているのですか？,ホシグマ,True
name,我之前就和你说过，你会沉浸在自己一个人的想法里，看不到周围的一切，看不到别人为你努力了多少。,星熊,0,,,,,,,325,我之前就和你说过，你会沉浸在自己一个人的想法里，看不到周围的一切，看不到别人为你努力了多少。,以前にも言いましたが、あなたは自分ひとりの考えに浸り、周りのすべてや他の人がどれだけあなたのために努力しているか見えていません。,ホシグマ,True
name,一意孤行只会害了你。,星熊,0,,,,,,,326,一意孤行只会害了你。,我が道を行こうとすると、結局は自分を傷つけるだけですよ。,ホシグマ,True
character,,char_136_hsguma,0,,,2,,,char_010_chen_1#5,327,,,,False
name,哼。,陈,0,,,,,,,328,哼。,ふん。,チェン,True
character,,char_136_hsguma,0,,,1,,,char_010_chen_1#5,329,,,,False
name,罢了。只有被狠狠捶打过一遍，你才会像过去的我一样，知道自己那些可笑的执着都不过是些冲动。,星熊,0,,,,,,,330,罢了。只有被狠狠捶打过一遍，你才会像过去的我一样，知道自己那些可笑的执着都不过是些冲动。,仕方ないわ。思い切り叩きのめされて初めて、かつての私のように、自分のくだらないこだわりがただの衝動だったとわかるのよ。,ホシグマ,True
name,既然你想打，老陈......就让我看看你比起过去两年成长了多少。,星熊,0,,,,,,,331,既然你想打，老陈......就让我看看你比起过去两年成长了多少。,戦いたいのなら、チェン……この2年でどれだけ成長したか見せてもらいましょう。,ホシグマ,True
character,,char_136_hsguma,0,,,2,,,char_010_chen_1#4,332,,,,False
name,不 要 这 么 说 话。,陈,0,,,,,,,333,不 要 这 么 说 话。,そんなことを言うな。,チェン,True
dialog,,,0,,,,,,,334,,,,False
character,,,0,,,,,,,335,,,,False
blocker,,,0,,,,,,,336,,,,False
name,EX-42 源石技艺远程操作型器械，使用者迷迭香，请批准。,迷迭香,0,,,,,,,337,EX-42 源石技艺远程操作型器械，使用者迷迭香，请批准。,EX-42 源石技術遠隔操作型機械、使用者ミント、承認をお願いします。,ミント,True
name,允许在防卫战中运用，已批准带离。,PRTS,0,,,,,,,338,允许在防卫战中运用，已批准带离。,防衛戦での使用を許可、持ち出しも承認済みです。,PRTS,True
name,运用人：歼灭战专员，罗德岛精英干员迷迭香，已批准开启。,PRTS,0,,,,,,,339,运用人：歼灭战专员，罗德岛精英干员迷迭香，已批准开启。,使用者：殲滅戦担当、ロドス精鋭オペレーターのミント、起動承認済み。,PRTS,True
name,嗯，那我去了。,迷迭香,0,,,,,,,340,嗯，那我去了。,はい、それでは行きます。,ミント,True
name,罗德岛舰船的启动，麻烦你们转告可露希尔。,迷迭香,0,,,,,,,341,罗德岛舰船的启动，麻烦你们转告可露希尔。,ロドスの船の起動を、コルシェルに伝えてくださいませ。,ミント,True
name,博士，快快，快退进舱门。别看啦。,罗德岛干员,0,,,,,,,342,博士，快快，快退进舱门。别看啦。,ドクター、早く早く、船内に戻ってください。見ないでくださいね。,ロドスオペレーター,True
name,要是你被迷迭香战斗时迸出来的碎片打到，很可能会死喔。,罗德岛干员,0,,,,,,,343,要是你被迷迭香战斗时迸出来的碎片打到，很可能会死喔。,もしミントの戦闘中に飛び散った破片が当たったら、死んでしまうかもしれませんよ。,ロドスオペレーター,True
dialog,,,0,,,,,,,344,,,,False
blocker,,,0,,,,,,,345,,,,False
image,,,0,,,,,,,346,,,,False
