command,text,name,option_number,option_value,references,focus,image,values,name2,jp_text,jp_name
header,,,0,,,,,,,,
stopmusic,,,0,,,,,,,,
dialog,,,0,,,,,,,,
blocker,,,0,,,,,,,,
background,,,0,,,,bg_topruins,,,,
blocker,,,0,,,,,,,,
delay,,,0,,,,,,,,
playmusic,,,0,,,,,,,,
dialog,,,0,,,,,,,,
blocker,,,0,,,,,,,,
image,,,0,,,,avg_8_16,,,,
blocker,,,0,,,,,,,,
character,,,0,,,,,,,,
imagetween,,,0,,,,,,,,
character,,char_003_kalts_1,0,,,,,,,,
name,糟糕，阿米娅！！,凯尔希,0,,,,,,,まずい、アーミヤ！！,ケルシー
character,,char_010_chen_1,0,,,,,,,,
name,啊......！怎么回事，阿米娅？！,陈,0,,,,,,,ああ……！どうしたんだ、アーミヤ？！,チェン
decision,发生什么了！,,3,1,,,,1;2;3,,何が起こった！,
decision,怎么会......,,3,2,,,,1;2;3,,どうして……,
decision,凯尔希，想想办法！,,3,3,,,,1;2;3,,ケルシー、何とかして！,
predicate,,,0,,1;2;3,,,,,,
character,,char_003_kalts_1,0,,,,,,,,
name,......过来，博士。,凯尔希,0,,,,,,,……おいで、ドクター。,ケルシー
name,接下来我要做的这件事，你不可以告诉任何人。,凯尔希,0,,,,,,,これから私がすることは、誰にも言ってはいけません。,ケルシー
name,龙门的陈长官！,凯尔希,0,,,,,,,龍門のチェン長官！,ケルシー
character,,char_010_chen_1,0,,,,,,,,
name,不再是了。,陈,0,,,,,,,もう違う。,チェン
character,,char_003_kalts_1,0,,,,,,,,
name,那就请你帮我看住那边那条龙。之后我们会立刻对她进行收监。你有任何问题吗？,凯尔希,0,,,,,,,それなら、あちらのあのドラゴンを見ていてくれ。すぐに彼女を拘束する。何か質問は？,ケルシー
character,,char_010_chen_1,0,,,,,,,,
name,先照顾阿米娅吧。,陈,0,,,,,,,まずはアーミヤを見ろ。,チェン
dialog,,,0,,,,,,,,
blocker,,,0,,,,,,,,
image,,,0,,,,,,,,
character,,char_003_kalts_1,0,,,,,,,,
name,好。博士，把手伸出来。,凯尔希,0,,,,,,,わかった。ドクター、手を差し出して。,ケルシー
decision,好！,,3,1,,,,1;2;3,,はい！,
decision,（伸出手）,,3,2,,,,1;2;3,,（手を差し出す）,
decision,我就算退后你也会拽住我对不对？,,3,3,,,,1;2;3,,後ずさりしても、あなたは私を引き止めるでしょう？,
predicate,,,0,,1;2;3,,,,,,
name,哎。不会痛，但是，不要问。,凯尔希,0,,,,,,,ええ。痛くはない。でも、聞かないで。,ケルシー
name,我会将这根注射器刺进你的手臂，抽你一点血。其他的不要问。,凯尔希,0,,,,,,,この注射器で腕から少し血を取るわ。他は聞かないで。,ケルシー
name,就当为了你自己好。,凯尔希,0,,,,,,,君自身のためだと思って。,ケルシー
decision,这是......,,1,1,,,,1,,これは……,
predicate,,,0,,1,,,,,,
name,不要问。,凯尔希,0,,,,,,,聞かないで。,ケルシー
dialog,,,0,,,,,,,,
character,,,0,,,,,,,,
blocker,,,0,,,,,,,,
,她说的对，的确没有什么感觉。,,0,,,,,,,彼女の言う通り、本当に何も感じない。,
,凯尔希将你新鲜的血液装进了腰间的仪器，数秒后，她将淡青色的成品输送进了阿米娅的脖颈。,,0,,,,,,,ケルシーは新鮮な血液を腰の機械に入れ、数秒後に淡い青色の完成品をアーミヤの首に送り込んだ。,
,阿米娅的呼吸渐趋平稳。,,0,,,,,,,アーミヤの呼吸が徐々に落ち着いた。,
dialog,,,0,,,,,,,,
blocker,,,0,,,,,,,,
decision,怎么回事？！,,1,1,,,,1,,どういうことだ？！,
predicate,,,0,,1,,,,,,
character,,,0,,,,,,,,
name,......唔......！,阿米娅,0,,,,,,,……うっ……！,アーミヤ
character,,char_003_kalts_1,0,,,,,,,,
name,起作用了。阿米娅......醒醒。,凯尔希,0,,,,,,,効いてる。アーミヤ……目を覚まして。,ケルシー
character,,,0,,,,,,,,
name,啊......特蕾西娅小......小姐......？,阿米娅,0,,,,,,,あ……テレシアさ……小姐……？,アーミヤ
character,,char_003_kalts_1,0,,,,,,,,
name,......不，我不是。是我，阿米娅。,凯尔希,0,,,,,,,……違う、私じゃない。私だ、アーミヤ。,ケルシー
dialog,,,0,,,,,,,,
character,,,0,,,,,,,,
character,,char_002_amiya_1,0,,,,,,,,
delay,,,0,,,,,,,,
name,凯尔希医生......我......,阿米娅,0,,,,,,,ケルシー・ドクター……私……,アーミヤ
character,,char_003_kalts_1,0,,,,,,,,
name,没事的，阿米娅。不要强迫自己说话。我们该准备离开了。已经没事了。,凯尔希,0,,,,,,,大丈夫よ、アーミヤ。無理に話さなくていい。もう出発の準備をしないと。もう問題ないわ。,ケルシー
character,,char_002_amiya_1,0,,,,,,,,
name,嗯。,阿米娅,0,,,,,,,うん。,アーミヤ
name,......嗯......,阿米娅,0,,,,,,,……うん……,アーミヤ
name,呜......,阿米娅,0,,,,,,,うぅ……,アーミヤ
name,呜......啊......呜呜......,阿米娅,0,,,,,,,うぅ……あぁ……うう……,アーミヤ
decision,你怎么哭了？,,3,1,,,,1;2;3,,なぜ泣いている？,
decision,阿米娅......,,3,2,,,,1;2;3,,アーミヤ……,
decision,（默默地陪在阿米娅身旁）,,3,3,,,,1;2;3,,（静かにアーミヤのそばにいる）,
predicate,,,0,,1;2;3,,,,,,
name,呜......博士......呜......哇......,阿米娅,0,,,,,,,うぅ……ドクター……うぅ……わぁ……,アーミヤ
decision,......没事了，阿米娅。,,1,1,,,,1,,……大丈夫よ、アーミヤ。,
predicate,,,0,,1,,,,,,
decision,战斗已经结束了。,,1,1,,,,1,,戦いはもう終わった。,
predicate,,,0,,1,,,,,,
name,嗯......嗯......,阿米娅,0,,,,,,,うん……うん……,アーミヤ
name,嗯。,阿米娅,0,,,,,,,うん。,
name,......眼泪......博士，我忍到最后了......我......答应好的......我......我也......,阿米娅,0,,,,,,,……涙……ドクター、最後まで我慢しました……私……約束した……私……私も……,アーミヤ
name,......博士......博士......,阿米娅,0,,,,,,,……ドクター……ドクター……,アーミヤ
name,......博士......,阿米娅,0,,,,,,,……ドクター……,アーミヤ
dialog,,,0,,,,,,,,
character,,,0,,,,,,,,
blocker,,,0,,,,,,,,
blocker,,,0,,,,,,,,
character,,char_003_kalts_1,0,,,,,,,,
name,陈，马上我们的飞行器会在指挥塔降落。我们一起离开，带上塔露拉。,凯尔希,0,,,,,,,チェン、間もなく俺たちの飛行機が指揮塔に着陸する。一緒に出発して、タルーラを連れて行く。,ケルシー
character,,char_010_chen_1,0,,,,,,,,
name,你真的要这么做？我甚至......还没想好要怎么处置她。,陈,0,,,,,,,本当にそうするつもりか？私はまだ……彼女をどう扱うか決めていない。,チェン
character,,char_003_kalts_1,0,,,,,,,,
name,我们需要塔露拉。罗德岛必须先于其他人得到她。,凯尔希,0,,,,,,,私たちはタルーラが必要だ。ロドスは他より先に彼女を手に入れなければならない。,ケルシー
decision,那会给我们带来麻烦！,,3,1,,,,1;2;3,,それは我々に問題をもたらす！,
decision,......,,3,2,,,,1;2;3,,......,
decision,你再怎么语出惊人也不会吓到我了。,,3,3,,,,1;2;3,,あなたがいかに驚くべきことを言っても、私はもう怖がりません。,
predicate,,,0,,1;2;3,,,,,,
name,你是不是害怕这会给我们带来杀身之祸？,凯尔希,0,,,,,,,これが私たちに命の危険をもたらすのを怖れているのですか？,ケルシー
name,不必担心，博士。在决定参与这件事时，我们就已经濒临毁灭了。,凯尔希,0,,,,,,,心配はいりません、ドクター。この件に関わることを決めた時点で、私たちはすでに滅亡の淵にいました。,ケルシー
name,两把利剑悬在我们头顶，这两把剑，一把握在龙门手里，另一把则握在乌萨斯第三集团军手里。,凯尔希,0,,,,,,,二本の鋭い剣が私たちの頭上に突きつけられています。そのうち一本は龍門の手に、もう一本はウルサス第三集団軍の手にあります。,ケルシー
name,......停下了切尔诺伯格核心城，参与了龙门攻防战，知晓内幕，光这三条就足够他们暗中毁灭罗德岛十数次。,凯尔希,0,,,,,,,……チェルノボーグの核心都市を抑え、龍門の攻防戦に参加し、内情を知っている。この三つだけでも、彼らはロドスを十数回も秘密裏に破壊することができました。,ケルシー
name,如果龙门想要攻击我们，第三集团军会怎么做？,凯尔希,0,,,,,,,もし龍門が私たちを攻撃しようとしたら、第三集団軍はどうするでしょうか？,ケルシー
name,他们会袖手旁观。,凯尔希,0,,,,,,,彼らは指をくわえて見ているだけです。,ケルシー
name,这些披着制服的刽子手会看着我们这艘舰船在荒野上燃烧殆尽，他们的一块心病随之而去。,凯尔希,0,,,,,,,制服を着たこれらの死刑執行者たちは、私たちのこの船が荒野で焼け尽きるのを見て、それによって一つの悩みが消えるのです。,ケルシー
name,反之亦然：一家并未于龙门注册，不受龙门保护的私人企业，因遭到不明势力的武装袭击而在某处土崩瓦解。,凯尔希,0,,,,,,,逆もまた然りです。龍門に登録されておらず、龍門の保護も受けていない民間企業が、何者かの武装勢力の襲撃でどこかで崩壊した場合。,ケルシー
name,这与龙门何干，又与大炎何干呢？,凯尔希,0,,,,,,,それが龍門と何の関係があり、また大炎と何の関係があるのでしょうか？,ケルシー
name,除非我们扣留塔露拉。,凯尔希,0,,,,,,,タルーラを拘留しない限り。,ケルシー
name,无论谁想对罗德岛出手，都要考虑一下，是否要在现在向他们的对手发出一个信号：“我想要夺取关键的证据，塔露拉。”,凯尔希,0,,,,,,,誰であれロドスに手を出そうとする者は、一度考えなければなりません。今、この瞬間に彼らの敵に信号を送ること。「重要な証拠、タルーラを奪いたいのだ」と。,ケルシー
name,“我想通过这个证据来建立优势，抹除劣势。”,凯尔希,0,,,,,,,「この証拠によって優位を築き、不利を消したい」と。,ケルシー
name,我们唯一的生机在于他们各自的运作模式。,凯尔希,0,,,,,,,私たちの唯一の生き残る望みは、彼らそれぞれの運営方法にあります。,ケルシー
name,罗德岛应该庆幸......庆幸龙门的巨贾们和乌萨斯的旧贵族在百年内尚没有任何握手言和的可能性。,凯尔希,0,,,,,,,ロドスは幸運に思うべきです……龍門の大物とウルサスの旧貴族が、百年もの間和解の可能性を持たなかったことを。,ケルシー
name,他们会因为塔露拉在我们手上而相互钳制，谁也不会轻易出手。,凯尔希,0,,,,,,,彼らはタルーラが私たちの手にあることで互いを牽制し、誰も容易には手を出しません。,ケルシー
name,与其冒风险夺走这个于敌于己都十分关键的证据，不如保持距离。保证自己和自己的对手都与这证据保持一定的距离。,凯尔希,0,,,,,,,敵にも自分にも非常に重要なこの証拠を奪うリスクを冒すよりは、距離を保つべきです。自分も、相手も、この証拠とは一定の距離を保つことを保障するのです。,ケルシー
name,对于第三集团军和龙门而言，一着不慎就是穷途末路。他们毕竟不能代表自己的国家。,凯尔希,0,,,,,,,第三集団軍と龍門にとっては、一手の誤りが末路を意味します。彼らは結局、自国を代表しているわけではありません。,ケルシー
name,......第三集团军尝试这么做了，他们会为自己冒进的错误付出代价。代价已经够高了。这样的赌注对于每个阵营而言都太大了。,凯尔希,0,,,,,,,……第三集団軍はそうしようとしましたが、その無謀な誤りには代償があります。すでに代償は十分高く、こうした賭けはどの陣営にとっても大きすぎます。,ケルシー
name,所以，我们要试着逼迫他们。我们要让他们自互相的对手的威胁中保护我们。,凯尔希,0,,,,,,,だから、私たちは彼らを追い詰めなければなりません。彼らが互いの敵の脅威から私たちを守るように。,ケルシー
name,塔露拉对于罗德岛至关重要。至少现在，她至关重要。,凯尔希,0,,,,,,,タルーラはロドスにとって極めて重要です。少なくとも今は、彼女は非常に重要なのです。,ケルシー
name,这些还活着的聪明人会找到那个平衡点的。这艘羁押着塔露拉的罗德岛应该主动选择成为这个平衡点......,凯尔希,0,,,,,,,まだ生きている賢い者たちがその均衡点を見つけ出すでしょう。タルーラを拘留しているこのロドスは、積極的にその均衡点にならなければなりません……,ケルシー
name,直到这件事情不再重要。或者说，直到他们被卷进下一场风暴。,凯尔希,0,,,,,,,この事態が重要でなくなるまで、あるいは彼らが次の嵐に巻き込まれるまで。,ケルシー
decision,我说不动你。,,3,1,,,,1;2;3,,あなたを説得できないと言っているのです。,
decision,......,,3,2,,,,1;2;3,,......,
decision,你早就有这个打算是不是？,,3,3,,,,1;2;3,,あなたはずっと前からこの計画を持っていたのですね？,
predicate,,,0,,1;2;3,,,,,,
name,呵......,凯尔希,0,,,,,,,ふっ……,ケルシー
name,飞行器已经来了。走吧，我们先把阿米娅和塔露拉送上去。,凯尔希,0,,,,,,,飛行機がもう来ています。行きましょう、まずアーミヤとタルーラを送りましょう。,ケルシー
name,我和你坐第二架。,凯尔希,0,,,,,,,私とあなたは第二機に乗ります。,ケルシー
dialog,,,0,,,,,,,,
character,,,0,,,,,,,,
blocker,,,0,,,,,,,,
dialog,,,0,,,,,,,,
background,,,0,,,,bg_chercen_2,,,,
blocker,,,0,,,,,,,,
character,,avg_npc_053,0,,,,,,,,
name,再打下去也没意义了。那些游击队的家伙们会要了我们的命。,萨卡兹雇佣兵,0,,,,,,,これ以上戦っても意味がありません。あいつらゲリラたちに命を狙われます。,サカズ傭兵
name,撤退！撤出这座城市。我们输了！我们打了场没意义的仗。,萨卡兹雇佣兵,0,,,,,,,撤退だ！この街から退却しよう。負けたんだ！無意味な戦いをしてしまった。,サカズ傭兵
character,,avg_npc_046#2,0,,,,,,,,
name,谁说没有？,W,0,,,,,,,誰がそんなことを言った？,W
character,,avg_npc_046#2,0,,,2,,,avg_npc_053,,
name,你还活着......？,萨卡兹雇佣兵,0,,,,,,,お前、まだ生きているのか……？,サカズ傭兵
character,,avg_npc_046#2,0,,,1,,,avg_npc_053,,
name,那么容易死的话，就不配让你们跟我走了。,W,0,,,,,,,そんなに簡単に死ぬなら、俺と一緒に来る資格はない。,W
character,,avg_npc_046#2,0,,,2,,,avg_npc_053,,
name,理由。给个我们把你当老大的理由。,萨卡兹雇佣兵,0,,,,,,,理由を言え。俺たちがお前をボスと認める理由を示せ。,サカズ傭兵
character,,avg_npc_046#2,0,,,1,,,avg_npc_053,,
name,哈，你没意识到一件事吗？你自由了，傻大个。,W,0,,,,,,,はあ、お前は気づいていないのか？お前は自由なんだ、大ばか者。,W
character,,avg_npc_046#2,0,,,2,,,avg_npc_053,,
name,......什么？自由？什么东西？,萨卡兹雇佣兵,0,,,,,,,……何だと？自由？それは何のことだ？,サカズ傭兵
character,,avg_npc_046#2,0,,,1,,,avg_npc_053,,
name,现在你们已经不再是谁的杀手了。我也不是你的头儿，我只是邀请你们和我一起走。,W,0,,,,,,,今やお前たちは誰かの殺し屋ではない。俺もお前たちのボスじゃない。ただ一緒に来ないかと誘っているだけだ。,W
name,不用再为了谁去杀谁，为自己打仗吧！哦，当然，谁要是为了兴趣屠杀取乐，我第一个把他的肋骨从胸里炸出来。,W,0,,,,,,,誰かのために誰かを殺す必要はない。自分のために戦え！ああ、もちろん、興味本位で殺戮を楽しむやつは最初に胸から肋骨を吹き飛ばしてやる。,W
name,当然，我要说的是，我们用不着再跟着任何只是想着利用我们的刀和弩的人走了。他们不想我们活着，他们只想我们在死前带去更多的死。,W,0,,,,,,,もちろん、言いたいのは、もう誰かに利用されるだけの刃や弩には従わなくていいということだ。彼らは俺たちが生きているのを望んでいない。むしろ、死ぬ前にもっと多くの死をもたらすことだけを望んでいる。,W
name,但我！我不一样。我觉得，钱是个好东西。他们给我们的很多。,W,0,,,,,,,だが俺は！俺は違う。金は良いものだと思う。彼らは俺たちに多く与えた。,W
name,但我们活着，我们挣得更多，而不是把那些他们许诺好的财富丢在其他人的坟头上面等着风干。,W,0,,,,,,,しかし俺たちは生きていて、もっと稼いでいる。そして、彼らが約束した富を他人の墓の上に置いて風に晒すことはしない。,W
name,看到瞧不起我们的就干掉。看到不顺眼的也干掉。看到那些想害我们的也干掉。我们把他们全部干掉。,W,0,,,,,,,俺たちを見下す奴はぶっ殺す。気に入らない奴もぶっ殺す。害そうとする奴もぶっ殺す。みんなぶっ殺す。,W
name,不为了谁。不为了整合运动，也不为了什么整个魔族。,W,0,,,,,,,誰のためでもない。統合運動のためでもないし、魔族全体のためでもない。,W
name,我们自己去挣我们这条命。你就是想去学个炎国的围棋都不要紧，你爱怎么样怎么样。,W,0,,,,,,,俺たちは自分自身でこの命を稼ぐ。お前が炎国の囲碁を学びたいなら、それでも構わない。好きにすればいい。,W
name,走不走？,W,0,,,,,,,行くか？,W
character,,avg_npc_046#2,0,,,2,,,avg_npc_053,,
name,......反正我们也没地方可去。,萨卡兹雇佣兵,0,,,,,,,……どうせ俺たちには行く場所もない。,サカズ傭兵
name,就听你的。但是，别耍花样，W。,萨卡兹雇佣兵,0,,,,,,,お前に従う。でも、茶番はなしだぞ、W。,サカズ傭兵
character,,avg_npc_046#5,0,,,,,,,,
name,那不行，兄弟。我得耍很多很多花样。,W,0,,,,,,,それは無理だ、兄弟。俺はたくさんの茶番をやらなければならない。,W
dialog,,,0,,,,,,,,
character,,,0,,,,,,,,
blocker,,,0,,,,,,,,
dialog,,,0,,,,,,,,
background,,,0,,,,bg_chercen_2,,,,
blocker,,,0,,,,,,,,
character,,avg_npc_012,0,,,2,,,char_401_elysm,,
name,结束了吗？,极境,0,,,,,,,終わりましたか？,極境
character,,avg_npc_012,0,,,1,,,char_401_elysm,,
name,太好了，这一次也不用扮成别人的朋友去把他们害死，这也就算是好事了。,霍克,0,,,,,,,よかった、今回は他人の友達のふりをして彼らを害する必要がなくて、それはそれで良いことだ。,ホーク
name,没想到，在原本作战计划里本来是要搅乱他们......,霍克,0,,,,,,,思わなかった、もともとの作戦計画では彼らを攪乱する予定だったのに……。,ホーク
character,,char_1002_nsabr_1,0,,,,,,,,
name,谢谢你，兄弟！打得好！快离开这里吧！,整合运动成员,0,,,,,,,ありがとう、兄弟！よくやった！早くここを離れよう！,統合運動メンバー
character,,avg_npc_012,0,,,1,,,char_401_elysm,,
name,（乌萨斯语）没事儿！,霍克,0,,,,,,,（ウルサス語）大丈夫だ！,ホーク
name,......现在我们成了他们的助手。,霍克,0,,,,,,,,
character,,avg_npc_012,0,,,2,,,char_401_elysm,,
name,霍克，回去以后要一起喝杯咖啡吗？我可以和你讲讲上次我们在哥伦比亚的行动......,极境,0,,,,,,,,
character,,avg_npc_012,0,,,1,,,char_401_elysm,,
name,那次我和你在一个小队。,霍克,0,,,,,,,あの時、俺は君と同じ小隊だった。,ホーク
character,,avg_npc_012,0,,,2,,,char_401_elysm,,
name,这样来着？,极境,0,,,,,,,そうだったか？,エクソダス
character,,avg_npc_012,0,,,1,,,char_401_elysm,,
name,你从来不记得小队的队友吗？,霍克,0,,,,,,,君は小隊の仲間を覚えていないのか？,ホーク
character,,avg_npc_012,0,,,2,,,char_401_elysm,,
name,因为每次我们都不是在作为罗德岛的小队活动的嘛。,极境,0,,,,,,,だって俺たちはいつもロドスの小隊として活動していなかったからな。,エクソダス
character,,avg_npc_012,0,,,1,,,char_401_elysm,,
name,那这次......我们可能真的光彩地做了件好事。,霍克,0,,,,,,,,
dialog,,,0,,,,,,,,
character,,,0,,,,,,,,
blocker,,,0,,,,,,,,
dialog,,,0,,,,,,,,
background,,,0,,,,bg_topout,,,,
blocker,,,0,,,,,,,,
character,,avg_npc_058,0,,,,,,,,
name,等等，小猫，那是你们的飞行器吗？那是做什么的？,盾卫,0,,,,,,,ちょっと待て、小猫、それは君たちの飛行機か？それは何のためのものだ？,シールドガード
character,,avg_npc_042,0,,,,,,,,
name,啊，那应该是......,迷迭香,0,,,,,,,,
name,叔叔，我们要带走塔露拉。啊，它飞走了......我们已经带走她了。,迷迭香,0,,,,,,,,
character,,avg_npc_058,0,,,1,,,avg_npc_042,,
name,......什么？你们，你们带走了塔露拉？,盾卫,0,,,,,,,,
name,不。罗德岛没有这么做的权力！！,盾卫,0,,,,,,,違う。ロドスにはそんな権限はない！！,シールドガード
name,我们要审判她！她不能这么一走了之！！,盾卫,0,,,,,,,俺たちは彼女を裁く！彼女が勝手に逃げ出すことは許さない！！,シールドガード
character,,avg_npc_058,0,,,2,,,avg_npc_042,,
name,不行......不行。,迷迭香,0,,,,,,,,
name,因为你们想报仇，所以你们没有资格。,迷迭香,0,,,,,,,復讐がしたいだけのあんたたちには、その資格はない。,ローズマリー
name,我们没资格审判她。,迷迭香,0,,,,,,,私たちには彼女を裁く資格はありません。,ローズマリー
character,,avg_npc_058,0,,,1,,,avg_npc_042,,
name,但你们把她夺走了。你夺走了我们处死她的机会！,盾卫,0,,,,,,,だが、お前たちが彼女を奪った。俺たちに彼女を処刑する機会を奪ったのだ！,シールドガード
name,小猫，现学现卖可不对......,盾卫,0,,,,,,,,
name,仇恨在我们的血管里流淌，这整合运动和感染者同胞无数的被她害死的人的仇恨让我们浑身发热，所以我们才有资格审判她。,盾卫,0,,,,,,,憎しみが俺たちの血管を流れている。この統合運動と感染者の仲間たち、多くの彼女によって命を失った者たちの恨みが俺たちを熱くさせ、それこそが俺たちに彼女を裁く資格を与えるのだ。,シールドガード
name,其他人不行。不可能。,盾卫,0,,,,,,,他の者にはできない。そんなことはありえない。,シールドガード
character,,avg_npc_058,0,,,2,,,avg_npc_042,,
name,那你们会公正地判决吗？,迷迭香,0,,,,,,,じゃあ、あなたたちは公正に判決を下すのですか？,ローズマリー
character,,avg_npc_058,0,,,1,,,avg_npc_042,,
name,我们就是公正。塔露拉逃不出我们的手心。,盾卫,0,,,,,,,俺たちこそが公正だ。タルーラは俺たちの手の中から逃げられない。,シールドガード
character,,avg_npc_058,0,,,2,,,avg_npc_042,,
name,这样好了，叔叔。我可以向你们发誓。我们绝对不会把塔露拉交给任何其他人，除了你们和整合运动。,迷迭香,0,,,,,,,こうしましょう、おじさん。私が誓います。タルーラをほかの誰にも渡しません。あなたたちと統合運動以外には。,ローズマリー
character,,avg_npc_058,0,,,1,,,avg_npc_042,,
name,你们要她做什么？,盾卫,0,,,,,,,お前たちは彼女をどうしたい？,シールドガード
character,,avg_npc_058,0,,,2,,,avg_npc_042,,
name,我也不知道。但我可以发誓。,迷迭香,0,,,,,,,私もわかりません。でも誓えます。,ローズマリー
name,因为我也相信我们做的是对的。,迷迭香,0,,,,,,,私たちが正しいことをしていると信じているからです。,ローズマリー
name,如果需要的话，就现在杀了我。我相信罗德岛做的，我可以和她换。,迷迭香,0,,,,,,,もし必要なら、今すぐ私を殺してください。私はロドスを信じています。彼女と代わっても構いません。,ローズマリー
character,,avg_npc_058,0,,,1,,,avg_npc_042,,
name,......说什么！你不可以再这么说。,盾卫,0,,,,,,,,
name,哎，小猫，你对罗德岛的忠诚，和我们有什么区别呢？我信你。你以后会是个光荣的战士。,盾卫,0,,,,,,,おい、小猫よ、君のロドスへの忠誠は俺たちと何が違う？信じるぞ。君は将来、誇り高き戦士になるだろう。,シールドガード
name,走吧！看在你的份上，就相信你们罗德岛一回。,盾卫,0,,,,,,,行け！君のために、ロドスを一度だけ信じてやろう。,シールドガード
name,但是，记住，无论是塔露拉，还是那个魔王......哪怕一次，只要有一次让我们知道你们在为非作歹......,盾卫,0,,,,,,,,
name,只要你们给这大地上受到压迫和统治的人带去了更多苦痛，我们就会立刻找到你们，攻击你们，杀死你们。,盾卫,0,,,,,,,この大地で苦しみと支配を受けている人々にさらなる苦痛を与えれば、俺たちはすぐにお前たちを見つけ出し、襲撃し、殺す。,シールドガード
name,尤其是塔露拉。别让我看见你们用她做了什么坏事。,盾卫,0,,,,,,,特にタルーラだ。お前たちが彼女を使って何か悪いことをしているのを見たくない。,シールドガード
name,我们会把她们的头挂在城市最高的地方祭奠大尉，祭奠孤独地死在这里的伟大战士。,盾卫,0,,,,,,,俺たちは彼女たちの頭を街で一番高いところにさらし、この地で孤独に死んだ偉大な大尉を弔う。,シールドガード
name,他本不该是这种结局。,盾卫,0,,,,,,,彼は本来こんな結末を迎えるべきではなかった。,シールドガード
character,,avg_npc_058,0,,,2,,,avg_npc_042,,
name,不会发生那种事的。因为罗德岛不会这么做。而且，他们要这么做，我就不让他们这么做。,迷迭香,0,,,,,,,そんなことは起こりません。ロドスはそんなことはしません。それに、もし彼らがそんなことをしようとすれば、私が止めます。,ローズマリー
name,以后......我会成为你们说的那个，能认出别人是好人还是坏人的人。,迷迭香,0,,,,,,,,
name,没人该再失去亲人了，如果这是好事的话，我会去做。我会审判。,迷迭香,0,,,,,,,誰ももう大切な人を失うべきではありません。それが良いことならば、私はそれをやります。裁きを下します。,ローズマリー
name,我觉得我快有一把自己的尺子了。,迷迭香,0,,,,,,,自分の尺度がきっとできつつあると感じています。,ローズマリー
character,,avg_npc_058,0,,,1,,,avg_npc_042,,
name,我们相信你。我们相信你的誓言，小猫！你年龄还小，却比那些直不起身子的成年人还要有担当得多。,盾卫,0,,,,,,,俺たちはお前を信じている。お前の誓いを信じている、小猫よ！若いのに、姿勢を正せない大人よりずっと責任感がある。,シールドガード
name,我们同意了，因为你在，所以我们暂时不会去摧毁罗德岛。,盾卫,0,,,,,,,俺たちは同意した。お前がいるから、当分はロドスを潰しにかからない。,シールドガード
character,,avg_npc_058,0,,,2,,,avg_npc_042,,
name,打勾勾吗？,迷迭香,0,,,,,,,指切りしませんか？,ローズマリー
character,,avg_npc_058,0,,,1,,,avg_npc_042,,
name,啊？哈哈，好。打勾，是吗？,盾卫,0,,,,,,,ああ？はは、いいぞ。指切りだな？,シールドガード
character,,avg_npc_058,0,,,2,,,avg_npc_042,,
name,嗯。,迷迭香,0,,,,,,,うん。,
character,,avg_npc_058,0,,,1,,,avg_npc_042,,
name,......如果我有女儿，应该也有你这么大。,盾卫,0,,,,,,,,
name,小猫，如果另一个女孩，那个魔王......那个卡特斯。如果她真的能做好，真的能走下去的话......,盾卫,0,,,,,,,,
name,......你可以信我们，小猫。你们有难的时候，我们也会来。因为大尉......大尉和叶莲娜她......已经选了她。,盾卫,0,,,,,,,……私たちを信じてください、子猫さん。あなたたちが困ったとき、私たちも来ます。なぜならドクター……ドクターとイェリェーナさんは……もう彼女を選んだのです。,盾衛
name,希望以后你们的路能证明你们是对的，我们是错的。,盾卫,0,,,,,,,これからあなたたちの道が、あなたたちが正しく、私たちが間違っていることを証明することを願っています。,盾衛
name,但这不可能。因为我们的事业是正当的。,盾卫,0,,,,,,,しかし、それはありえません。私たちの事業は正当だからです。,盾衛
name,你该走了。,盾卫,0,,,,,,,あなたはもう行くべきです。,盾衛
character,,avg_npc_012,0,,,,,,,,
name,迷迭香！我们......整合运动的战士们，谢谢你们。我们该走了。,罗德岛干员,0,,,,,,,ローズマリー！私たち……統合運動の戦士たち、ありがとうございます。私たちは行かなければなりません。,ロドスのオペレーター
character,,avg_npc_058,0,,,,,,,,
name,不再是整合运动了。,盾卫,0,,,,,,,もう統合運動ではありません。,盾衛
name,再见了小猫。快走吧。,盾卫,0,,,,,,,さようなら、子猫さん。早く行きなさい。,盾衛
character,,avg_npc_042,0,,,,,,,,
name,拜拜，叔叔。,迷迭香,0,,,,,,,バイバイ、おじさん。,ローズマリー
dialog,,,0,,,,,,,,
blocker,,,0,,,,,,,,
character,,,0,,,,,,,,
image,,,0,,,,avg_8_41,,,,
blocker,,,0,,,,,,,,
character,,,0,,,,,,,,
character,,avg_npc_058,0,,,,,,,,
name,再见！,盾卫,0,,,,,,,さようなら！,盾衛
name,......,盾卫,0,,,,,,,......,
name,他们走了，兄弟们。,盾卫,0,,,,,,,彼らは去りました、兄弟たちよ。,盾衛
name,我们不行。我们还不能走。我们还有事情没做完。,盾卫,0,,,,,,,私たちはダメです。まだ行けません。まだやり残したことがあります。,盾衛
dialog,,,0,,,,,,,,
blocker,,,0,,,,,,,,
character,,,0,,,,,,,,
image,,,0,,,,,,,,
blocker,,,0,,,,,,,,
dialog,,,0,,,,,,,,
character,,,0,,,,,,,,
blocker,,,0,,,,,,,,
dialog,,,0,,,,,,,,
background,,,0,,,,bg_perimeter,,,,
blocker,,,0,,,,,,,,
dialog,,,0,,,,,,,,
character,,,0,,,,,,,,
character,,avg_npc_077,0,,,,,,,,
delay,,,0,,,,,,,,
name,已经收不到整合运动领袖的回信了。,“皇帝的利刃”,0,,,,,,,もう統合運動の指導者からの返事を受け取れません。,「皇帝の刃」
name,切尔诺伯格核心城也已停止运作。通知第六第七和第十二师团，如果他们还想照计划进行，现在就该......,“皇帝的利刃”,0,,,,,,,チェルノバーグ核心都市も稼働停止した。第六、第七、第十二師団に通知せよ。彼らがまだ計画通りに行動したければ、今すぐ……,「皇帝の刃」
character,,avg_npc_038,0,,,,,,,,
name,停下吧。,？？？,0,,,,,,,やめなさい。,？？？
name,否则就只能我们来让你们停下。,？？？,0,,,,,,,そうでなければ私たちがあなたたちを止めるしかない。,？？？
name,......即使我们这么做了，也不会产生作用。,？？？,0,,,,,,,……たとえ私たちがそうしても、効果はないでしょう。,？？？
name,只有你们现在还来得及停下你们那几台缺乏理智的战争机器。,？？？,0,,,,,,,あなたたちだけが今ならまだ理性の欠けた戦争機械を止めることができる。,？？？
character,,avg_npc_077,0,,,,,,,,
name,你们无法与乌萨斯的利刃对抗。不再能了。,“皇帝的利刃”,0,,,,,,,あなたたちはウルサスの刃に対抗できない。もうできません。,「皇帝の刃」
name,......而且，你们，哪怕连昏君的命令都能言听计从的走卒有什么资格教训我们？,“皇帝的利刃”,0,,,,,,,……それに、あなたたちは、愚かな君主の命令にも従う手先に過ぎない者が、私たちに説教する資格などあるのか？,「皇帝の刃」
character,,avg_npc_038,0,,,,,,,,
name,（高卢语）你又怎么知道自己是不是被科西切蛊惑了？,影卫,0,,,,,,,（ガリア語）お前は自分がコシツェに惑わされているかどうか、どうして分かるのか？,影衛
character,,avg_npc_077,0,,,,,,,,
name,别再用那种语言与我说话......高卢的时代已经过去了！,“皇帝的利刃”,0,,,,,,,もうその言葉で話しかけるな……ガリアの時代は終わったのだ！,「皇帝の刃」
name,用他们的语言进行国度间的交流的时代，也已经过去了！他们连一座城市都不剩下！,“皇帝的利刃”,0,,,,,,,彼らの言語で国と国が交流する時代も終わった！彼らにはもはや一つの都市も残っていない！,「皇帝の刃」
name,科西切，他一直坚持，他一直在为乌萨斯奉献！,“皇帝的利刃”,0,,,,,,,コシツェはずっと信念を持ち、ずっとウルサスのために尽くしている！,「皇帝の刃」
character,,avg_npc_038,0,,,,,,,,
name,上一个被乌萨斯人这么称颂的人死在你们的刀下。,影卫,0,,,,,,,以前ウルサス人にそう讃えられた者は、あなたたちの刃の下で死んだ。,影衛
name,不用再瞻前顾后了，我们可以帮你们一把。有些事只能你们来做。,影卫,0,,,,,,,もうためらうな、私たちはあなたたちを助けられる。あることはあなたたちにしかできない。,影衛
character,,avg_npc_077,0,,,,,,,,
name,你想引诱我们背叛国家？,“皇帝的利刃”,0,,,,,,,我々を国家に背くよう誘惑するつもりか？,「皇帝の刃」
character,,avg_npc_038,0,,,,,,,,
name,年轻人......依我之见，你们继续一意孤行才是叛国之举。接下来发生的事你可以自己选，但事情的结果却是乌萨斯去承担。,影卫,0,,,,,,,若者よ……私の意見では、あなたたちの独断専行こそが反逆だ。これから何が起きても自分で選べ、だが結果を背負うのはウルサスだ。,影衛
name,既然你们现在这么做了，你们肯定是清楚的：贵族们引发战争只是为了解决一个问题，但战争，战争更糟。,影卫,0,,,,,,,あなたたちが今こうしているなら、きっと理解しているだろう：貴族たちは問題を解決するために戦争を起こしたが、戦争はより悪い事態を生むのだ。,影衛
name,你们想在哪里一劳永逸地重建乌萨斯的安宁？,影卫,0,,,,,,,あなたたちはどこでウルサスの平穏を根本的に再建しようとしているのだ？,影衛
name,你们自己结束了那个时代。你们比我们更清楚。,影卫,0,,,,,,,その時代はもうあなたたち自身が終わらせたのだ。私たちよりよく分かっているはずだ。,影衛
character,,avg_npc_077,0,,,,,,,,
name,——,“皇帝的利刃”,0,,,,,,,――,「皇帝の刃」
name,魏彦吾的走卒。你们是怎么找到我们的？,“皇帝的利刃”,0,,,,,,,ウェイ・ヤンウの手先どもよ。どうやって私たちを見つけたのだ？,「皇帝の刃」
character,,avg_npc_038,0,,,,,,,,
name,凭本事。你们还有很多要学。,影卫,0,,,,,,,実力でな。まだ学ぶことは多い。,影衛
character,,avg_npc_077,0,,,,,,,,
name,你威逼我？,“皇帝的利刃”,0,,,,,,,脅迫するつもりか？,「皇帝の刃」
character,,avg_npc_038,0,,,,,,,,
name,不，我们只是......到了年龄。,影卫,0,,,,,,,違います、私たちはただ……年齢に達したのです。,影衛
name,以及，也许你们自诩忠诚于国家......,影卫,0,,,,,,,そして、おそらくあなたたちは自分たちが国家に忠誠だと思っている……,影衛
name,但有些事，不管在你们眼里我们够不够忠义......我们都是不会去做的。,影卫,0,,,,,,,しかし、あることは、あなたたちの目には私たちが十分に忠義かどうかに関係なく……私たちは決してしません。,影衛
character,,avg_npc_077,0,,,,,,,,
name,义是什么？,“皇帝的利刃”,0,,,,,,,義とは何だ？,「皇帝の刃」
character,,avg_npc_038,0,,,,,,,,
name,一些我们做不到的事。,影卫,0,,,,,,,私たちにできないことです。,影衛
name,（高卢语）我们都各自退一步吧，年轻人。,影卫,0,,,,,,,（ガリア語）みんな一歩引こう、若者よ。,影衛
name,皇帝内卫有得是新鲜血液。你们会活得比我们长。假如这件事真的不对，你们却还有机会去纠正它。,影卫,0,,,,,,,皇帝の護衛にはまだ新しい血がいる。あなたたちは私たちより長く生きるだろう。この事が本当に間違っているなら、あなたたちにはそれを正す機会がまだある。,影衛
name,倘若真的为它着想，就不要踏进同一个错误里去。,影卫,0,,,,,,,本当にそれを思うなら、同じ過ちを繰り返してはいけません。,影衛
character,,avg_npc_077,0,,,,,,,,
name,......,“皇帝的利刃”,0,,,,,,,......,
character,,avg_npc_038,0,,,,,,,,
name,谁去解决？,影卫,0,,,,,,,誰が解決するのか？,影衛
character,,avg_npc_077,0,,,,,,,,
name,我们自己去。你们去拦住你们的人。,“皇帝的利刃”,0,,,,,,,我々が行く。お前たちは自分たちの者を止めよ。,「皇帝の刃」
name,还有，老家伙们......你们已经不再是禁军了。少管闲事。,“皇帝的利刃”,0,,,,,,,それに、年寄りどもよ……もう禁軍ではない。余計なことはするな。,「皇帝の刃」
character,,avg_npc_038,0,,,,,,,,
name,正因为早就不是了，所以现在才能来说些闲话。活久一些，年轻人。,影卫,0,,,,,,,もう禁軍ではないからこそ、今こうして話すことができる。長生きしろよ、若者よ。,影衛
name,后会无期。,影卫,0,,,,,,,また会う日はないだろう。,影衛
dialog,,,0,,,,,,,,
character,,,0,,,,,,,,
dialog,,,0,,,,,,,,
character,,,0,,,,,,,,
blocker,,,0,,,,,,,,
dialog,,,0,,,,,,,,
background,,,0,,,,bg_chercen_2,,,,
blocker,,,0,,,,,,,,
character,,char_1002_nsabr_1,0,,,,,,,,
name,求求你......求求你！,整合运动成员,0,,,,,,,お願いです……お願い申し上げます！,統合運動のメンバー
name,要杀我，就给我个痛快！,整合运动成员,0,,,,,,,私を殺すなら、はっきりやってくれ！,整合運動メンバー
character,,avg_npc_016,0,,,,,,,,
name,......,幻影弩手,0,,,,,,,......,
character,,char_1002_nsabr_1,0,,,,,,,,
name,我不想被他们找到！他们一定会折磨我们......他们一直......,整合运动成员,0,,,,,,,彼らに見つかりたくない！絶対に私たちを拷問します……彼らはずっと……,整合運動メンバー
character,,avg_npc_016,0,,,,,,,,
name,别再听信流言了。,幻影弩手,0,,,,,,,もう噂を信じるな。,ファントムボウマン
name,走吧！快点，我想......,幻影弩手,0,,,,,,,行こう！急いで、私は……,ファントムボウマン
name,别让盾卫找到你们。,幻影弩手,0,,,,,,,シールド隊に見つからないように。,ファントムボウマン
character,,char_1002_nsabr_1,0,,,,,,,,
name,......你......你当真能放我们走？,整合运动成员,0,,,,,,,……あなた……本当に私たちを見逃してくれるの？,整合運動メンバー
character,,avg_npc_016,0,,,,,,,,
name,队长也会希望你们活下来吧。因为队长也是个迷茫的人。,幻影弩手,0,,,,,,,隊長も君たちが生き残ることを願っているだろう。なぜなら隊長もまた迷える人だから。,ファントムボウマン
name,日后避开这些人吧。无论是塔露拉的亲卫还是盾卫。,幻影弩手,0,,,,,,,将来は彼らを避けるんだ。タルラの親衛もシールド隊も関係なく。,ファントムボウマン
name,......迷茫的人。,幻影弩手,0,,,,,,,……迷える人。,ファントムボウマン
dialog,,,0,,,,,,,,
character,,,0,,,,,,,,
blocker,,,0,,,,,,,,
dialog,,,0,,,,,,,,
cameraeffect,,,0,,,,,,,,
background,,,0,,,,bg_chercen_2,,,,
blocker,,,0,,,,,,,,
character,,avg_npc_016,0,,,,,,,,
name,你是决定要留下？,幻影弩手,0,,,,,,,君は残るつもりか？,ファントムボウマン
character,,avg_npc_059,0,,,,,,,,
name,是。,罗德岛近卫干员？,0,,,,,,,はい。,ロドス近衛隊員？
character,,avg_npc_016,0,,,,,,,,
name,可是整合运动也不在了......,幻影弩手,0,,,,,,,でも整合運動ももういない……,ファントムボウマン
character,,avg_npc_059,0,,,,,,,,
name,我想即使是盾卫，可能也代表不了整合运动。,罗德岛近卫干员？,0,,,,,,,シールド隊であっても、整合運動を代表しているとは思えません。,ロドス近衛隊員？
name,因为他们已经不这么叫自己了。,罗德岛近卫干员？,0,,,,,,,なぜなら彼らはもうそう自分を呼んでいないからです。,ロドス近衛隊員？
name,除非......除非我们去改变这些事。,罗德岛近卫干员？,0,,,,,,,……やるなら……私たちがそれを変えに行くしかない。,ロドス近衛隊員？
character,,char_1002_nsabr_1,0,,,,,,,,
name,我们作为整合运动去改变整合运动自己。,整合运动成员,0,,,,,,,私たちは整合運動として、整合運動自身を変えるのだ。,整合運動メンバー
character,,avg_npc_016,0,,,,,,,,
name,你还信这个吗？,幻影弩手,0,,,,,,,まだそれを信じているのか？,ファントムボウマン
character,,char_1002_nsabr_1,0,,,,,,,,
name,我相信感染者摔倒了还能爬起来。,整合运动成员,0,,,,,,,感染者は倒れても立ち上がれると私は信じています。,整合運動メンバー
dialog,,,0,,,,,,,,
character,,,0,,,,,,,,
blocker,,,0,,,,,,,,
dialog,,,0,,,,,,,,
cameraeffect,,,0,,,,,,,,
background,,,0,,,,bg_chercen_2,,,,
blocker,,,0,,,,,,,,
,在之后的三十六个小时里，切尔诺伯格核心城中潜伏的所属第三集团军的乌萨斯军人，悄然无声地消失在空气里。,,0,,,,,,,その後の36時間、チェルノボーグの中心街に潜伏していた第三軍団所属のウルサス兵たちは、ひっそりと空気の中に姿を消した。,
,当然，没人能证明他们是乌萨斯的军人。,,0,,,,,,,もちろん、彼らがウルサスの兵士だと証明できる者はいなかった。,
,在撤离核心城之前，盾卫们也发现了不少整合运动的尸体。他们没有携带任何能证明他们身份的物件，除了他们身体上的伤口......,,0,,,,,,,中心街からの撤退前に、シールド隊は多くの整合運動の遺体を発見した。彼らは身元を示す物品を持っておらず、身体の傷だけが証拠であった……。,
,那些伤口都来自同一种投掷武器。,,0,,,,,,,それらの傷はすべて同じ種類の投擲武器によるものだった。,
,无形的凶手谋害了只有他们熟识的暴徒，以此向不在场的阴谋家发出了无声的警告。,,0,,,,,,,形なき殺し屋は彼らにしか馴染みのない暴徒を殺し、現場にいなかった陰謀者たちに静かな警告を発したのだ。,
,当然，盾卫们的警告更直接了当。叛徒必将血流成河。,,0,,,,,,,もちろんシールド隊の警告はより直接的であった。裏切り者は必ず血の海に沈むのだ。,
dialog,,,0,,,,,,,,
character,,,0,,,,,,,,
blocker,,,0,,,,,,,,
dialog,,,0,,,,,,,,
background,,,0,,,,bg_cher_5,,,,
blocker,,,0,,,,,,,,
,炎与乌萨斯的联合调查团进入切尔诺伯格两周后分别向两方递交了调查报告。,,0,,,,,,,炎とウルサスの合同調査団はチェルノボーグに入って2週間後、それぞれ双方に調査報告書を提出した。,
,报告指出，没有任何证据能够证明，两国有任意一方切实参与了这一场灾难的策划与实施。,,0,,,,,,,報告は、両国のいずれかがこの災害の計画や実行に関与していることを証明する証拠は一切ないと指摘した。,
,最终，切尔诺伯格事件被定性为一场感染者引起的重大人为灾害。,,0,,,,,,,最終的にチェルノボーグ事件は感染者によって引き起こされた重大な人的災害と位置付けられた。,
,但是，随着一系列政治冲突接连发生，在各大城市间闹得沸沸扬扬的感染者补充法令也被积压在议会的废弃提案堆里数月之久......,,0,,,,,,,しかし一連の政治的衝突が続く中、各大都市で騒がれた感染者補充法案は議会の廃案山に数か月も積まれたままだった……。,
,......并在之后的清扫中和一些其他的重要废纸一同被送进了老书记的手摇式碎纸机。,,0,,,,,,,……そして後の清掃の際、他の重要な紙くずと一緒に老書記の手回しシュレッダーにかけられた。,
,切尔诺伯格事件，在无声无息中得到了解决。,,0,,,,,,,チェルノボーグ事件はひっそりと解決を迎えた。,
dialog,,,0,,,,,,,,
character,,,0,,,,,,,,
blocker,,,0,,,,,,,,
dialog,,,0,,,,,,,,
background,,,0,,,,bg_laccolith,,,,
playmusic,,,0,,,,,,,,
blocker,,,0,,,,,,,,
character,,,0,,,,,,,,
name,唔......！,乌萨斯民众,0,,,,,,,うっ……！,ウルサス市民
character,,char_1502_crowns,0,,,,,,,,
name,别怕。,弑君者,0,,,,,,,怖がらないでください。,シージャー
name,......我不是杀手。走，这里走。别想着留下！乌萨斯人找到你，他们不分你是不是感染者，这座城市会被变成空城。,弑君者,0,,,,,,,……私は殺し屋ではありません。さあ、こちらへ。ここに残るな！ウルサス人が見つけたら、感染者かどうかに関係なく、この街は空城になります。,シージャー
character,,,0,,,,,,,,
name,......,乌萨斯民众,0,,,,,,,......,
name,你的意思是我们只能相信你？,乌萨斯民众,0,,,,,,,つまり私たちはあなたしか信じられないということですか？,ウルサス市民
character,,char_1502_crowns,0,,,,,,,,
name,你们想活下去......你们会活下去。,弑君者,0,,,,,,,あなたたちは生きたい……生きられます。,シージャー
character,,,0,,,,,,,,
name,......我们会活下去。往哪走？,乌萨斯民众,0,,,,,,,……私たちは生き残ります。どこへ行けば？,ウルサス市民
character,,char_1502_crowns,0,,,,,,,,
name,......好。好的。这里走。,弑君者,0,,,,,,,……よし。ここを行こう。,シージャー
name,我没法让你不恨我们。但我希望，我们以后对你们这些同样也失去家乡的人......也别再恨了。,弑君者,0,,,,,,,私はあなたに私たちを憎まないようにできません。しかし私は願っています、あなたたち故郷を失った同じ人々に…もう憎まないでほしいと。,シージャー
name,兄弟！过来。带他们走。他们没感染。小心点。,弑君者,0,,,,,,,兄弟！こっちへ。彼らを連れて行け。感染していない。気をつけろ。,シージャー
character,,char_1002_nsabr_1,0,,,1,,,char_1502_crowns,,
name,弑君者？那你呢！,整合运动成员,0,,,,,,,シージャー？あなたは？,整合運動メンバー
name,你去哪......？我们该怎么办？,整合运动成员,0,,,,,,,どこへ行く……？私たちはどうすれば？,整合運動メンバー
character,,char_1502_crowns,0,,,,,,,,
name,你们为什么还跟着我？,弑君者,0,,,,,,,なぜまだ私についてくる？,シージャー
character,,char_1002_nsabr_1,0,,,1,,,char_1502_crowns,,
name,你可是整合运动的......,整合运动成员,0,,,,,,,あなたは確か整合運動の……,整合運動メンバー
character,,char_1502_crowns,0,,,,,,,,
name,我什么都不是。,弑君者,0,,,,,,,私は何者でもありません。,シージャー
name,......我要回叙拉古。,弑君者,0,,,,,,,……私はシラガに戻る。,シージャー
character,,char_1002_nsabr_1,0,,,1,,,char_1502_crowns,,
name,为什么？你为什么......,整合运动成员,0,,,,,,,なぜ？なぜあなたは……,整合運動メンバー
character,,char_1502_crowns,0,,,,,,,,
name,我很弱。所以我要变强。,弑君者,0,,,,,,,私は弱い。だから強くなる。,シージャー
name,在我要离开叙拉古去乌萨斯给爸报仇的时候，老师拦住了我，说我很弱，做不到。,弑君者,0,,,,,,,シラガを離れてウルサスで父の仇を討ちに行く時、先生は私を止め、「君は弱すぎてできない」と言いました。,シージャー
name,我以为他是在骗我，只是不想我回去报仇，现在我才明白他是对的。,弑君者,0,,,,,,,彼が私を騙していると思っていました。ただ私が復讐に戻らないようにしたかっただけで、今やっと彼が正しかったと分かりました。,弑君者
name,我没有塔露拉那种脑子，我也没有老师那种手法，我太弱了。,弑君者,0,,,,,,,私はタルラのような頭も、ドクターのような技術も持っていません。私はあまりにも弱いのです。,弑君者
name,就连我一直以来相信的事业......都被人利用了。你们知道了吧？塔露拉背叛了我们。不管有没有内情，整合运动已经完蛋了。,弑君者,0,,,,,,,私がずっと信じてきた事業さえも...利用されていました。皆さんも知っていますよね？タルラは私たちを裏切りました。事情の如何に関わらず、統合運動はもう終わったのです。,弑君者
dialog,,,0,,,,,,,,
character,,,0,,,,,,,,
character,,avg_npc_043_1#2,0,,,,,,,,
delay,,,0,,,,,,,,
name,我不认为整合运动会就此结束。,九,0,,,,,,,統合運動がこれで終わるとは思いません。,九
character,,char_1502_crowns,0,,,,,,,,
name,......你是龙门人？,弑君者,0,,,,,,,……あなたはロドスの者ですか？,弑君者
character,,avg_npc_043_1#2,0,,,,,,,,
name,是的。不过我要说的和我是哪里人，没有关系。,九,0,,,,,,,はい。しかし、私がどこの者かは関係ありません。,九
name,不管这个塔露拉承不承认，可能你们都要意识到一点......不管整合运动怎么样，塔露拉已经点了一把火。,九,0,,,,,,,このタルラが認めるかどうかに関わらず、皆さんも気づくべきです……統合運動がどうであれ、タルラは一つの火を灯したのです。,九
name,我不觉得这把火会就这样熄灭。,九,0,,,,,,,この火が簡単に消えるとは思いません。,九
character,,char_1502_crowns,0,,,,,,,,
name,那也好。如果你这么说的话，我觉得让他们跟着你会好些。,弑君者,0,,,,,,,それでも構いません。そう言うなら、彼らをあなたに従わせるのが良いでしょう。,弑君者
character,,avg_npc_043_1#2,0,,,,,,,,
name,这算委托吗？,九,0,,,,,,,これは依頼ですか？,九
character,,char_1502_crowns,0,,,,,,,,
name,算信任吧。我不知道你有没有骗我，但是现在大家都失去了家乡，我是不会骗你的。,弑君者,0,,,,,,,信頼としましょう。あなたが私を騙しているかは分かりませんが、今はみんな故郷を失っているので、私はあなたを騙しません。,弑君者
name,他们跟着我不会有跟着你好。,弑君者,0,,,,,,,彼らが私に従ってもあなたに従うより良くはありません。,弑君者
character,,avg_npc_043_1#2,0,,,,,,,,
name,那么，你们愿意跟着我走吗？,九,0,,,,,,,では、あなたたちは私に従いますか？,九
character,,char_1002_nsabr_1,0,,,,,,,,
name,......弑君者......,整合运动成员,0,,,,,,,……弑君者……,統合運動のメンバー
character,,char_1502_crowns,0,,,,,,,,
name,乌萨斯人......我们这些......乌萨斯人。,弑君者,0,,,,,,,ウーサス人……私たちウーサス人。,弑君者
name,乌萨斯只是还没到像待我们一样待这所有乌萨斯人的时候。,弑君者,0,,,,,,,ウーサスはまだ私たちを扱うように、すべてのウーサス人を扱う時ではありません。,弑君者
name,各位，再见。别像我一样再犯错。,弑君者,0,,,,,,,皆さん、さようなら。私のようにもう過ちを繰り返さないでください。,弑君者
character,,avg_npc_043_1#2,0,,,,,,,,
name,年轻人......,九,0,,,,,,,若者よ……,九
character,,char_1002_nsabr_1,0,,,,,,,,
name,你叫什么名字，准备去哪？,整合运动成员,0,,,,,,,君の名前は？どこへ行くつもりだ？,統合運動のメンバー
character,,avg_npc_043_1#2,0,,,,,,,,
name,就叫我，“九”吧。,九,0,,,,,,,私のことは「九」と呼んでください。,九
name,我准备去火烧得最旺盛的地方。,九,0,,,,,,,私は火が最も燃え盛る場所へ向かうつもりです。,九
dialog,,,0,,,,,,,,
character,,,0,,,,,,,,
blocker,,,0,,,,,,,,
dialog,,,0,,,,,,,,
background,,,0,,,,bg_desert_3,,,,
blocker,,,0,,,,,,,,
character,,avg_npc_034,0,,,,,,,,
delay,,,0,,,,,,,,
name,你果然在这。,鼠王,0,,,,,,,やはりここにいたか。,鼠王
character,,char_2005_weiyw_1#5,0,,,1,,,avg_npc_034,,
name,我还是瞒不过你。,魏彦吾,0,,,,,,,私は結局あなたを騙せなかったようだ。,魏彦吾
character,,char_2005_weiyw_1#5,0,,,2,,,avg_npc_034,,
name,你想来这里也就只有这个原因。悼念他们。,鼠王,0,,,,,,,君がここに来たのはこの理由だけだろう。彼らを偲びに。,鼠王
character,,char_2005_weiyw_1#5,0,,,1,,,avg_npc_034,,
name,也许是悼念我们自己，还在这里贪生怕死。,魏彦吾,0,,,,,,,もしかすると自分自身を偲んでいるのかもしれない、まだここで命乞いしている。,魏彦吾
character,,char_2005_weiyw_1#5,0,,,2,,,avg_npc_034,,
name,你的剑不是这么说的。,鼠王,0,,,,,,,君の剣はそうは言っていない。,鼠王
character,,char_2005_weiyw_1#5,0,,,1,,,avg_npc_034,,
name,至少我没下狠手割了你的喉咙。,魏彦吾,0,,,,,,,少なくとも私は君の喉を深く斬りつけたりはしなかった。,魏彦吾
character,,char_2005_weiyw_1#5,0,,,2,,,avg_npc_034,,
name,话不要说太满，大少爷。真要搏命，还不知兽死谁手。,鼠王,0,,,,,,,言い切るなよ、坊ちゃん。命懸けの勝負なら、どちらが死ぬか分からん。,鼠王
character,,char_2005_weiyw_1#5,0,,,1,,,avg_npc_034,,
name,别讽刺我了。,魏彦吾,0,,,,,,,からかわないでくれ。,魏彦吾
character,,char_2005_weiyw_1#5,0,,,2,,,avg_npc_034,,
name,我还是要刺你一两下才行，老友。晖洁她做到了，那些感染者做到了。,鼠王,0,,,,,,,俺はやっぱり君を一、二発突かなきゃな、旧友よ。フイジェはできたし、あの感染者たちもできた。,鼠王
name,你该重新考虑一下，以及你的独断差点毁了龙门，只差一点，你就会把多少人拖入战争。,鼠王,0,,,,,,,君はもう一度考えたほうがいい。君の独断がロドスを危うく破滅させかけたことを。ほんの少しで、どれだけ多くの者を戦争に巻き込むところだったか。,鼠王
character,,char_2005_weiyw_1#5,0,,,1,,,avg_npc_034,,
name,我不觉得这是一件必然的事情。就算龙门选择了它的一种未来，它也可能因为一些小事就把那个未来掐死。机缘巧合，不过偶然。,魏彦吾,0,,,,,,,私はそれが必然的なものとは思わない。たとえロドスが一つの未来を選んでも、いくつかの小さな出来事でその未来を絶ってしまうかもしれない。偶然による幸運、不運というだけだ。,魏彦吾
character,,char_2005_weiyw_1#5,0,,,2,,,avg_npc_034,,
name,不是这座城市选择了她，老友。你我该庆幸，是她选择了这座城市。,鼠王,0,,,,,,,この街が彼女を選んだのではない、旧友よ。俺たちが喜ぶべきは、彼女がこの街を選んだことだ。,鼠王
character,,char_2005_weiyw_1#5,0,,,1,,,avg_npc_034,,
name,两者并不矛盾。舸瑞，这座城市也选择了她。,魏彦吾,0,,,,,,,両方とも矛盾しない。ゴルドー、この街もまた彼女を選んだのだ。,魏彦吾
name,即使这座城市也还没有准备好去接受她......,魏彦吾,0,,,,,,,この街すら、まだ彼女を受け入れる準備ができていなくても……,魏彦吾
character,,char_2005_weiyw_1#5,0,,,2,,,avg_npc_034,,
name,类似的话你就对她自己说吧。我先行告退了，大少爷。,鼠王,0,,,,,,,そういう言葉は彼女本人に言うんだな。先に失礼する、坊ちゃん。,鼠王
character,,char_2005_weiyw_1#5,0,,,1,,,avg_npc_034,,
name,......等等，舸瑞！,魏彦吾,0,,,,,,,……待ってくれ、ゴルドー！,魏彦吾
name,影卫是不是骗了我？,魏彦吾,0,,,,,,,影衛は私を騙したのか？,魏彦吾
character,,char_2005_weiyw_1#5,0,,,2,,,avg_npc_034,,
name,啊？,鼠王,0,,,,,,,あ？,鼠王
name,——你的影卫，我又怎么知道？,鼠王,0,,,,,,,——君の影衛のことは、俺には分からないよ。,鼠王
character,,char_2005_weiyw_1#5,0,,,1,,,avg_npc_034,,
name,你和林雨霞合起来做些什么也不出奇。,魏彦吾,0,,,,,,,君がリン・ユウシャと結託して何かしても驚かない。,魏彦吾
character,,char_2005_weiyw_1#5,0,,,2,,,avg_npc_034,,
name,你的影卫已经不再是过去的禁军了。他们现在是人。,鼠王,0,,,,,,,君の影衛はもはや昔の禁軍ではない。彼らは今や人間だ。,鼠王
name,他们忍心看你再犯错？,鼠王,0,,,,,,,彼らは君がまた過ちを犯すのを許せると思うか？,鼠王
character,,char_2005_weiyw_1#5,0,,,1,,,avg_npc_034,,
name,所以，我让他们处理的感染者，现在只是被你......,魏彦吾,0,,,,,,,つまり、私が彼らに処理を任せた感染者は、今や君によってただ……,魏彦吾
character,,char_2005_weiyw_1#5,0,,,2,,,avg_npc_034,,
name,嘘。天知地知。还有，你不就是因为知道我们会这么做才——,鼠王,0,,,,,,,シッ。天も地も知っている。そして、君は私たちがそうすることを知っていたから――,鼠王
name,早些回去。老病虎还有事找你。,鼠王,0,,,,,,,早く戻れ。老病虎が君を探している。,鼠王
name,——晖洁？,鼠王,0,,,,,,,――フイジェ？,鼠王
name,啊。你已经来了。,鼠王,0,,,,,,,ああ。もう来ていたか。,鼠王
character,,,0,,,,,,,,
dialog,,,0,,,,,,,,
playsound,,,0,,,,,,,,
character,,avg_npc_086,0,,,,,,,,
delay,,,0,,,,,,,,
name,林叔。,陈,0,,,,,,,リン叔。,チェン
character,,avg_npc_034,0,,,,,,,,
name,看你穿成这样，看来是准备马上离开了。,鼠王,0,,,,,,,こんな恰好でいるところを見ると、すぐに出発するつもりのようだな。,鼠王
name,晖洁，要记得多回来看看。,鼠王,0,,,,,,,晖洁、どうかもっと頻繁に戻ってきてくださいね。,鼠王
character,,avg_npc_086,0,,,1,,,avg_npc_034,,
name,......我不清楚。,陈,0,,,,,,,……わかりません。,陳
character,,avg_npc_086,0,,,2,,,avg_npc_034,,
name,那就多托人向我们报个信，好让我们知道你在外面平安。,鼠王,0,,,,,,,それなら、誰かに頼んで私たちに連絡を入れてもらい、あなたが外で無事であることを知らせてください。,鼠王
character,,avg_npc_086,0,,,1,,,avg_npc_034,,
name,我会的，林叔。,陈,0,,,,,,,そうします、林おじさん。,陳
dialog,,,0,,,,,,,,
character,,,0,,,,,,,,
playsound,,,0,,,,,,,,
character,,char_2005_weiyw_1#5,0,,,,,,,,
name,......,魏彦吾,0,,,,,,,......,
name,这里葬着塔露拉的父亲，以及......你们的母亲。,魏彦吾,0,,,,,,,ここにはタルラの父親と……あなたたちのお母様が眠っています。,魏彦吾
name,他们终归没有葬在他们爱的那个城市里。不，你母亲的话，应该对那个城市既爱又恨。,魏彦吾,0,,,,,,,彼らは結局、自分たちの愛したあの街には葬られませんでした。いいえ、あなたのお母様に関しては、その街に対して愛憎入り混じった感情を抱いていたのでしょう。,魏彦吾
name,这里的景色我永远不会忘记，晖洁。只要看到它，我就会想到他们......我的妹妹，我没有血缘关系却胜过血脉的兄弟。,魏彦吾,0,,,,,,,,
name,他们被葬在这里。,魏彦吾,0,,,,,,,彼らはここに葬られています。,魏彦吾
name,墓柜太小了，容不下他们的热情；话语又太轻了，说不出他们的悔恨。,魏彦吾,0,,,,,,,墓は彼らの熱情を収めるには小さすぎ、言葉は軽すぎて彼らの悔恨を伝えきれません。,魏彦吾
character,,avg_npc_086,0,,,1,,,char_2005_weiyw_1#5,,
name,所以这是个无名冢。,陈,0,,,,,,,つまり、これは無名墓なのですね。,陳
character,,avg_npc_086,0,,,2,,,char_2005_weiyw_1#5,,
name,是。无名冢，呵......可能是因为名字只对活着的人有意义。,魏彦吾,0,,,,,,,そうです。無名墓、ふふ……名前とは生きている者だけに意味があるのでしょう。,魏彦吾
character,,char_2005_weiyw_1#5,0,,,,,,,,
name,——在这片大地上，安葬只是个理想化的说辞，因为所有的坟墓最后都会消失。没人能安静地永眠。,魏彦吾,0,,,,,,,——この大地では、埋葬とは理想的な表現に過ぎません。なぜなら、すべての墓はやがて消えてしまうからです。誰も静かに永眠できないのです。,魏彦吾
name,遇着天灾，碰上战争，遭到废弃，等等。只要一座城市消失了，葬在城市上的死者一样会灰飞烟灭。,魏彦吾,0,,,,,,,自然災害に遭い、戦争に巻き込まれ、放棄され、などなど。ひとつの都市が消えれば、その都市に葬られた死者も同様に消え去ります。,魏彦吾
name,至于广大荒原上的无数聚落，我所听说的每个聚落的后代，都没能找到过他们祖先的墓地。,魏彦吾,0,,,,,,,広大な荒野の数多くの集落についても、聞く限り、その子孫たちは祖先の墓を見つけることができていません。,魏彦吾
name,有种丧葬方式叫做墓道，把移动城市的航线的一部分定为墓地，将死者的遗物抛撒给那条道路，视循环往复的驶过为一种瞻仰。,魏彦吾,0,,,,,,,『墓道（ぼどう）』と呼ばれる葬送方法があります。移動都市の航路の一部を墓地と定め、死者の遺物をその道に撒き、循環して通過することを一種の弔いとして見なす方法です。,魏彦吾
name,我太健忘了。我有太多容易忘记的事情了，或者说，我有太多想要拼死忘记的事情了。,魏彦吾,0,,,,,,,私は記憶をすぐに失う方です。忘れてしまいやすいことが多すぎるか、むしろ必死に忘れたいことが多すぎるのです。,魏彦吾
name,可我绝不敢忘记他们。,魏彦吾,0,,,,,,,しかし、彼らだけは絶対に忘れられません。,魏彦吾
name,......所以我......我为他们选择了这里。,魏彦吾,0,,,,,,,……だから、私は……ここを彼らのために選びました。,魏彦吾
name,......我带着妹妹来到龙门，在这里遇见了文月，又遇见了逃至此处的爱德华。,魏彦吾,0,,,,,,,……私は妹を連れて龍門に来ました。ここで文月に出会い、逃げてきたエドワードにも出会いました。,魏彦吾
name,我不敢说和他是一拍即合，但他智勇双全，胆气过人。,魏彦吾,0,,,,,,,彼と気が合ったとは言いませんが、彼は知恵も勇気も備え、人並外れた胆力を持っていました。,魏彦吾
name,在暗处统治龙门的科西切视我们为眼中钉肉中刺。我们也很清楚，只有把他赶出去......我们和这座城市才有未来。,魏彦吾,0,,,,,,,暗闇で龍門を支配するコシチェは我々を目の上のたんこぶとみなしています。我々もよくわかっています。彼を追い出さなければ……我々にも、この街にも未来はないのです。,魏彦吾
name,这里，这座坟墓，是龙门以前曾到过最远的地方。,魏彦吾,0,,,,,,,ここ、この墓は、龍門がこれまで到達した最も遠い場所です。,魏彦吾
name,那是我们合力战胜了科西切，把他彻底赶出龙门的时候，龙门就停在数十里外，充满了希望的城市亮起了点点灯火，未来在等着我们。,魏彦吾,0,,,,,,,それは我々が力を合わせてコシチェを打ち負かし、完全に龍門から追い出した時です。龍門は数十里先に停まり、希望に満ちた街の灯火が灯り、未来が我々を待っていました。,魏彦吾
name,这儿，我们在这儿，饮酒，畅谈，大笑作乐，把载具没油这事儿彻底地抛在脑后。,魏彦吾,0,,,,,,,ここで、我々は酒を酌み交わし、語り合い、大笑いしました。乗り物の燃料切れのことなど完全に忘れて。,魏彦吾
name,我们差点渴死在这，直到亚当斯那头老病虎咳嗽着把他的私家兵车开到这来，把我和爱德华狠狠地骂了一顿。,魏彦吾,0,,,,,,,この地で我々は飢え死にしそうになりました。アダムスという老いた病にかかった男が咳き込みながら私設兵車をここへ運び、私とエドワードをたっぷりと叱ってくれるまでは。,魏彦吾
name,哦......那时他还没有那么老，也没有那么病。甚至没有那么狠。,魏彦吾,0,,,,,,,ああ……あの時彼はまだそんなに老いておらず、病気もひどくなく、ましてや厳しくもありませんでした。,魏彦吾
name,但是，谁在意呢？我们每个人都在笑。,魏彦吾,0,,,,,,,でも、誰が気にしますか？我々は皆笑っていました。,魏彦吾
name,林笑起来......他笑起来就像我们手上从没沾过血......笑得就像是度过了一整串好时光的少年人。,魏彦吾,0,,,,,,,林が笑う――彼の笑顔は我々の手に血が一滴もついていなかったかのようで……一連の幸せな時間を過ごした少年のようでした。,魏彦吾
name,爱德华是伦蒂尼姆的最高贵的血脉末裔。我们将这个秘密牢牢留在龙门。但科西切已经知道了他的身份，他的计划在那时可能就已成型。,魏彦吾,0,,,,,,,エドワードはレンティニム最高貴の血筋の末裔です。我々はこの秘密を堅く龍門に留めました。しかしコシチェは既に彼の身分を知っており、その時には計画が出来上がっていたのかもしれません。,魏彦吾
name,他让我善妒的胞弟和伦蒂尼姆的阴影，知晓爱德华与我的妹妹......情投意合......,魏彦吾,0,,,,,,,彼は私の嫉妬深い弟とレンティニムの影に、エドワードと私の妹の……心が通じ合っていることを知らせました。,魏彦吾
name,我被迫在爱德华和我妹妹腹中的孩子里选一个。,魏彦吾,0,,,,,,,私はエドワードの子か妹のお腹の中の子のどちらかを選ぶよう強いられました。,魏彦吾
name,爱德华死后，我密不发丧十年，除了胞弟和科西切，无人知晓事实。而今，爱德华与我妹妹都已经去世。,魏彦吾,0,,,,,,,エドワードが亡くなった後、私は10年間秘密に喪に服し、弟とコシチェ以外は誰も事実を知りませんでした。今、エドワードも妹もすでに亡くなっています。,魏彦吾
name,假以时日，天灾也会侵袭这里，一切都化为乌有，没人会记住有一对悲哀的恋人葬在此处。因我而死的两人，也会被人遗忘。,魏彦吾,0,,,,,,,時が経てば、天災もここを襲い、すべてが無に帰します。悲しい恋人たちがここに葬られていることを誰も覚えてはいないでしょう。私のせいで亡くなった二人も、やがて忘れ去られます。,魏彦吾
character,,avg_npc_086,0,,,,,,,,
name,......我面会过了“科西切”。他可能比你我想的还要邪恶。,陈,0,,,,,,,……私は『コシチェ』に面会しました。彼はあなたや私が考える以上に邪悪かもしれません。,陳
character,,char_2005_weiyw_1#5,0,,,,,,,,
name,我可以想象。,魏彦吾,0,,,,,,,想像できます。,魏彦吾
character,,avg_npc_086,0,,,,,,,,
name,墓地......,陈,0,,,,,,,墓地……,陳
name,......母亲。,陈,0,,,,,,,……母。,陳
character,,char_2005_weiyw_1#5,0,,,,,,,,
name,你母亲对你没有多少感情，这是我造的孽。为了保护她，我不得不让她嫁给炎国贵族。我原本该做得更好。,魏彦吾,0,,,,,,,あなたのお母様はあなたにあまり感情を持っていません。それは私の罪です。彼女を守るために、私は彼女を炎国の貴族に嫁がせなければなりませんでした。もっと良くやるべきでした。,魏彦吾
character,,avg_npc_086,0,,,,,,,,
name,过去的事情就让它过去吧。,陈,0,,,,,,,過去のことは過去のままにしましょう。,陳
name,答应我，魏彦吾。你不会再让龙门变成墓场。,陈,0,,,,,,,約束してください、魏彦吾。もう二度と龍門を墓場にしないと。,陳
character,,avg_npc_086,0,,,2,,,char_2005_weiyw_1#5,,
name,我再也不会。,魏彦吾,0,,,,,,,二度としません。,魏彦吾
character,,avg_npc_086,0,,,1,,,char_2005_weiyw_1#5,,
name,口说无凭，我信不过你。,陈,0,,,,,,,言葉だけでは信じられません。,陳
character,,char_2005_weiyw_1#5,0,,,,,,,,
name,我从来都不需要你来相信我。哼......不过......这次你也可以再信一回。就如我上次说可以训练你一样。,魏彦吾,0,,,,,,,私はあなたに信じてもらう必要はありません。ふん……ですが……今回だけはもう一度信じてもいいですよ。前回あなたを訓練できると言ったように。,魏彦吾
character,,avg_npc_086,0,,,,,,,,
name,——,陈,0,,,,,,,――,
name,你把我训练得很好。没有你，我救不回她。,陈,0,,,,,,,あなたが私をよく訓練してくれました。あなたがいなければ、彼女を助け出せませんでした。,陳
character,,char_2005_weiyw_1#5,0,,,,,,,,
name,这样就好。,魏彦吾,0,,,,,,,それでいい。,魏彦吾
character,,avg_npc_086,0,,,1,,,char_2005_weiyw_1#5,,
name,你这十年来对我说的话，加起来可能都没这一次你说的多。,陈,0,,,,,,,この10年あなたが私に言った言葉は、おそらく今回の一言ほど多くありません。,陳
character,,avg_npc_086,0,,,2,,,char_2005_weiyw_1#5,,
name,我以前说的还不够多？,魏彦吾,0,,,,,,,私の言葉は以前は十分ではなかったですか？,魏彦吾
character,,avg_npc_086,0,,,1,,,char_2005_weiyw_1#5,,
name,我说的是，对陈晖洁说的话。不是对陈警司说的。,陈,0,,,,,,,私は言っているのは、陳晖洁への言葉です。陳警司への言葉ではありません。,陳
character,,avg_npc_086,0,,,2,,,char_2005_weiyw_1#5,,
name,哈哈。,魏彦吾,0,,,,,,,はは。,魏彦吾
character,,avg_npc_086,0,,,1,,,char_2005_weiyw_1#5,,
name,那我走了。,陈,0,,,,,,,それでは、私は失礼します。,陳
character,,avg_npc_086,0,,,2,,,char_2005_weiyw_1#5,,
name,你姐姐。你打算怎么办？,魏彦吾,0,,,,,,,お前の姉さん。どうするつもりだ？,魏彦吾
name,......我对塔露拉已无亲情，徒留愧疚。,魏彦吾,0,,,,,,,……私はタルラに対してもう親情はなく、ただただ罪悪感だけが残っている。,魏彦吾
character,,avg_npc_086,0,,,1,,,char_2005_weiyw_1#5,,
name,那你最好一直愧疚下去。,陈,0,,,,,,,それならずっと罪悪感を抱き続けたほうがいい。,陳
name,我们只是这片大地上无数对被拆散的兄弟姐妹之一，而大部分人这辈子都没机会再团聚。,陈,0,,,,,,,私たちはこの大地に散り散りになった数多くの兄弟姉妹の一組に過ぎず、大部分の人は一生再会の機会さえ持てないのだ。,陳
name,即使如此，我也不能放过她。我至今都没有弄清楚，现在的她究竟是什么。,陈,0,,,,,,,それでも、私は彼女を見逃せません。今の彼女が一体何者なのか、私にはまだ分かっていません。,陳
name,罪犯都会有他们的囚牢，只不过现在的龙门还不能关她。,陈,0,,,,,,,罪人には必ず牢獄がありますが、今のロドスでは彼女を収監できないのです。,陳
character,,avg_npc_086,0,,,2,,,char_2005_weiyw_1#5,,
name,这种东西我造不出。只有你才能建设一个感染者和普通人都能关的近卫局。,魏彦吾,0,,,,,,,こんなものは私には造れない。感染者も一般人も収容できる近衛局を作れるのはお前だけだ。,魏彦吾
character,,avg_npc_086,0,,,1,,,char_2005_weiyw_1#5,,
name,不必是我。自己的事自己做。,陈,0,,,,,,,それが私である必要はない。自分のことは自分でやる。,陳
name,我已经认清事实了，无论这件事有多正确，龙门的市民如果不接受，那就是不接受。我已经在贫民窟看到太多了。,陈,0,,,,,,,私はもう事実を見極めています。どんなに正しいことであっても、ロドスの市民が受け入れなければ、それは受け入れられないのです。スラム街でそれを何度も見てきました。,陳
name,而且，真有这种东西，我想先和罗德岛一起建一个。,陈,0,,,,,,,それに、もし本当にそんなものがあるなら、私はまずドクター、ロドスと一緒に作りたいです。,陳
name,塔露拉的话......不管需要多少时间。我会让她被公正地审判。,陈,0,,,,,,,タルラについては……どれだけ時間がかかっても、彼女を公正に裁かせます。,陳
character,,avg_npc_086,0,,,2,,,char_2005_weiyw_1#5,,
name,......你的确成长了。,魏彦吾,0,,,,,,,……お前は確かに成長したな。,魏彦吾
character,,avg_npc_086,0,,,1,,,char_2005_weiyw_1#5,,
name,我也不需要你这么说，长官。总觉得这不是什么好话。,陈,0,,,,,,,長官にそんなこと言われなくても結構です。あまり良い言葉には思えません。,陳
character,,avg_npc_086,0,,,2,,,char_2005_weiyw_1#5,,
name,是不是即使我想替龙门留你，也拦不住你？,魏彦吾,0,,,,,,,たとえ私がロドスにお前をとどめようとしても、止められないか？,魏彦吾
character,,avg_npc_086,0,,,1,,,char_2005_weiyw_1#5,,
name,哈。,陈,0,,,,,,,はっ。,陳
character,,avg_npc_086,0,,,2,,,char_2005_weiyw_1#5,,
name,如果你和塔露拉真想回来，龙门会驶到那步，假使它能。,魏彦吾,0,,,,,,,もしお前とタルラが本当に戻りたいなら、ロドスはその段階に辿り着くだろう。もしそれが可能ならな。,魏彦吾
name,有许多我们已经做不到的，未来也许他们自己就能。,魏彦吾,0,,,,,,,私たちにできなかったことが多々あるが、未来には彼ら自身ができるかもしれない。,魏彦吾
character,,avg_npc_086,0,,,1,,,char_2005_weiyw_1#5,,
name,我只希望你当时构想的那些，你自己没忘。那就足够了。,陈,0,,,,,,,ただ願うのは、お前があの時に描いたものを忘れていないこと、それだけで十分だ。,陳
name,替我向文月姨问好。,陈,0,,,,,,,文月おばさんによろしくお伝えください。,陳
name,对了......,陈,0,,,,,,,そういえば……,陳
character,,avg_npc_086,0,,,,,,,,
name,......唔。,陈,0,,,,,,,……うん。,陳
name,......舅舅......,陈,0,,,,,,,……おじさん……,陳
name,保重。,陈,0,,,,,,,お元気で。,陳
character,,char_2005_weiyw_1#5,0,,,,,,,,
name,......,魏彦吾,0,,,,,,,......,
name,晖洁！,魏彦吾,0,,,,,,,晖洁！,魏彦吾
character,,,0,,,,,,,,
dialog,,,0,,,,,,,,
,陈犹豫了片刻，没有回头。,,0,,,,,,,陳は少しためらい、振り返らなかった。,
character,,,0,,,,,,,,
name,什么事？,陈,0,,,,,,,何ですか？,陳
character,,char_2005_weiyw_1#5,0,,,,,,,,
name,道阻且长。但是，是你的话，应当能。,魏彦吾,0,,,,,,,道は険しく長い。しかし、お前ならできるはずだ。,魏彦吾
character,,,0,,,,,,,,
name,我记下了。,陈,0,,,,,,,心得ました。,陳
dialog,,,0,,,,,,,,
character,,,0,,,,,,,,
dialog,,,0,,,,,,,,
blocker,,,0,,,,,,,,
image,,,0,,,,,,,,
background,,,0,,,,bg_lungmen_o,,,,
character,,,0,,,,,,,,
cameraeffect,,,0,,,,,,,,
blocker,,,0,,,,,,,,
character,,char_2006_weiywfmzuki_1,0,,,,,,,,
delay,,,0,,,,,,,,
name,所以啊，你本来准备给罗德岛开的第二个条件是什么？,文月,0,,,,,,,それで、そもそもロドスに出そうとしていた第二の条件とは何だったのですか？,文月
character,,char_2005_weiyw_1#5,0,,,,,,,,
name,......,魏彦吾,0,,,,,,,......,
name,利用罗德岛排除整合运动的威胁后，要求他们带走龙门足够多的感染者。,魏彦吾,0,,,,,,,ロドスを利用して統合運動の脅威を排除した後、彼らに十分な数の感染者をロドスへ連れていくよう要求する。,魏彦吾
name,分给他们地块，交给他们资源，提供他们想要的研究资料和资金。,魏彦吾,0,,,,,,,彼らに土地を割り当て、資源を渡し、彼らが望む研究資料と資金を提供する。,魏彦吾
name,他们拒绝不了，即使他们知道我给他们提供的这一切都难以下咽。,魏彦吾,0,,,,,,,彼らは拒否できない。たとえ私が与えたすべてが受け入れ難いものであろうとも。,魏彦吾
name,这样的事情我做过，以后的我也会继续这样做。,魏彦吾,0,,,,,,,こんなことは私もやったし、これからもやり続けるだろう。,魏彦吾
name,不犹豫，不后悔。,魏彦吾,0,,,,,,,躊躇せず、後悔しない。,魏彦吾
character,,char_2006_weiywfmzuki_1,0,,,,,,,,
name,现在呢？,文月,0,,,,,,,今はどうですか？,文月
character,,char_2005_weiyw_1#5,0,,,,,,,,
name,......呵。世道变了。我也不得不变。,魏彦吾,0,,,,,,,……はは。時代は変わった。私も変わらざるを得ない。,魏彦吾
character,,char_2006_weiywfmzuki_1,0,,,,,,,,
name,你直接谢谢他们有什么不好？,文月,0,,,,,,,素直に彼らに感謝すればいいのに、なぜ？,文月
character,,char_2005_weiyw_1#5,0,,,,,,,,
name,......,魏彦吾,0,,,,,,,......,
character,,char_2006_weiywfmzuki_1,0,,,,,,,,
name,你现在没那么患得患失了，要我猜原因，也就只有一个。,文月,0,,,,,,,お前はもうそんなに得失に悩まなくなったな。理由を推測するなら、一つしかない。,文月
name,因为小陈。,文月,0,,,,,,,小陳のせいだ。,文月
name,现在的条件已经变了吧？,文月,0,,,,,,,今の条件は変わったのだろう？,文月
character,,char_2005_weiyw_1#5,0,,,,,,,,
name,龙门的感染者只属于龙门。,魏彦吾,0,,,,,,,ロドスの感染者はロドスに属する。,魏彦吾
character,,char_2006_weiywfmzuki_1,0,,,,,,,,
name,那么陈晖洁？,文月,0,,,,,,,では、陳晖洁は？,文月
character,,char_2005_weiyw_1#5,0,,,,,,,,
name,她有自己的路。,魏彦吾,0,,,,,,,彼女には彼女の道がある。,魏彦吾
character,,char_2006_weiywfmzuki_1,0,,,,,,,,
name,你会常去看她吗？,文月,0,,,,,,,お前は彼女に頻繁に会いに行くのか？,文月
character,,char_2005_weiyw_1#5,0,,,,,,,,
name,龙门的长官是不会再和一个感染者组织扯上任何关系的。,魏彦吾,0,,,,,,,ロドスの長官が感染者の組織と関わることはもうない。,魏彦吾
character,,char_2006_weiywfmzuki_1,0,,,,,,,,
name,哼，小气。,文月,0,,,,,,,ふん、ケチだね。,文月
name,那我要去。,文月,0,,,,,,,じゃあ、私が行くよ。,文月
character,,char_2005_weiyw_1#5,0,,,,,,,,
name,那......就拜托你了。,魏彦吾,0,,,,,,,では……よろしく頼む。,魏彦吾
dialog,,,0,,,,,,,,
blocker,,,0,,,,,,,,
character,,,0,,,,,,,,
cameraeffect,,,0,,,,,,,,
image,,,0,,,,avg_8_17,,,,
background,,,0,,,,,,,,
blocker,,,0,,,,,,,,
character,,,0,,,,,,,,
imagetween,,,0,,,,,,,,
,当时他要我在妹妹和义弟间选，我选了妹妹。我发誓我不会再让他们受苦，但我......,,0,,,,,,,あの時、彼は妹と義弟のどちらかを選べと言った。私は妹を選んだ。彼らに二度と苦しませないと誓ったが、私……,
,没能做到。,,0,,,,,,,それができなかった。,
,现在，不一样了。我不会选。,,0,,,,,,,今は違う。選ばない。,
,科西切说错了，我没得选。魏彦吾，你其实只有一条路。,,0,,,,,,,コシチェは間違っている。選択肢はない。魏彦吾、お前には本当は一つの道しかない。,
,哪怕这还是条弑亲之路。,,0,,,,,,,たとえそれが親を殺す道でも。,
,为了胞妹的两个女儿，为了那个我们梦里的龙门。哪怕仅此一条路。,,0,,,,,,,妹の二人の娘のために、私たちの夢の龍門のために。たとえそれが唯一の道でも。,
dialog,,,0,,,,,,,,
image,,,0,,,,,,,,
blocker,,,0,,,,,,,,
character,,char_2005_weiyw_1#5,0,,,,,,,,
name,（晖洁......好好活下去。）,魏彦吾,0,,,,,,,（晖洁……しっかりと生きてくれ。）,魏彦吾
dialog,,,0,,,,,,,,
stopmusic,,,0,,,,,,,,
blocker,,,0,,,,,,,,
character,,,0,,,,,,,,
background,,,0,,,,bg_bridge,,,,
blocker,,,0,,,,,,,,
playmusic,,,0,,,,,,,,
,数周后,,0,,,,,,,数週間後,
playsound,,,0,,,,,,,,
name,诸位尊敬的罗德岛干员们，这里是凯尔希。,凯尔希,0,,,,,,,皆さん、尊敬するロドス島のオペレーターの皆様、こちらはケルシーです。,ケルシー
name,在我们的努力下，切尔诺伯格事件终于以一种较和平的方式结束了。,凯尔希,0,,,,,,,私たちの努力により、チェルノボーグ事件はついに比較的平和的な形で終結しました。,ケルシー
,......,,0,,,,,,,......,
dialog,,,0,,,,,,,,
character,,,0,,,,,,,,
blocker,,,0,,,,,,,,
dialog,,,0,,,,,,,,
background,,,0,,,,bg_ri_1,,,,
blocker,,,0,,,,,,,,
character,,avg_npc_042,0,,,,,,,,
name,疼吗？,迷迭香,0,,,,,,,痛い？,ローズマリー
character,,avg_npc_042,0,,,2,,,char_017_homura_3#5,,
name,哎......别戳！你戳了当然就疼了！,煌,0,,,,,,,ああ……つつくな！つついたら当然痛いよ！,ホウソウ
character,,avg_npc_042,0,,,1,,,char_017_homura_3#5,,
name,啊。对不起。,迷迭香,0,,,,,,,あ、ごめんね。,ローズマリー
character,,avg_npc_042,0,,,2,,,char_017_homura_3#5,,
name,没事......你怎么了？,煌,0,,,,,,,大丈夫……どうしたの？,ホウソウ
character,,avg_npc_042,0,,,1,,,char_017_homura_3#5,,
name,没什么。,迷迭香,0,,,,,,,何でもない。,ローズマリー
character,,avg_npc_042,0,,,2,,,char_017_homura_3#5,,
name,哎哎哎？不会吧小猫咪......你以前可不会......你以前可不会把事情藏在心里的！,煌,0,,,,,,,ええっ？まさか子猫ちゃん……前はそんなことしなかったよね……前は心にため込んだりしなかった！,ホウソウ
character,,avg_npc_042,0,,,1,,,char_017_homura_3#5,,
name,这是好事吗......？,迷迭香,0,,,,,,,それって良いこと……？,ローズマリー
character,,char_017_homura_3#11,0,,,,,,,,
name,啊。啊！当然是！Scout你看到了吗？我们的小猫咪长大了。她长大了呀......！,煌,0,,,,,,,ああ、ああ！もちろんだ！スカウト、見たか？僕たちの子猫ちゃんが大きくなったんだ。彼女は大きくなったんだよ……！,ホウソウ
name,她长大了呜呜......,煌,0,,,,,,,彼女は大きくなった、うう……,ホウソウ
character,,avg_npc_042,0,,,1,,,char_017_homura_3#11,,
name,别，别这样......好想忘掉......！,迷迭香,0,,,,,,,や、やめて……忘れたい……！,ローズマリー
name,......你真的哭了？为什么要哭啊？,迷迭香,0,,,,,,,……本当に泣いてるの？どうして泣くの？,ローズマリー
character,,avg_npc_042,0,,,2,,,char_017_homura_3#11,,
name,呜啊啊啊啊啊......,煌,0,,,,,,,うわあああああ……,ホウソウ
character,,avg_npc_042,0,,,1,,,char_017_homura_3#11,,
name,......别哭，别哭......煌......别哭啦......,迷迭香,0,,,,,,,……泣かないで、泣かないで……ホウソウ……泣かないでよ……,ローズマリー
character,,avg_npc_042,0,,,2,,,char_017_homura_3#11,,
name,碧银她也会知道的......Ace他也会知道的......小猫咪......小猫咪长大啦......,煌,0,,,,,,,碧銀もきっと知るだろう……エースも知るだろう……子猫ちゃん……子猫ちゃんは大きくなったんだ……,ホウソウ
character,,avg_npc_042,0,,,,,,,,
name,......煌......,迷迭香,0,,,,,,,……ホウソウ……,ローズマリー
character,,char_017_homura_3#11,0,,,,,,,,
camerashake,,,0,,,,,,,,
name,哇啊啊啊啊啊......！！,煌,0,,,,,,,うわあああああ……！！,ホウソウ
character,,avg_npc_042,0,,,,,,,,
name,哎！,迷迭香,0,,,,,,,えっ！,ローズマリー
dialog,,,0,,,,,,,,
character,,,0,,,,,,,,
blocker,,,0,,,,,,,,
dialog,,,0,,,,,,,,
background,,,0,,,,bg_bridge,,,,
blocker,,,0,,,,,,,,
name,......许多真相将被永远地埋藏在切尔诺伯格的废墟之下。,凯尔希,0,,,,,,,……多くの真実は永遠にチェルノボーグの廃墟の下に埋もれてしまうでしょう。,ケルシー
name,因为这片大地就是这样无情。,凯尔希,0,,,,,,,なぜなら、この大地は無情だからです。,ケルシー
name,但是，罗德岛会记住许多。无论我们会为之承担多少......我们都必须记住。,凯尔希,0,,,,,,,しかし、ロドスは多くのことを記憶する。どんなに代償を払おうとも……私たちは記憶しなければなりません。,ケルシー
name,罗德岛的干员们，从不是为了某个人或者某件事而献出了生命。,凯尔希,0,,,,,,,ロドスのオペレーターたちは、誰かのためや何かのために命を捧げたのではありません。,ケルシー
dialog,,,0,,,,,,,,
character,,,0,,,,,,,,
blocker,,,0,,,,,,,,
dialog,,,0,,,,,,,,
background,,,0,,,,bg_infirmary,,,,
blocker,,,0,,,,,,,,
character,,char_016_medic,0,,,,,,,,
name,啊，这种外用药，真的有用！,Medic,0,,,,,,,ああ、この外用薬、本当に効果がある！,メディック
name,虽然类似的专利已经有很多了，但我想作为特效药，这个外用霜应该还是有市场的。,Medic,0,,,,,,,似たような特許はたくさんあるけど、特効薬として、この外用クリームにはまだ需要があると思う。,メディック
name,很关键的是，虽然效果没那么好，成本却真的很低廉......分析出来的成分都是些常见的野生植物。,Medic,0,,,,,,,重要なのは、効果はそれほど高くないけど、コストは本当に安いこと……成分はすべて普通の野生植物で構成されている。,メディック
name,只不过在搜集上有些麻烦，西北冻原从西到东，竟然散布在那么长的路的两端啊......,Medic,0,,,,,,,ただ収集がちょっと面倒で、西北凍原は西から東にかけて、長い道の両端に散らばっているんだ……,メディック
name,发明这个药的人，比起医药知识，可能是毅力更多些呢。,Medic,0,,,,,,,この薬を発明した人は、医療知識よりも根気強さの方が勝っているのかもしれないね。,メディック
name,要在哪里申请这个专利呢，阿米娅？,Medic,0,,,,,,,どこでこの特許を申請するつもり？アーミヤ？,メディック
character,,char_002_amiya_1,0,,,,,,,,
name,......就在乌萨斯吧。而且要让它很便宜才行。,阿米娅,0,,,,,,,……ウルサスにしましょう。それにとても安くしないといけませんね。,アーミヤ
character,,char_002_amiya_1,0,,,2,,,char_016_medic,,
name,可是，乌萨斯应该不缺类似的医疗技术吧？,Medic,0,,,,,,,でも、ウルサスには似たような医療技術はたくさんあるんじゃない？,メディック
character,,char_002_amiya_1,0,,,1,,,char_016_medic,,
name,但乌萨斯有更需要它的人。,阿米娅,0,,,,,,,でもウルサスには、それをより必要としている人がいるのです。,アーミヤ
character,,char_002_amiya_1,0,,,2,,,char_016_medic,,
name,给这种药取什么名字呢？,Medic,0,,,,,,,この薬にはどんな名前をつける？,メディック
character,,char_002_amiya_1,0,,,,,,,,
name,就叫......霜星吧。,阿米娅,0,,,,,,,『シュウセイ（霜星）』と呼びましょう。,アーミヤ
decision,阿米娅？你找我吗？,,1,1,,,,1,,アーミヤ？私を探してるの？,
predicate,,,0,,1,,,,,,
name,啊，博士！,阿米娅,0,,,,,,,あ、ドクター！,アーミヤ
name,Medic，麻烦你和华法琳了。,阿米娅,0,,,,,,,メディック、ワファリンのこと、よろしくお願いします。,アーミヤ
character,,char_016_medic,0,,,,,,,,
name,嗯，就，交给我们吧！,Medic,0,,,,,,,ええ、任せてください！,メディック
character,,char_002_amiya_1,0,,,,,,,,
name,博士，我马上就来！,阿米娅,0,,,,,,,ドクター、すぐに参ります！,アーミヤ
dialog,,,0,,,,,,,,
character,,,0,,,,,,,,
blocker,,,0,,,,,,,,
dialog,,,0,,,,,,,,
background,,,0,,,,bg_bridge,,,,
blocker,,,0,,,,,,,,
name,我们投身于一个事业，不是为了看到结果。,凯尔希,0,,,,,,,私たちは一つの事業に身を投じていますが、それは結果を見るためではありません。,ケルシー
name,我们做一件事，不是因为我们要将它做成。,凯尔希,0,,,,,,,私たちが何かをするのは、それを成し遂げるためではありません。,ケルシー
name,也许在商业上，这样的策略是愚蠢的。但我们的生命并不只有物质层面的生命。,凯尔希,0,,,,,,,商業的には、このような戦略は愚かかもしれません。しかし私たちの生命は物質的な側面だけではありません。,ケルシー
name,勇敢的干员们用他们的所作所为已经证明，生命，生命的价值不仅仅在于确保一个人或是许多人的生存，不仅仅是生物学意义上的活着......,凯尔希,0,,,,,,,勇敢なオペレーターたちは彼らの行いで証明しました。生命、生命の価値は一人または多くの人の生存を保証することだけでなく、生物学的な意味での生きることだけではありません……,ケルシー
name,我们还要在文明的道德的意义上，活下去。因为罗德岛坚信，未来的生命需要有所支撑。,凯尔希,0,,,,,,,私たちは文明の道徳的な意味においても生きていかなければなりません。ロドスは未来の生命には支えが必要だと確信しています。,ケルシー
name,我们正为了一个能抚平这大地伤痛的信念而奋斗。,凯尔希,0,,,,,,,私たちはこの地の傷を癒やすことができる信念のために戦っています。,ケルシー
dialog,,,0,,,,,,,,
character,,,0,,,,,,,,
blocker,,,0,,,,,,,,
dialog,,,0,,,,,,,,
background,,,0,,,,bg_corridor,,,,
blocker,,,0,,,,,,,,
character,,char_130_doberm_ex,0,,,,,,,,
name,又出任务？,杜宾,0,,,,,,,また任務？,ドービン
character,,char_130_doberm_ex,0,,,2,,,char_148_nearl_1,,
name,对。我和陨星一起。,临光,0,,,,,,,はい。私はインペイルと一緒です。,リョングァン
character,,char_130_doberm_ex,0,,,1,,,char_148_nearl_1,,
name,带不带新人？我这还有几个新兵蛋子需要教育教育。,杜宾,0,,,,,,,新人を連れていく？まだ何人かの新兵が教育を必要としているのだが。,ドービン
character,,char_130_doberm_ex,0,,,2,,,char_148_nearl_1,,
name,啊，不太行吧？这回可不是个轻松的活儿。,临光,0,,,,,,,ああ、それはちょっと難しいでしょう？今回は簡単な仕事ではありません。,リョングァン
character,,char_219_meteo_1,0,,,,,,,,
name,杰西卡和霜叶有个巡逻任务。也许让她们带队会好些。,陨星,0,,,,,,,ジェシカとフロストリーフはパトロール任務があります。彼女たちに隊を率いてもらうのがいいかもしれません。,インペイル
character,,char_219_meteo_1,0,,,2,,,char_130_doberm_ex,,
name,杰西卡？能行吗？,杜宾,0,,,,,,,ジェシカ？大丈夫か？,ドービン
character,,char_219_meteo_1,0,,,1,,,char_130_doberm_ex,,
name,你该看到她的成长。,陨星,0,,,,,,,彼女の成長を見てきたはずです。,インペイル
character,,char_219_meteo_1,0,,,2,,,char_130_doberm_ex,,
name,我正是因为看到她的成长，才感觉她会给别人带来压力。,杜宾,0,,,,,,,彼女の成長を見てきたからこそ、周囲にプレッシャーを与えるのではと感じています。,ドービン
character,,char_219_meteo_1,0,,,1,,,char_130_doberm_ex,,
name,那临光可是要把我压扁了。,陨星,0,,,,,,,それにリョングァンは、私を押し潰そうとしています。,インペイル
character,,char_148_nearl_1,0,,,,,,,,
name,......我......没有那么重吧？,临光,0,,,,,,,……私……そんなに重くないと思いますけど？,リョングァン
character,,char_219_meteo_1,0,,,,,,,,
name,不，不是那个意思。哎。,陨星,0,,,,,,,いいえ、そういう意味ではありません。ああ。,インペイル
dialog,,,0,,,,,,,,
character,,,0,,,,,,,,
blocker,,,0,,,,,,,,
dialog,,,0,,,,,,,,
background,,,0,,,,bg_bridge,,,,
blocker,,,0,,,,,,,,
name,即使因为这个信念，我们会为此牺牲。,凯尔希,0,,,,,,,たとえこの信念のために私たちが犠牲になるとしても。,ケルシー
name,——Ace小队，十三人。Ace，坏汤姆，克格，硬砖——,凯尔希,0,,,,,,,——エース小隊、13人。エース、バッド・トム、クーグ、ハードブリック——,ケルシー
name,——木勺，十七，铜鼻子，青豆，阴银，密语，沙洗，紫焰，龋牙。,凯尔希,0,,,,,,,——ウッドスプーン、セブンティーン、ブロンズノーズ、グリーンスプラウト、シャドウシルバー、ミストランゲージ、サンドウォッシュ、パープルフレイム、キャビティ。,ケルシー
name,阿米娅小队，十三人。黑针，大软手，香辣吉米，歪耳。,凯尔希,0,,,,,,,アーミヤ小隊、13人。ブラックニードル、ビッグソフトハンド、スパイシージミー、クロウドイヤー。,ケルシー
name,怒鸣，稚日，马尔科·史密斯，凋。,凯尔希,0,,,,,,,ブラッドロア、イチジツ、マルコ・スミス、ウィルオウ。,ケルシー
name,落差，霜星，安东尼奥·丽萨，野烬，卉，靛玉。,凯尔希,0,,,,,,,ドロップ、フロストスター、アントニオ・リーサ、ワイルドファイア、ホイ、インディゴ。,ケルシー
dialog,,,0,,,,,,,,
character,,,0,,,,,,,,
blocker,,,0,,,,,,,,
dialog,,,0,,,,,,,,
background,,,0,,,,bg_room_2,,,,
blocker,,,0,,,,,,,,
character,,char_003_kalts_1,0,,,,,,,,
name,我不能把霜星列入死亡名单。,凯尔希,0,,,,,,,私はフロストスターを死亡リストに入れることはできません。,ケルシー
decision,为什么？！,,3,1,,,,1;2;3,,なぜ？！,
decision,......,,3,2,,,,1;2;3,,......,
decision,给我个理由。,,3,3,,,,1;2;3,,理由を教えてください。,
predicate,,,0,,1;2;3,,,,,,
name,哪怕你同意了，她也不是我们正式的雇员。,凯尔希,0,,,,,,,たとえあなたが同意しても、彼女は正式な雇用者ではありません。,ケルシー
name,你能接受一个整合运动的成员在罗德岛充满愤怒的干员心里引发波澜吗？这不是你该做的事。,凯尔希,0,,,,,,,統合運動のメンバーがロドスの怒りに満ちたオペレーターたちの心に波紋を起こすことを、あなたは受け入れられますか？それはすべきことではありません。,ケルシー
decision,我们奋斗的目标是一致的。,,1,1,,,,1,,私たちが目指す目標は同じです。,
predicate,,,0,,1,,,,,,
name,这样就够了吗？,凯尔希,0,,,,,,,これで十分ですか？,ケルシー
decision,这样就够了。,,1,1,,,,1,,これで十分です。,
predicate,,,0,,1,,,,,,
decision,罗德岛是为了同一个信念而战的。,,1,1,,,,1,,ロドスは同じ信念のために戦っています。,
predicate,,,0,,1,,,,,,
character,,char_003_kalts_1#2,0,,,,,,,,
name,好......,凯尔希,0,,,,,,,わかりました……,ケルシー
name,我答应你。你承担起了自己的责任。,凯尔希,0,,,,,,,私は約束します。あなたは自分の責任を果たしました。,ケルシー
name,......希望以后的你，也能像现在这一刻一样。,凯尔希,0,,,,,,,……これからのあなたも、今この瞬間のようであってほしいです。,ケルシー
name,——之前的事情，我向你道歉，博士.,凯尔希,0,,,,,,,——以前のことについて、お詫びします、ドクター。,ケルシー
name,你在石棺区中最后问我的问题，我将无法给出答案。明天也不能。未来也不能。,凯尔希,0,,,,,,,あなたが石棺区で最後に私に尋ねた質問には答えられません。明日も、未来も、答えられません。,ケルシー
name,遗憾，我并不想掩藏任何真相，只是我无力将你想要的答案透露给你。我和PRTS实在是没有办法向你做出解释。请原谅我们这一失职。,凯尔希,0,,,,,,,残念ながら、私は真実を隠そうと思っているわけではありません。ただ、あなたが求める答えをお伝えする力がありません。私とPRTSは本当に説明できません。どうかこの失職をお許しください。,ケルシー
name,但当那一天到来时，它会自己出现在你面前。,凯尔希,0,,,,,,,しかし、その日が来たとき、それは自ずとあなたの前に現れるでしょう。,ケルシー
name,博士......,凯尔希,0,,,,,,,ドクター……,ケルシー
name,在那一天，真相揭晓时，我能看到你做好准备吗？,凯尔希,0,,,,,,,その日、真実が明らかになる時、あなたが準備ができているのを見ることができるでしょうか？,ケルシー
name,另外，博士。,凯尔希,0,,,,,,,それと、ドクター。,ケルシー
name,阿米娅已经承担了许多。我希望你......不会为她增加更多不好的回忆。,凯尔希,0,,,,,,,アーミヤはすでに多くを背負っています。私はあなたに……彼女にさらに悪い思い出を増やさないでほしいのです。,ケルシー
name,相反，我们应该为她承担起那些即使我们自己也还不能正视的东西。我们可以做到。,凯尔希,0,,,,,,,むしろ、私たちは彼女のために、自分たちでさえもまだ直視できないものを背負うべきです。私たちはそれができます。,ケルシー
name,只要你还留在这里。只要你能一直如此。,凯尔希,0,,,,,,,あなたがここにいる限り。あなたがずっとそうである限り。,ケルシー
dialog,,,0,,,,,,,,
character,,,0,,,,,,,,
blocker,,,0,,,,,,,,
dialog,,,0,,,,,,,,
background,,,0,,,,bg_bridge,,,,
blocker,,,0,,,,,,,,
dialog,,,0,,,,,,,,
blocker,,,0,,,,,,,,
image,,,0,,,,avg_8_18,,,,
background,,,0,,,,,,,,
blocker,,,0,,,,,,,,
character,,,0,,,,,,,,
imagetween,,,0,,,,,,,,
name,Scout小队，十三人。Scout，姆拉姆，酒莓软芯......,凯尔希,0,,,,,,,スカウト小隊、13人。スカウト、ムラム、ストロベリースカッド……,ケルシー
name,......斯琳珂，米米，雷发，索拉娜，小玛丽......,凯尔希,0,,,,,,,……スリンコ、ミミ、レイファ、ソラナ、小マリー……,ケルシー
name,......图钉，淤兰，结音，普特尔，长蝎。,凯尔希,0,,,,,,,……ピン、ユラン、ユイオン、プテル、ロンスコーピオン。,ケルシー
name,迷迭香小队，一人，碧银。Raidian小队，一人，水樱。,凯尔希,0,,,,,,,ローズマリースクワッドは一人、ビィル。ライディアンスクワッドは一人、ミズサクラ。,ケルシー
name,一共四十一人在切尔诺伯格事件中牺牲。,凯尔希,0,,,,,,,チェルノボーグ事件で合計四十一名が犠牲となった。,ケルシー
name,罗德岛不会忘记。罗德岛会将他们永远铭记。,凯尔希,0,,,,,,,ロドスは忘れない。ロドスは彼らを永遠に記憶する。,ケルシー
name,即使罗德岛不复存在，他们为罗德岛所做的一切，也将在大地上留下轨迹。,凯尔希,0,,,,,,,たとえロドスが存在しなくなっても、彼らがロドスのためにしたすべては大地に痕跡を残す。,ケルシー
dialog,,,0,,,,,,,,
blocker,,,0,,,,,,,,
image,,,0,,,,,,,,
blocker,,,0,,,,,,,,
dialog,,,0,,,,,,,,
blocker,,,0,,,,,,,,
image,,,0,,,,bg_8_babel3,,,,
blocker,,,0,,,,,,,,
character,,,0,,,,,,,,
imagetween,,,0,,,,,,,,
name,博士......,阿米娅,0,,,,,,,ドクター……,
name,不想说话吗？,阿米娅,0,,,,,,,お話ししたくないのですか？,アーミヤ
name,......我明白的。在这些时间里发生太多事了。,阿米娅,0,,,,,,,……わかります。この間にたくさんのことがありましたから。,アーミヤ
name,但是，有博士在这里，我很......我很开心。,阿米娅,0,,,,,,,でも、ドクターがここにいてくれて、私は……私はとても嬉しいです。,アーミヤ
name,有些事情我们一个人是做不到的。,阿米娅,0,,,,,,,ひとりではできないこともありますから。,アーミヤ
decision,但我们也不是为了做到什么才去做的。,,1,1,,,,1,,しかし、私たちは何かを達成するために行動しているわけではありません。,
predicate,,,0,,1,,,,,,
name,嗯！,阿米娅,0,,,,,,,はい！,アーミヤ
name,罗德岛......无论前方是什么样的阴霾等着我们，罗德岛也会继续前行。,阿米娅,0,,,,,,,ロドスは……前にどんな暗雲が立ちはだかっても、前へ進み続けます。,アーミヤ
name,并且，无论这片大地上还有多少冰冷的故事......,阿米娅,0,,,,,,,そして、この大地にどれほど冷たい物語があろうとも……,アーミヤ
name,......我也相信博士的心是温暖的。,阿米娅,0,,,,,,,……私はドクターの心が温かいと信じています。,アーミヤ
decision,那当然。,,3,1,,,,1;2;3,,それはもちろんのこと。,
decision,......,,3,2,,,,1;2;3,,......,
decision,如果我其实是个坏人，那该怎么办？,,3,3,,,,1;2;3,,もし私が本当は悪者だったら、どうすればいい？,
predicate,,,0,,1;2,,,,,,
name,欢迎回家，博士。,阿米娅,0,,,,,,,おかえりなさいませ、ドクター。,アーミヤ
predicate,,,0,,3,,,,,,
name,那样的话，博士，就只有我能阻止你了。,阿米娅,0,,,,,,,その時は、ドクター、私だけがあなたを止められます。,アーミヤ
name,欢迎回家，博士。,阿米娅,0,,,,,,,おかえりなさいませ、ドクター。,
predicate,,,0,,1;2;3,,,,,,
decision,你好，阿米娅。,,1,1,,,,1,,こんにちは、アーミヤ。,
predicate,,,0,,1,,,,,,
dialog,,,0,,,,,,,,
character,,,0,,,,,,,,
blocker,,,0,,,,,,,,
image,,,0,,,,,,,,
blocker,,,0,,,,,,,,
dialog,,,0,,,,,,,,
blocker,,,0,,,,,,,,
background,,,0,,,,,,,,
character,,,0,,,,,,,,
image,,,0,,,,avg_ep08,,,,
blocker,,,0,,,,,,,,
stopmusic,,,0,,,,,,,,
delay,,,0,,,,,,,,
image,,,0,,,,,,,,
dialog,,,0,,,,,,,,
blocker,,,0,,,,,,,,
dialog,,,0,,,,,,,,
blocker,,,0,,,,,,,,
background,,,0,,,,bg_lock_1,,,,
image,,,0,,,,,,,,
blocker,,,0,,,,,,,,
playmusic,,,0,,,,,,,,
character,,,0,,,,,,,,
name,她说话了吗？,罗德岛干员,0,,,,,,,彼女は話しましたか？,ロドスのオペレーター
character,,char_007_closre_1,0,,,,,,,,
name,没有，从你们把她弄回来到现在，她可是真的......一句话都没说。,可露希尔,0,,,,,,,いいえ、彼女を連れ戻してから今まで、本当に……一言も話していません。,クルシェ
name,也太沉得住气了。就算那个......陈，对吧？来找她，她也啥都没说。,可露希尔,0,,,,,,,本当に落ち着いていますね。あの……チェン、ですよね？彼が会いに来ても、彼女は何も言いませんでした。,クルシェ
character,,,0,,,,,,,,
name,那你打算怎么办？,罗德岛干员,0,,,,,,,じゃあ、どうするつもりですか？,ロドスのオペレーター
character,,char_007_closre_1,0,,,,,,,,
name,我怎么办？我又不是阿斯卡纶......而且现在也没什么要她说的。,可露希尔,0,,,,,,,私がどうするか？私はアスカランじゃないし……今は彼女に話してほしいこともない。,クルシェ
name,进一步提供的信息什么的，也要看用在哪里吧，大概。哎好烦啊我哪会治这种人......,可露希尔,0,,,,,,,さらなる情報提供も使いどころがあるでしょうね、たぶん。はぁ、こんな人をどう扱えばいいのかわからない……,クルシェ
character,,,0,,,,,,,,
name,那几个龙门近卫局的人呢？,罗德岛干员,0,,,,,,,あのドラゴンゲート近衛局の人たちはどう？,ロドスのオペレーター
blocker,,,0,,,,,,,,
image,,,0,,,,,,,,
name,怎么？你又不是第一次去罗德岛，害羞什么？,诗怀雅,0,,,,,,,どうしたの？初めてロドスに来たわけじゃないのに、恥ずかしがってどうするの？,スイィヤ
name,我只是升了职以后，害怕被人说是和罗德岛勾结。,星熊,0,,,,,,,私は昇進してから、ロドスと繋がっていると言われるのが怖いだけです。,ホシクマ
name,Missy你倒是完全没一点顾忌，弄得像是要去郊游一样。,星熊,0,,,,,,,ミッシーは全然気にせず、まるで遠足に行くような感じだったけど。,ホシクマ
name,谁能管我？,诗怀雅,0,,,,,,,誰が気にするものですか？,スイィヤ
name,你说得对。有钱人的道理。,星熊,0,,,,,,,その通りね。金持ちの論理よ。,ホシクマ
name,嗯......？魏长官办公室里，那个人......是谁？,诗怀雅,0,,,,,,,あれ……？魏長官の部屋にいるあの人は……誰？,スイィヤ
name,......蓝色头发的天使？还是萨卡兹？,星熊,0,,,,,,,……青い髪の天使？それともサカズ？,ホシクマ
name,哇......哇！她，她受了好重的伤！,诗怀雅,0,,,,,,,わっ……わっ！彼女、ひどい怪我をしてる！,スイィヤ
name,等等！别进去......魏长官也在里面。,星熊,0,,,,,,,待って！中に入らないで……魏長官も中にいる。,ホシクマ
blocker,,,0,,,,,,,,
background,,,0,,,,bg_lungmen_o,,,,
image,,,0,,,,,,,,
blocker,,,0,,,,,,,,
character,,char_213_mostma_1,0,,,,,,,,
delay,,,0,,,,,,,,
name,Chief，您似乎有客人。,？？？,0,,,,,,,チーフ、どうやらお客様がおられます。,？？？
character,,char_2005_weiyw_1#5,0,,,,,,,,
name,能进这附近的都是值得信任的人。与其关心这个不如关心你自己的伤势。,魏彦吾,0,,,,,,,この近くに入れる者は信用できる者だ。これを気にするより、自身の傷のほうを気にしなさい。,ギ・エンゴ
character,,char_213_mostma_1,0,,,,,,,,
name,如果您觉得允许外面那两个人偷听没什么关系，那我这点小伤也只是小意思。,？？？,0,,,,,,,外にいるあの二人に盗み聞きされても構わないというのなら、私のこのくらいの傷は大したことではありません。,？？？
character,,char_2005_weiyw_1#5,0,,,,,,,,
name,这次你来是做什么，拉特兰的信使？,魏彦吾,0,,,,,,,今回は何のために来た、ラテラーノの使者？,ギ・エンゴ
character,,char_213_mostma_1,0,,,,,,,,
name,我不是拉特兰任一官方的信使......,？？？,0,,,,,,,私はラテラーノの公式な使者ではありません……,？？？
name,（只是，教宗确实是有一条给您的消息。）,？？？,0,,,,,,,（ただ、教皇様から確かにあなたへの伝言があります。）,？？？
character,,char_2005_weiyw_1#5,0,,,,,,,,
name,星熊！带诗怀雅出去。,魏彦吾,0,,,,,,,ホシクマ！スイィヤを外に連れて行け。,ギ・エンゴ
character,,char_136_hsguma,0,,,,,,,,
name,啊，明白！,星熊,0,,,,,,,はい、わかりました！,ホシクマ
character,,char_308_swire_1#3,0,,,,,,,,
name,喂！为什么就只有我......,诗怀雅,0,,,,,,,おい！なんで私だけ……,スイィヤ
character,,char_2005_weiyw_1#5,0,,,,,,,,
name,好了。,魏彦吾,0,,,,,,,いいだろう。,ギ・エンゴ
name,信使，说。,魏彦吾,0,,,,,,,使者、話せ。,ギ・エンゴ
character,,char_213_mostma_1,0,,,,,,,,
name,......他说......（拉特兰语）,？？？,0,,,,,,,……彼は言いました……（ラテラーノ語）,？？？
name,“您今早吃了什么？晚上又准备吃什么？”,？？？,0,,,,,,,「今朝は何を召し上がりましたか？夜は何をお召し上がりになるご予定ですか？」,？？？
character,,char_2005_weiyw_1#5,0,,,,,,,,
name,......奇怪。他怎么会想知道我的看法？,魏彦吾,0,,,,,,,……奇妙ですね。彼はなぜ私の意見を知りたがっているのでしょうか？,魏彦吾
character,,char_213_mostma_1,0,,,,,,,,
name,我想......毕竟您才是Chief，魏先生。,？？？,0,,,,,,,私の考えですが……やはりあなたがチーフである、魏さんだからです。,？？？
character,,,0,,,,,,,,
dialog,,,0,,,,,,,,
blocker,,,0,,,,,,,,
background,,,0,,,,bg_lock_1,,,,
image,,,0,,,,,,,,
blocker,,,0,,,,,,,,
character,,char_007_closre_1,0,,,,,,,,
name,那个算是非官方的吧。那个黄毛老虎和绿毛鬼......更多可能是来借机看看前同事的吧？,可露希尔,0,,,,,,,あれは非公式なものでしょう。あの金髪の虎と緑毛の鬼……恐らく前の同僚に会いに来た機会を借りたのではないでしょうか？,可露希尔
name,再说，再这样下去，岂不是乌萨斯皇帝内卫都要上罗德岛来转两圈了？,可露希尔,0,,,,,,,それに、このまま続けば、ウルサス皇帝の近衛軍でさえロドス島に何度も来ることになるのではありませんか？,可露希尔
character,,,0,,,,,,,,
name,他们来了以后，有对这个......病人，产生什么效果吗？,罗德岛干员,0,,,,,,,彼らが来てから、この……患者に何か影響はありましたか？,ロドス島オペレーター
character,,char_007_closre_1,0,,,,,,,,
name,没。,可露希尔,0,,,,,,,いいえ。,可露希尔
name,只能想想看凯尔希在想什么了。啊，我跑一遍监控，你站那个摄像头底下去。快点快点~,可露希尔,0,,,,,,,ケルシーが何を考えているのか考えるしかないわ。ああ、私は監視を一周するから、あのカメラの下に立ってて。早く早く〜,可露希尔
character,,,0,,,,,,,,
dialog,,,0,,,,,,,,
blocker,,,0,,,,,,,,
background,,,0,,,,bg_black,,,,
image,,,0,,,,,,,,
blocker,,,0,,,,,,,,
dialog,,,0,,,,,,,,
character,,,0,,,,,,,,
blocker,,,0,,,,,,,,
dialog,,,0,,,,,,,,
image,,,0,,,,avg_8_19,,,,
blocker,,,0,,,,,,,,
character,,,0,,,,,,,,
imagetween,,,0,,,,,,,,
name,塔露拉。,科西切,0,,,,,,,タルラ。,コシチェ
name,人是一种脆弱，复杂，且自私的生物。,科西切,0,,,,,,,人間は脆く、複雑で、そして利己的な生き物だ。,コシチェ
name,即使是瘤兽也比人要尊贵，它们在大地上觅食，行走，日复一日，这个族群从未半途而弃。,科西切,0,,,,,,,瘤獣でさえ人間より尊い。彼らは大地で食べ物を探し、歩き、日々を繰り返す。この種族は決して途中で投げ出さない。,コシチェ
name,人则不。,科西切,0,,,,,,,しかし人間は違う。,コシチェ
name,人会为了食物刺杀同类。人会为了泄欲侵害同类。,科西切,0,,,,,,,人は食べ物のために同族を刺し、人は欲望を満たすために同族を傷つける。,コシチェ
name,所以，人类需要其他人帮助他们发现自己的价值，发挥他们的价值。你有这样的资质，也有这样的权力。,科西切,0,,,,,,,だからこそ、人間は他者の助けを借りて自分の価値を見いだし、自分の価値を発揮しなければならない。あなたにはその資質も権限もある。,コシチェ
name,你知道自己该做什么。你的一切都是我教你的......你又要怎么超越这无数年的厚重的历史呢？人类的历史，就是斗争史。,科西切,0,,,,,,,,
name,智慧，理想，以及方式......这些都是我教你的。放弃幻想吧。你终归会回到我这里。,科西切,0,,,,,,,,
name,你的终点只在我。,科西切,0,,,,,,,あなたの終着点は私のもとだけにあるのだ。,コシチェ
dialog,,,0,,,,,,,,
blocker,,,0,,,,,,,,
image,,,0,,,,avg_8_19_2,,,,
blocker,,,0,,,,,,,,
character,,,0,,,,,,,,
imagetween,,,0,,,,,,,,
,科西切......不，科西切，绝不。,,0,,,,,,,コシチェ……いや、コシチェ、絶対にだめだ。,
,你带给我的这一切，已经根植在我的身上，但即使这会是我永远的疮疤，过去的一切却都已经结束了。,,0,,,,,,,あなたがもたらした全ては私の身に根付いている。たとえそれが永遠の傷跡であっても、過去の全てはもう終わったのだ。,
,都......结束了。,,0,,,,,,,すべては……終わったのだ。,
,不......你所带来的一切都必须被结束。,,0,,,,,,,いや……あなたがもたらした全ては終わらせなければならないのだ。,
,你带给我的这些丑陋与羞愧......都是我的燃料。我未来的燃料。,,0,,,,,,,あなたがくれたこの醜さと恥……それは私の燃料だ。私の未来の燃料だ。,
,直到我找到你，直到这片大地都得解放，我不会停止燃烧。,,0,,,,,,,あなたを見つけるまで、この大地が解放されるまで、私は燃え続ける。,
,我不会再否认你，科西切。我反对你。,,0,,,,,,,もうあなたを否定しない、コシチェ。私はあなたに反逆する。,
,直到所有冤屈都伸张，所有罪恶都死亡。,,0,,,,,,,すべての冤りが晴れ、すべての罪が死ぬまで。,
,我一定会做到。哪怕我们的终点是一样的，我也会让这终点只剩灰烬。烧死自己也无妨。,,0,,,,,,,私は必ずやり遂げる。たとえ私たちの終わりが同じでも、その終わりを灰だけにする。自分が燃え尽きても構わない。,
dialog,,,0,,,,,,,,
blocker,,,0,,,,,,,,
,逃出来有多久了？,,0,,,,,,,逃げ出してどれくらい経ったのか？,
,啊，因为麻烦得很，所以早就没算了。,,0,,,,,,,ああ、面倒なのでだいぶ前から数えていません。,
,但是，再怎么逃下去，也是逃不掉的。,,0,,,,,,,しかし、どれだけ逃げても、逃げ切ることはできない。,
,敲打钉子当然不能让钉子去找锤子。作为锤子，就只能砸下去。,,0,,,,,,,釘を打つとき、釘にハンマーを探させることはできない。ハンマーとしてはただ打ち下ろすのみ。,
,也许现在是时候了。,,0,,,,,,,今がその時なのかもしれない。,
dialog,,,0,,,,,,,,
image,,,0,,,,avg_8_22,,,,
blocker,,,0,,,,,,,,
character,,,0,,,,,,,,
name,维娜！请走近一些。我有一些话要同你说。,凯尔希,0,,,,,,,ヴェーナ！もっと近くに来てください。あなたに話したいことがあります。,ケルシー
name,......好的，凯尔希医生。,推进之王,0,,,,,,,……はい、ケルシードクター。,進行の王
name,等等。我先问一句，你准备好了吗？,凯尔希,0,,,,,,,ちょっと待って。まず一言、準備はできていますか？,ケルシー
name,我不知道。不如说，如果这样可以的话，那我随时都准备好了。,推进之王,0,,,,,,,わかりません。いや、そうであれば、いつでも準備はできています。,進行の王
dialog,,,0,,,,,,,,
blocker,,,0,,,,,,,,
image,,,0,,,,,,,,
blocker,,,0,,,,,,,,
stopmusic,,,0,,,,,,,,
dialog,,,0,,,,,,,,
character,,,0,,,,,,,,
blocker,,,0,,,,,,,,
dialog,,,0,,,,,,,,
background,,,0,,,,bg_hall_2,,,,
blocker,,,0,,,,,,,,
playmusic,,,0,,,,,,,,
character,,avg_npc_076,0,,,,,,,,
delay,,,0,,,,,,,,
name,陛下......,伊斯拉姆·维特,0,,,,,,,陛下……,イスラーム・ヴィット
name,这里是整件事的档案。,伊斯拉姆·维特,0,,,,,,,こちらが件の一連の事柄の資料です。,イスラーム・ヴィット
character,,,0,,,,,,,,
name,——为什么会发生这种事？,费奥多尔,0,,,,,,,――なぜこんなことが起こったのか？,フェオドール
name,......内卫里是不是有人背叛？,费奥多尔,0,,,,,,,……近衛に裏切り者がいるのではないか？,フェオドール
name,维特，诚实地回答我。,费奥多尔,0,,,,,,,ヴィット、正直に答えてくれ。,フェオドール
name,我的胸膛，就像冬日里久未点燃的壁炉，只有坦诚的话语才肯教我的心脏重新开始跳动，哪怕那些令人不快的事实确实会伤透我的心也一样。,费奥多尔,0,,,,,,,私の胸は冬の日に長く火が消えた暖炉のようなものだ。正直な言葉だけが私の心臓を再び鼓動させる。たとえ不快な真実が私の心を傷つけてもだ。,フェオドール
character,,avg_npc_076,0,,,,,,,,
name,没有。内卫不会背叛您，陛下。内卫们会为您一直服务下去，直到这片大地被火焰吞没为止——只要您依然还是乌萨斯的君主。,伊斯拉姆·维特,0,,,,,,,いいえ。近衛が陛下を裏切ることはありません。近衛たちは陛下のために、たとえこの大地が炎に飲まれるまで、陛下がウルサスの君主である限り、仕え続けます。,イスラーム・ヴィット
character,,,0,,,,,,,,
name,你我都知道这只是说辞。如果内卫没有对那个老怪物的死袖手旁观......,费奥多尔,0,,,,,,,君も私もこれはただの言葉だとわかっている。もし近衛があの老いた怪物の死を傍観していなければ……,フェオドール
name,......行了！更多的体面话，更多的说辞，我厌烦了！维特，你不是小丑弄臣，对吗？直抒胸臆吧，维特，直白地回答我！,费奥多尔,0,,,,,,,……もういい！もっと立派な言葉も、もっといいわけも飽き飽きだ！ヴィット、お前は道化師ではないはずだろう？率直に言え、ヴィット、はっきり答えろ！,フェオドール
name,这一场拙劣阴谋的主谋们，他们现在在哪？,费奥多尔,0,,,,,,,この拙い陰謀の首謀者たちは今どこにいるのだ？,フェオドール
character,,avg_npc_076,0,,,,,,,,
name,——,伊斯拉姆·维特,0,,,,,,,――,
name,贝加尔大公、第三集团军副师团长兼松香总督，还有刻尔克子爵。,伊斯拉姆·维特,0,,,,,,,ベガル公爵、第3軍副師団長兼ロジン総督、そしてケルク子爵です。,イスラーム・ヴィット
name,当然，我依然没有充足的证据证明他们的确是策划了整个事件的主谋。,伊斯拉姆·维特,0,,,,,,,もちろん、彼らがこの事件の首謀者である十分な証拠はまだありません。,イスラーム・ヴィット
name,而且，在内卫将要惩罚这些罪人，踢开他们的房门把他们吊死在自己家里时，却发现......,伊斯拉姆·维特,0,,,,,,,また、近衛がこれらの罪人を罰し、彼らの家の扉を蹴破り、自宅で首吊りにしているところを発見したとき……,イスラーム・ヴィット
name,却发现，这些叛徒，他们根本不敢面对自己犯下的罪行以及您的震怒。在受刑之前，他们就已经畏罪自杀。,伊斯拉姆·维特,0,,,,,,,発見したのは、これらの反逆者たちが自分の犯した罪と陛下の激怒に直面する勇気がなく、処罰される前に罪を恐れて自殺していたという事実です。,イスラーム・ヴィット
character,,,0,,,,,,,,
name,懦夫......这些懦夫，他们甚至没有面对一场公正审判的勇气。,费奥多尔,0,,,,,,,臆病者……この臆病者たちは、正当な裁判にすら立ち向かう勇気すらなかったのだ。,フェオドール
name,看来他们知道！他们知道一旦自己被审判，他们龌龊至极的贪欲，他们污秽无比的心思，这些都会暴露在乌萨斯国民面前！,费奥多尔,0,,,,,,,彼らは知っているようです！裁かれたら、その卑劣きわまりない欲望や、汚れきった心の内がウサスの民の前に曝け出されることを、彼らは知っています！,フェオドール
name,但我们......现在的我们依然没法公审他们。,费奥多尔,0,,,,,,,しかし私たちは……今の私たちには彼らを公に裁くことはまだできません。,フェオドール
character,,avg_npc_076,0,,,,,,,,
name,是的，陛下。很遗憾，这一切我们还是要将之安排在幕布之后，而不是暴露在台面上。,伊斯拉姆·维特,0,,,,,,,はい、陛下。残念ながら、このすべてを幕の後ろに隠さねばならず、表には出せません。,イスラム・ヴィート
name,一旦把蠢笨的驮兽惹急，它们也会吃草以外的东西。,伊斯拉姆·维特,0,,,,,,,愚かな荷駄獣を怒らせれば、草以外のものも食べてしまいます。,イスラム・ヴィート
name,即使如此，他们剩下的那些部分，身体的那部分，内卫们还是妥善地处理掉了。,伊斯拉姆·维特,0,,,,,,,それでも残った体の部分は、近衛たちが適切に処理しました。,イスラム・ヴィート
name,他们的尸骨将被吊在房梁上直至发臭，没有人敢解下他们腐烂的遗体。,伊斯拉姆·维特,0,,,,,,,彼らの遺骨は梁に吊るされ腐敗するまで放置され、誰もその腐った遺体を外そうとはしません。,イスラム・ヴィート
name,如果他们成功了，他们将把乌萨斯拖进战争，重夺权力，削弱议会的力量......甚至是更多地架空我们的城市。,伊斯拉姆·维特,0,,,,,,,もし彼らが成功すれば、ウサスを戦争に巻き込み、権力を奪い返し、議会の力を削ぎ……さらには我々の都市の支配を奪いかねません。,イスラム・ヴィート
name,幸亏他们失败了。,伊斯拉姆·维特,0,,,,,,,幸いにも彼らは失敗しました。,イスラム・ヴィート
character,,,0,,,,,,,,
name,叛国者！这样的下场太便宜他们了，应该拿他们去喂蓄肉蝎！,费奥多尔,0,,,,,,,反逆者め！そんな結末は彼らにあまりにも生ぬるい、肉食サソリの餌にすべきだ！,フェオドール
name,但......那些行为实在是太恐怖了。不。我们不能这么做。,费奥多尔,0,,,,,,,しかし……その行為はあまりにも恐ろしい。いいえ、そんなことはできません。,フェオドール
name,请原谅我，维特，我不是有意要说出这种话的。,费奥多尔,0,,,,,,,許してください、ヴィート、そんなことを言うつもりはありませんでした。,フェオドール
name,我们不能再重蹈覆辙，不管现在的我准备撒播多少怒火到我的敌人头上，这种行为，我必须承认，是我无法忍受的。,费奥多尔,0,,,,,,,我々は同じ過ちを繰り返してはいけません。今どんなに怒りを敵に向けようとも、このような行いは、認めがたいほど耐えられません。,フェオドール
character,,avg_npc_076,0,,,,,,,,
name,您在大叛乱时期拒绝使用这些手段。直至今日，我却依然认为，除了血淋淋的警告以外，没什么能触动他们。,伊斯拉姆·维特,0,,,,,,,大反乱の頃、陛下はこの手段を拒みました。今日に至っても、私は血なまぐさい警告以外に彼らを動かすものはないと考えています。,イスラム・ヴィート
name,只有更直白的恐怖才能震慑习惯给别人带去恐怖的人。,伊斯拉姆·维特,0,,,,,,,恐怖を他人に与えることに慣れた者たちを震え上がらせるには、より直截的な恐怖しかありません。,イスラム・ヴィート
name,即使我坚决反对采取这些手段。,伊斯拉姆·维特,0,,,,,,,私はこの手段を強く反対しますが。,イスラム・ヴィート
character,,,0,,,,,,,,
name,不可思议。,费奥多尔,0,,,,,,,信じがたい。,フェオドール
name,难道就只有这些恶毒的传统才能震慑那群无知又目光短浅的呆瓜吗？,费奥多尔,0,,,,,,,あの無知で眼先の短い愚か者たちに怖気づかせるには、このような陰険な伝統しかないのか？,フェオドール
name,我们帝国的剑与盾就是被这些蛆虫握在手里的吗？就连我们也要被逼着一起无助地步入腐朽吗？,费奥多尔,0,,,,,,,我が帝国の剣と盾はこれらの虫けらに握られているのか？我々すらも無力に腐敗への道を歩ませられるのか？,フェオドール
character,,avg_npc_076,0,,,,,,,,
name,陛下，很遗憾，这个问题我回答不了。从法律上来说，我毕竟不是您官方口径中的情报头子。,伊斯拉姆·维特,0,,,,,,,陛下、残念ながらこの問いにはお答えできません。法的には、私は陛下の公式情報責任者ではないのですから。,イスラム・ヴィート
character,,,0,,,,,,,,
name,更重要的是，维特，那个传说是不是真的？那个“不死者黑蛇”，是不是就像他们说的那样，是一个没法被杀死的恶神？,费奥多尔,0,,,,,,,それより重要なのは、ヴィート、あの伝説は本当なのだろうか？あの“不死の黒蛇”は、まさに彼らが言うとおり、殺すことのできない悪神なのか？,フェオドール
name,假如说是我们这片广袤的国土上，这样的恶神还不止一个呢？我们的国民要怎么样才能从这种奴役中解脱出来？,费奥多尔,0,,,,,,,もしこの広大な国土にそんな悪神が一柱だけではないとしたら？我が国の民はどのように奴隷状態から解放されるのでしょうか？,フェオドール
name,维特，我们站在光明之下......却被黑影包围！我们能用一把火去照亮乌萨斯吗？,费奥多尔,0,,,,,,,ヴィート、我々は光のもとに立ちながらも、闇に包まれている！ウサスを一筋の炎で照らすことはできるだろうか？,フェオドール
character,,avg_npc_076,0,,,,,,,,
name,陛下，我只想指出一个事实。即使是近数十年来，有明显卷入这些事件迹象的长生者，自始至终也只有科西切公爵一人。,伊斯拉姆·维特,0,,,,,,,陛下、ただ一つの事実を指摘したいのです。近年において、これらの事件に明らかに関与した長生者は、コシチェ公爵ただ一人だけです。,イスラム・ヴィート
name,何况在他死后，我们也没有办法验证她的身份。,伊斯拉姆·维特,0,,,,,,,加えて、彼の死後、その身元の確認もできておりません。,イスラム・ヴィート
name,这说明，即使乌萨斯依然有长生者在......他们依然畏惧您。,伊斯拉姆·维特,0,,,,,,,これが意味するのは、たとえウサスにまだ長生者がいても……彼らは陛下を恐れているということです。,イスラム・ヴィート
name,或者说，畏惧您和您的睥睨。,伊斯拉姆·维特,0,,,,,,,あるいは、陛下とその睥睨を恐れているのです。,イスラム・ヴィート
name,我们推翻骏鹰的统治，此事距今已经近千年。乌萨斯民族的韧性并非一两个垂老的怪物可以比拟。,伊斯拉姆·维特,0,,,,,,,我々が鷲の支配を倒してから既に千年近く経ちました。ウサス民族の強靭さは、一、二の老いた怪物に比べるものではありません。,イスラム・ヴィート
name,它们想做的，让它们做。它们会失败。,伊斯拉姆·维特,0,,,,,,,彼らが何をしようとも、させておきましょう。彼らは失敗するのです。,イスラム・ヴィート
name,我们终将找到它们，也将毁掉它们。您不该操心。,伊斯拉姆·维特,0,,,,,,,我々は必ず彼らを見つけ出し、葬り去ります。陛下はご心配なさらないで下さい。,イスラム・ヴィート
character,,,0,,,,,,,,
name,真要如你所说，那也好。,费奥多尔,0,,,,,,,もしあなたの言う通りなら、それで良い。,フェオドール
name,感染者的事情呢？有什么进展吗？,费奥多尔,0,,,,,,,感染者の件はどうなっていますか？何か進展は？,フェオドール
character,,avg_npc_076,0,,,,,,,,
name,您操之过急了。关闭西北各军所拥有的感染者矿场这事为时尚早。,伊斯拉姆·维特,0,,,,,,,陛下、お急ぎすぎです。西北の各軍が保有する感染者の鉱山を閉鎖するのは時期尚早です。,イスラム・ヴィート
name,您也许只是希望削弱军队的资源储备，甚至这体现了您的一点仁慈——,伊斯拉姆·维特,0,,,,,,,おそらく陛下は軍の資源備蓄を弱めたいのでしょう、それは少しの慈悲心の表れかもしれません——,イスラム・ヴィート
name,但不止是军队反对您，您的人民也反对这件事。感染者令他们害怕。,伊斯拉姆·维特,0,,,,,,,しかし軍だけでなく、民もこれに反対しています。感染者を恐れているのです。,イスラム・ヴィート
name,您不能与您的人民敌对，现在还不能，您的人民大多憎恶感染者，所以您与军方对抗，就会被有意曲解成与人民对抗。,伊斯拉姆·维特,0,,,,,,,今はまだ陛下は民衆と敵対してはいけません。民は感染者を嫌悪しているので、陛下が軍と対立すれば、意図的に民と敵対していると解釈されてしまいます。,イスラム・ヴィート
name,您的资本还不足以支撑您这么做。,伊斯拉姆·维特,0,,,,,,,陛下の影響力はまだそれを支えるほどではありません。,イスラム・ヴィート
character,,,0,,,,,,,,
name,......,费奥多尔,0,,,,,,,......,
name,即使这样的做法是对的？,费奥多尔,0,,,,,,,たとえそのやり方が正しいとしても？,フェオドール
character,,avg_npc_076,0,,,,,,,,
name,即使这样的做法是对的。您对感染者宽容，却可能因此将他们推进火坑。,伊斯拉姆·维特,0,,,,,,,たとえそのやり方が正しいとしても。感染者に寛容であれば、かえって彼らを奈落へと追いやるかもしれません。,イスラム・ヴィート
name,到时间了，陛下。圣愚已经在门口等了十五分钟有余。您也许该立刻处理这事。,伊斯拉姆·维特,0,,,,,,,時刻です、陛下。聖愚が門前で15分以上お待ちです。すぐにお相手されるべきかと存じます。,イスラム・ヴィート
character,,,0,,,,,,,,
name,哼，装神弄鬼的狂人！我要好好地羞辱他。,费奥多尔,0,,,,,,,ふん、神がかりの狂人め！思い切り侮辱してやる。,フェオドール
name,在这之前，维特，我们能成功吗？我们能让乌萨斯重现辉煌吗？,费奥多尔,0,,,,,,,その前に、ヴィート、我々は成功できるのか？ウサスに再び栄光をもたらせるのか？,フェオドール
character,,avg_npc_076,0,,,,,,,,
name,我不知道，陛下。给您一个答案并不合理。,伊斯拉姆·维特,0,,,,,,,わかりません、陛下。答えを差し上げるのは不適切です。,イスラム・ヴィート
name,至少您不像您的父亲一样会毁灭这片大地。这已经是件好事。,伊斯拉姆·维特,0,,,,,,,少なくとも陛下は、ご自身の父上のようにこの大地を破壊はなさらない。それだけでも良いことです。,イスラム・ヴィート
dialog,,,0,,,,,,,,
character,,,0,,,,,,,,
dialog,,,0,,,,,,,,
character,,,0,,,,,,,,
blocker,,,0,,,,,,,,
name,感染者塔露拉......是吗。,伊斯拉姆·维特,0,,,,,,,感染者タルラ……ですか。,イスラム・ヴィート
name,如果你能打碎不死黑蛇的诅咒，那你也该能打碎你自己身上其他的那些。,伊斯拉姆·维特,0,,,,,,,もしあなたが不死の黒蛇の呪いを打ち破れるのなら、ご自身にかかる他の呪いもきっと打ち破れるでしょう。,イスラム・ヴィート
name,......希望有一天，我们能有机会真正战胜属于先皇的那个国家。,伊斯拉姆·维特,0,,,,,,,……いつか、先帝の国を真に打ち破る機会が訪れることを願います。,イスラム・ヴィート
dialog,,,0,,,,,,,,
character,,,0,,,,,,,,
stopmusic,,,0,,,,,,,,
dialog,,,0,,,,,,,,
blocker,,,0,,,,,,,,
background,,,0,,,,,,,,
character,,,0,,,,,,,,
image,,,0,,,,avg_ep09intro,,,,
blocker,,,0,,,,,,,,
delay,,,0,,,,,,,,
image,,,0,,,,,,,,
dialog,,,0,,,,,,,,
blocker,,,0,,,,,,,,
image,,,0,,,,,,,,
playmusic,,,0,,,,,,,,
,塔露拉？,,0,,,,,,,タルラ？,
,辛苦你了，这种天气你还去站岗。,,0,,,,,,,ご苦労さまです。このような天候でも見張りに立つのですね。,
,我知道是你自己要求的。,,0,,,,,,,これはご自身の希望であることは存じています。,
character,,avg_npc_078,0,,,,,,,,
name,你知道。在我们走出冬天前我的火是不会熄的。,塔露拉,0,,,,,,,ご存知の通り、私たちが冬を抜けるまでは私の火は消えません。,タルラ
character,,,0,,,,,,,,
dialog,,,0,,,,,,,,
blocker,,,0,,,,,,,,
image,,,0,,,,avg_8_21,,,,
blocker,,,0,,,,,,,,
character,,,0,,,,,,,,
imagetween,,,0,,,,,,,,
name,（嘘。声音轻些......）,霜星,0,,,,,,,（シーッ。声を小さく……）,シュアンシン
name,（他们睡着了。）,霜星,0,,,,,,,（彼らは眠っています。）,シュアンシン
name,（哦......对不起。嘘。）,塔露拉,0,,,,,,,（ああ……すみません。シーッ。）,タルラ
name,（训练了一天？）,塔露拉,0,,,,,,,（一日中訓練したのですか？）,タルラ
name,（这个深色头发的孩子也许很适合弓弩。）,霜星,0,,,,,,,（この暗い髪の子は弓矢に向いているかもしれません。）,シュアンシン
name,（不过也要等他再长大一些。）,霜星,0,,,,,,,（ですが、もう少し成長するまで待つ必要があります。）,シュアンシン
name,（那就让他们睡吧。可是......）,塔露拉,0,,,,,,,（それなら彼らを寝かせましょう。でも……）,タルラ
name,（我正准备走。我的温度还是太冷了，他们会感冒的。）,霜星,0,,,,,,,（そろそろ行こうと思います。私の体温はまだ低すぎて、彼らが風邪をひきますから。）,シュアンシン
name,（麻烦你了。）,塔露拉,0,,,,,,,（お手数をおかけします。）,タルラ
name,（没有。只是这个白发孩子......睡得很浅。我不唱歌他就不断在梦里挣扎。只能唱到他睡熟为止。不知道他以前遭遇了些什么。）,霜星,0,,,,,,,（いいえ。ただ、この白髪の子は……浅い眠りなんです。歌わないと夢の中でずっともがいています。彼が深く眠るまで歌い続けるしかありません。彼が以前何を経験したのかはわかりませんが。）,シュアンシン
name,（时间会修补我们的伤口的。）,塔露拉,0,,,,,,,（時間が私たちの傷を癒してくれます。）,タルラ
name,（你父亲还在制订明天的战略？他和我谈过附近的乌萨斯感染者输送集散地。）,塔露拉,0,,,,,,,（あなたのお父様はまだ明日の戦略を立てているのですか？彼は私に近くのウサス感染者の輸送拠点について話してくれました。）,タルラ
name,（他要深思熟虑，才能减少我们的损耗。他每次都和我这么说，要我注意。）,霜星,0,,,,,,,（彼は慎重に考えなければ私たちの損失を減らせないと言っています。毎回そう言って私に注意を促します。）,シュアンシン
name,（......已经很晚了。）,塔露拉,0,,,,,,,（……もうだいぶ遅いですね。）,タルラ
name,（我没见过他睡觉。从没见过。）,霜星,0,,,,,,,（彼が眠っているところを見たことがありません。一度も。）,シュアンシン
name,（再英雄的人物也总是要休息的。其他的战士们大多也歇息了。）,塔露拉,0,,,,,,,（どんな英雄でも休息は必要です。ほかの戦士たちも大部分は休んでいます。）,タルラ
name,（想他的事不如想你自己的。你前几天说联系上的人，叫什么名字？是哪里人？）,霜星,0,,,,,,,（彼のことを考えるよりも自分のことを考えたほうがいい。あなたが数日前に言っていた連絡を取った人の名前は？どこから来た人ですか？）,シュアンシン
name,（柳德米拉和亚历克斯。他们似乎在切尔诺伯格附近活动，对那座城市的事情很熟悉。）,塔露拉,0,,,,,,,（リュドミラとアレックスです。彼らはチェルノベルグの近くで活動していて、その街のことに詳しいようです。）,タルラ
name,（那是座大城。）,霜星,0,,,,,,,（それは大きな街です。）,シュアンシン
name,（是的。但那里也有许多感染者。我们说不定能把他们接出来......战术可靠的话。）,塔露拉,0,,,,,,,（はい。でもそこには多くの感染者もいます。もし戦術が確かななら、彼らを連れ出せるかもしれません……）,タルラ
name,（柳德米拉他们都是坚定的人。我想，他们会成为我们可靠的朋友，就算他们现在稍微激进了些。）,塔露拉,0,,,,,,,（リュドミラたちは皆、しっかりした人々です。彼らはたとえ今は少し過激でも、私たちの頼れる仲間になると思います。）,タルラ
name,（有每个月都和乌萨斯军队打起来的我们激进？）,霜星,0,,,,,,,（ウサス軍と毎月戦っている私たちが過激だと？）,シュアンシン
name,（切尔诺伯格。我们离那里太远了，太多障碍了。要多少年？花上三四年我们都到不了那里。）,霜星,0,,,,,,,（チェルノベルグ。私たちはあそこからあまりにも遠く障害も多すぎます。何年かかる？三、四年かかっても辿り着けません。）,シュアンシン
name,（就算我们不是要对抗它或者停下它......它还是会向我们驶来的。有了城市感染者的工艺，我们可能真的能建立自己的城市。）,塔露拉,0,,,,,,,（私たちがそれと戦うわけでも止めるわけでもないとしても……それは私たちに向かってやってきます。都市感染者の技術があれば、私たちは本当に自分たちの都市を築けるかもしれません。）,タルラ
name,（再说，三四年......一觉醒来就是明天。明天是很近的。）,塔露拉,0,,,,,,,（それに、三、四年……一度眠れば明日です。明日はとても近いですから。）,タルラ
name,（我喜欢这句话。）,霜星,0,,,,,,,（その言葉が好きです。）,シュアンシン
name,（你也早点休息。）,霜星,0,,,,,,,（あなたも早く休んでくださいね。）,シュアンシン
name,（好，晚安。）,塔露拉,0,,,,,,,（はい、おやすみなさい。）,タルラ
name,（......晚安，萨沙，伊诺。）,塔露拉,0,,,,,,,（……おやすみなさい、サーシャ、イノ。）,タルラ
name,（快点回去吧。我一会儿把孩子们送回聚落。）,霜星,0,,,,,,,（早く戻ってください。私はすぐに子供たちを集落に送り届けます。）,シュアンシン
name,（嗯。）,塔露拉,0,,,,,,,（はい。）,タルラ
name,（各位战友......）,塔露拉,0,,,,,,,（同志の皆さん……）,タルラ
dialog,,,0,,,,,,,,
blocker,,,0,,,,,,,,
image,,,0,,,,,,,,
image,,,0,,,,avg_8_42,,,,
blocker,,,0,,,,,,,,
character,,,0,,,,,,,,
imagetween,,,0,,,,,,,,
,晚安。,,0,,,,,,,おやすみなさい。,
dialog,,,0,,,,,,,,
blocker,,,0,,,,,,,,
image,,,0,,,,,,,,
