command,text_orig,name,focus,image,name2,index,text,jp_text,jp_name,text_match
header,现在线4,,,,,0,现在线4,現在のライン4,,True
character,,,,,,1,,,,True
stopmusic,,,,,,2,,,,True
dialog,,,,,,3,,,,True
character,,,,,,4,,,,True
blocker,,,,,,5,,,,True
background,,,,bg_topout,,6,,,,True
blocker,,,,,,7,,,,True
playmusic,,,,,,8,,,,True
character,,,,,,9,,,,True
dialog,,,,,,10,,,,True
character,,avg_npc_012,,,,11,,,avg_npc_012,True
delay,,,,,,12,,,,True
name,你刚刚说的这些......什么意思？,罗德岛干员,,,,13,你刚刚说的这些......什么意思？,さきほどおっしゃったことは……どういう意味ですか？,ロドスのオペレーター,True
character,,avg_npc_058,,,,14,,,avg_npc_058,True
name,“罗德岛，我邀请你们一同战斗。”,盾卫,,,,15,“罗德岛，我邀请你们一同战斗。”,「ロドス、君たちを共に戦うよう招待する。」,シールドガード,True
name,我是这么说的。,盾卫,,,,16,我是这么说的。,私はそう言った。,シールドガード,True
name,我只会说乌萨斯语，你也是用乌萨斯语问我的。你应该听懂了。,盾卫,,,,17,我只会说乌萨斯语，你也是用乌萨斯语问我的。你应该听懂了。,私はウルサス語しか話せない。君もウルサス語で私に尋ねた。理解しているはずだ。,シールドガード,True
name,你们比我们更熟悉切尔诺伯格这些工业机器吧？你们受到的这方面的训练肯定比我们多。我们更会打仗。,盾卫,,,,18,你们比我们更熟悉切尔诺伯格这些工业机器吧？你们受到的这方面的训练肯定比我们多。我们更会打仗。,君たちは私たちよりチェルノボーグの産業機械に詳しいだろう？君たちはこの方面の訓練を私たちよりも多く受けているはずだ。私たちは戦闘に長けている。,シールドガード,True
name,如果你们也要去指挥塔，那你们肯定也安排好了去关掉这玩意的人。不能让它封闭道路。,盾卫,,,,19,如果你们也要去指挥塔，那你们肯定也安排好了去关掉这玩意的人。不能让它封闭道路。,もし君たちも指揮塔に向かうなら、その装置を止める人を手配しているはずだ。通路を封鎖させてはいけない。,シールドガード,True
name,游击队必须分兵。如果游击队不把四分之三的力量分出去保护其他地方的感染者，那他们会被杀死。,盾卫,,,,20,游击队必须分兵。如果游击队不把四分之三的力量分出去保护其他地方的感染者，那他们会被杀死。,ゲリラ隊は分散しなければならない。四分の三の戦力を他の感染者の守護に割かなければ、彼らは殺されてしまう。,シールドガード,True
name,塔露拉手下的整合运动已经陷入疯癫，发生在切尔诺伯格的报复事件已经够多了。,盾卫,,,,21,塔露拉手下的整合运动已经陷入疯癫，发生在切尔诺伯格的报复事件已经够多了。,タルーラの指揮下の整合運動は狂気に陥っている。チェルノボーグでの報復事件は十分に起きている。,シールドガード,True
name,虽然剩下四分之一的游击队已经能够打掉塔露拉那些蠢笨的卫队，但......,盾卫,,,,22,虽然剩下四分之一的游击队已经能够打掉塔露拉那些蠢笨的卫队，但......,残りの四分の一のゲリラ隊はタルーラの愚かな衛兵を倒すことはできているが……,シールドガード,True
name,......在这时候，多一个帮手，就能多抢占一些胜机。,盾卫,,,,23,......在这时候，多一个帮手，就能多抢占一些胜机。,……この時、もう一人の助っ人がいれば、より多くの勝機を掴める。,シールドガード,True
name,源石祭坛已经失效。我们的魔族佬也不错，但大尉那种精怪传说里一般的神力，他们还是做不到的。,盾卫,,,,24,源石祭坛已经失效。我们的魔族佬也不错，但大尉那种精怪传说里一般的神力，他们还是做不到的。,源石の祭壇はもう機能していない。魔族のやつらも悪くはないが、大尉のような妖怪伝説の神力はまだ使えない。,シールドガード,True
name,我们需要更多火力。,盾卫,,,,25,我们需要更多火力。,我々はもっと火力が必要だ。,シールドガード,True
name,谁能点头同意，或是摇头否定？你们的领袖就是那只卡特斯吗？还是那只菲林？你们同样有力，都能承担大任。,盾卫,,,,26,谁能点头同意，或是摇头否定？你们的领袖就是那只卡特斯吗？还是那只菲林？你们同样有力，都能承担大任。,誰が賛成し、誰が否定する？君たちのリーダーはカーテスか？それともフェリンか？君たちは同じく強く、重要な役割を担える。,シールドガード,True
character,,avg_npc_042,,,,27,,,avg_npc_042,True
name,问阿米娅。我只是罗德岛的干员。,迷迭香,,,,28,问阿米娅。我只是罗德岛的干员。,アーミヤに聞いてください。私はただのロドスのオペレーターです。,ローズマリー,True
character,,avg_npc_058,,,,29,,,avg_npc_058,True
name,卡特斯，你同意吗？,盾卫,,,,30,卡特斯，你同意吗？,カーテス、お前は同意か？,シールドガード,True
character,,char_002_amiya_1#4,,,,31,,,char_002_amiya_1#4,True
name,先生，如果你所代表的整合运动，依然是个以主张救助感染者为第一优先目标的组织，,阿米娅,,,,32,先生，如果你所代表的整合运动，依然是个以主张救助感染者为第一优先目标的组织，,先生、もしあなたが代表する整合運動が、依然として感染者の救助を第一の目標とする組織であるならば、,アーミヤ,True
name,而不是代表着乌萨斯某种国家政治力量的感染者团体......我们于公于私都会同意。,阿米娅,,,,33,而不是代表着乌萨斯某种国家政治力量的感染者团体......我们于公于私都会同意。,そしてウルサスの何らかの国家政治勢力を代表する感染者団体でなければ……私たちは公私共に同意いたします。,アーミヤ,True
name,但是......我害怕......,阿米娅,,,,34,但是......我害怕......,ですが……私は怖いのです……。,アーミヤ,True
character,,avg_npc_058,,,,35,,,avg_npc_058,True
name,害怕什么？,盾卫,,,,36,害怕什么？,何を怖がっている？,シールドガード,True
character,,char_002_amiya_1#4,,,,37,,,char_002_amiya_1#4,True
name,整合运动与我们之间的矛盾和既有暴力事件的创伤，在这一时半刻是无法抹平的。,阿米娅,,,,38,整合运动与我们之间的矛盾和既有暴力事件的创伤，在这一时半刻是无法抹平的。,整合運動と私たちの間の矛盾と暴力事件による心の傷は、今この瞬間には消せません。,アーミヤ,True
name,我们可以摆出一副愿意原谅罪行或者乞求宽恕的态度，但那是对真正受害者的不尊重。,阿米娅,,,,39,我们可以摆出一副愿意原谅罪行或者乞求宽恕的态度，但那是对真正受害者的不尊重。,私たちは罪を許し、赦しを乞う姿勢を装うことはできますが、それは真の被害者への不敬です。,アーミヤ,True
name,尤其是......,阿米娅,,,,40,尤其是......,特に……,アーミヤ,True
character,,avg_npc_042,,,,41,,,avg_npc_042,True
name,你们整合运动杀害了我的朋友。我们刚刚杀死了你们尊敬的人。,迷迭香,,,,42,你们整合运动杀害了我的朋友。我们刚刚杀死了你们尊敬的人。,あなたたちの整合運動は私の友達を殺しました。私たちは先ほどあなたたちの尊敬する人を殺しました。,ローズマリー,True
character,,avg_npc_058,,,,43,,,avg_npc_058,True
name,（轻哼）,盾卫,,,,44,（轻哼）,（軽く鼻を鳴らす）,シールドガード,True
character,,avg_npc_042,,,,45,,,avg_npc_042,True
name,我能明白......我杀了你们的家人，对不对？,迷迭香,,,,46,我能明白......我杀了你们的家人，对不对？,わかっています……私はあなたたちの家族を殺した、そうですね？,ローズマリー,True
name,这不可能原谅的。,迷迭香,,,,47,这不可能原谅的。,これは決して許されません。,ローズマリー,True
character,,avg_npc_058,,,,48,,,avg_npc_058,True
name,但你们是感染者！,盾卫,,,,49,但你们是感染者！,しかし、あなたたちは感染者だ！,シールドガード,True
name,如果我方有感染者不同意你们的加入，那就是违抗命令。,盾卫,,,,50,如果我方有感染者不同意你们的加入，那就是违抗命令。,もし我々に感染者であなた方の加入に同意しない者がいれば、それは命令違反です。,盾衛,True
name,现在的命令，是摧毁塔露拉和她麾下的恶棍。违抗命令的，都会被处决。,盾卫,,,,51,现在的命令，是摧毁塔露拉和她麾下的恶棍。违抗命令的，都会被处决。,現在の命令は、タルラと彼女の配下の悪党を壊滅させることです。命令に背く者は処刑されます。,盾衛,True
character,,avg_npc_042,1,,avg_npc_058,52,,,avg_npc_042,True
name,你想放下？你能......放下？,迷迭香,,,,53,你想放下？你能......放下？,あなたは許すつもり？本当に……許せるのですか？,ローズマリー,True
character,,avg_npc_042,2,,avg_npc_058,54,,,avg_npc_042,True
name,是的，你杀了我们的亲人。你杀了我们的指挥官，我们的领袖和榜样，我们的大尉。,盾卫,,,,55,是的，你杀了我们的亲人。你杀了我们的指挥官，我们的领袖和榜样，我们的大尉。,そうだ、お前は我々の親族を殺した。お前は我々の指揮官、我々のリーダーであり模範であるドクター、大尉を殺したのだ。,盾衛,True
name,但我们不会因为你这么做了就动手。,盾卫,,,,56,但我们不会因为你这么做了就动手。,だが、我々はお前がそうしたからと言ってすぐに行動を起こすつもりはない。,盾衛,True
character,,avg_npc_042,1,,avg_npc_058,57,,,avg_npc_042,True
name,你们不想报仇吗？,迷迭香,,,,58,你们不想报仇吗？,復讐したくないのですか？,ローズマリー,True
character,,avg_npc_042,2,,avg_npc_058,59,,,avg_npc_042,True
name,当然想。别逼我一遍又一遍地解释，菲林！听我说完。,盾卫,,,,60,当然想。别逼我一遍又一遍地解释，菲林！听我说完。,もちろんだ。何度も説明するな、フィリン！最後まで聞いてくれ。,盾衛,True
name,但是，在更高尚的目标之前，我们个人的仇恨不值一提。,盾卫,,,,61,但是，在更高尚的目标之前，我们个人的仇恨不值一提。,しかし、より崇高な目標の前に、我々個人の憎しみなど取るに足らない。,盾衛,True
name,有更值得我们去恨的东西。,盾卫,,,,62,有更值得我们去恨的东西。,我々が憎むべきもっと大切なものがある。,盾衛,True
character,,char_002_amiya_1#4,,,,63,,,char_002_amiya_1#4,True
name,恨......,阿米娅,,,,64,恨......,憎しみ……ですか。,アーミヤ,True
character,,avg_npc_042,2,,avg_npc_058,65,,,avg_npc_042,True
name,菲林，你知道的吧？你身边这只卡特斯，就像大尉说的那样，还是个充满幻想的孩子。,盾卫,,,,66,菲林，你知道的吧？你身边这只卡特斯，就像大尉说的那样，还是个充满幻想的孩子。,フィリン、知っているだろう？お前のそばにいるこのカーテスは、大尉が言ったように、まだ幻想に満ちた子供だ。,盾衛,True
character,,char_002_amiya_1#4,,,,67,,,char_002_amiya_1#4,True
name,——,阿米娅,,,,68,——,――,アーミヤ,True
character,,avg_npc_042,1,,avg_npc_058,69,,,avg_npc_042,True
name,不准这么说阿米娅。,迷迭香,,,,70,不准这么说阿米娅。,アーミヤのことをそんな風に言ってはいけません。,ローズマリー,True
character,,avg_npc_058,,,,71,,,avg_npc_058,True
name,哈，你相信她那套教化别人的傲慢想法，那就照她说的去做！,盾卫,,,,72,哈，你相信她那套教化别人的傲慢想法，那就照她说的去做！,はは、彼女の他人を教化しようとする傲慢な考えを信じるなら、それに従え！,盾衛,True
name,你会被人背叛，到死也不自知，你也救不了身边的人。看起来高尚，实际上不管用。,盾卫,,,,73,你会被人背叛，到死也不自知，你也救不了身边的人。看起来高尚，实际上不管用。,お前は裏切られ、死ぬまで気づかず、周囲の者も救えないだろう。見た目は崇高でも、実際は役に立たない。,盾衛,True
name,而我们，我们相信大尉，他一路走来，向我们展示了一条不同以往乌萨斯无数争斗的道路......,盾卫,,,,74,而我们，我们相信大尉，他一路走来，向我们展示了一条不同以往乌萨斯无数争斗的道路......,だが我々は、大尉を信じる。彼は歩み続け、我々にこれまでの無数の戦いとは違う道を示してくれた……,盾衛,True
name,一条高尚的复仇与毁灭之路。,盾卫,,,,75,一条高尚的复仇与毁灭之路。,それは崇高な復讐と破壊の道だ。,盾衛,True
character,,char_002_amiya_1#4,,,,76,,,char_002_amiya_1#4,True
name,毁灭之路？！,阿米娅,,,,77,毁灭之路？！,破壊の道ですって？！,アーミヤ,True
character,,avg_npc_058,,,,78,,,avg_npc_058,True
name,毁灭敌人。,盾卫,,,,79,毁灭敌人。,敵を破壊するのだ。,盾衛,True
name,认清你的敌人，然后毁灭他们！,盾卫,,,,80,认清你的敌人，然后毁灭他们！,敵を見定めて、そして彼らを滅ぼすのだ！,盾衛,True
character,,char_002_amiya_1#4,,,,81,,,char_002_amiya_1#4,True
name,可是，可是，谁是敌人？散播恨意，一味施暴，引起的战争，被卷入的悲剧，这难道好吗？,阿米娅,,,,82,可是，可是，谁是敌人？散播恨意，一味施暴，引起的战争，被卷入的悲剧，这难道好吗？,ですが、誰が敵なのですか？恨みを撒き散らし、暴力を振るい、戦争を引き起こし、巻き込まれた悲劇、これで良いのでしょうか？,アーミヤ,True
name,这没让你们失去自己的朋友和战友吗？乌萨斯不也......,阿米娅,,,,83,这没让你们失去自己的朋友和战友吗？乌萨斯不也......,それは皆さんの友や戦友を失わせませんでしたか？ウルサスも同じく……,アーミヤ,True
character,,avg_npc_058,,,,84,,,avg_npc_058,True
name,先皇许诺过，总有一天这场战争会结束！而我们也笃信他伟大的愿景。,盾卫,,,,85,先皇许诺过，总有一天这场战争会结束！而我们也笃信他伟大的愿景。,先の皇帝は、この戦いがいつか終わると約束した！そして我々はその偉大な願いを信じている。,盾衛,True
name,你做的那些才让我看不到头。讲道理？他们不讲道理。有的人就是混账，有的恶棍就是该杀！,盾卫,,,,86,你做的那些才让我看不到头。讲道理？他们不讲道理。有的人就是混账，有的恶棍就是该杀！,お前のすることが我々を絶望させる。理屈だ？彼らは理屈を通さない。ろくでなしはどうしようもない、悪党は殺すべきなのだ！,盾衛,True
name,菲林，听着！,盾卫,,,,87,菲林，听着！,フィリン、聞け！,盾衛,True
character,,avg_npc_042,,,,88,,,avg_npc_042,True
name,唔。,迷迭香,,,,89,唔。,うーん。,ローズマリー,True
character,,avg_npc_058,,,,90,,,avg_npc_058,True
name,斩杀仇敌不会让你痛快，原因很简单，因为这事儿还没完。,盾卫,,,,91,斩杀仇敌不会让你痛快，原因很简单，因为这事儿还没完。,仇敵を斬っても気持ち良くはならない。理由は簡単、これで終わりではないからだ。,盾衛,True
name,要做就做到底，要杀就杀干净，把这个国家里的龌龊事情一扫而空，看着白茫茫一片的雪原......这时候你才会高兴！,盾卫,,,,92,要做就做到底，要杀就杀干净，把这个国家里的龌龊事情一扫而空，看着白茫茫一片的雪原......这时候你才会高兴！,やるなら徹底的にやれ。殺すなら綺麗に殺せ。この国の汚れを一掃し、白く広がる雪原を見れば……その時お前は喜ぶだろう！,盾衛,True
name,想想吧，我们去把他们杀了。,盾卫,,,,93,想想吧，我们去把他们杀了。,考えてみろ、我々は奴らを皆殺しにするのだ。,盾衛,True
name,把那个指挥塔上害死我们多少同胞的阴谋家杀了，把各个城市作威作福的统治者杀了，把各个军团的废物和叛徒全都杀了！,盾卫,,,,94,把那个指挥塔上害死我们多少同胞的阴谋家杀了，把各个城市作威作福的统治者杀了，把各个军团的废物和叛徒全都杀了！,我々を何人殺したか分からない指揮塔の陰謀家を殺し、各都市を好き放題に支配する支配者を殺し、各軍団のクズや裏切り者を皆殺しにするのだ！,盾衛,True
name,最后再把现在皇帝身边那些用花言巧语祸害乌萨斯的群臣，全都杀了！,盾卫,,,,95,最后再把现在皇帝身边那些用花言巧语祸害乌萨斯的群臣，全都杀了！,最後に、今の皇帝の周りにいる、飾り言葉でウルサスを害する群臣たちを全員殺せ！,盾衛,True
name,回头看看，再回头看看！你会看到那些该活着的人都活下来了，他们安居乐业，再也不用为谁送命为谁挨饿。,盾卫,,,,96,回头看看，再回头看看！你会看到那些该活着的人都活下来了，他们安居乐业，再也不用为谁送命为谁挨饿。,振り返ってみろ、もう一度振り返ってみろ！そこでお前は、生きるべき者が皆生き延び、彼らが安らかに暮らし、誰のために命を落とすでも飢えるでもないのを見るのだ。,盾衛,True
name,你也是在这样做的，对不对？,盾卫,,,,97,你也是在这样做的，对不对？,お前もそのためにやっているんだろう？,盾衛,True
character,,avg_npc_042,,,,98,,,avg_npc_042,True
name,......,迷迭香,,,,99,......,……,ローズマリー,True
character,,avg_npc_058,,,,100,,,avg_npc_058,True
name,谁害死你的朋友，你就杀掉谁！,盾卫,,,,101,谁害死你的朋友，你就杀掉谁！,誰があなたの友達を殺したのなら、その人を殺すのです！,盾衛,True
character,,char_002_amiya_1#4,,,,102,,,char_002_amiya_1#4,True
name,你们想直接杀死塔露拉。,阿米娅,,,,103,你们想直接杀死塔露拉。,あなたたちはタルラを直接殺そうとしているのですね。,アーミヤ,True
character,,avg_npc_058,,,,104,,,avg_npc_058,True
name,那当然！,盾卫,,,,105,那当然！,もちろんです！,盾衛,True
name,不然呢？不杀她，大尉能安息吗？我们对得起叶莲娜小姐和她的雪怪吗，我们无数的整合运动兄弟们就这么被她怂恿着送了命吗？！,盾卫,,,,106,不然呢？不杀她，大尉能安息吗？我们对得起叶莲娜小姐和她的雪怪吗，我们无数的整合运动兄弟们就这么被她怂恿着送了命吗？！,そうでなければ？彼女を殺さなければ、大尉は安らかに眠れますか？私たちはイェレーナさんと彼女の雪男に応えられますか？そして私たち無数の統合戦線の仲間たちが、彼女に煽られて命を落としたというのに？！,盾衛,True
name,等一个圣人，等一个好皇帝，等一个英雄......我们厌倦了。,盾卫,,,,107,等一个圣人，等一个好皇帝，等一个英雄......我们厌倦了。,聖人を待ち、良い皇帝を待ち、英雄を待つ……もううんざりです。,盾衛,True
name,等到了又怎么样？,盾卫,,,,108,等到了又怎么样？,待ってそれでどうなるのですか？,盾衛,True
name,伟大的皇帝陨落了，他最宝贵的遗产无人继承，所有人都在为了那些微不足道的利益勾心斗角，撕裂这个国家，挤压他的人民！,盾卫,,,,109,伟大的皇帝陨落了，他最宝贵的遗产无人继承，所有人都在为了那些微不足道的利益勾心斗角，撕裂这个国家，挤压他的人民！,偉大な皇帝は倒れました。彼の最も貴重な遺産は誰にも継承されず、皆が些細な利益のために駆け引きをし、この国を引き裂き、民を圧迫しています！,盾衛,True
name,圣人被活埋了，英雄刚才就已经死在我们面前了！,盾卫,,,,110,圣人被活埋了，英雄刚才就已经死在我们面前了！,聖人は生き埋めにされ、英雄もたった今私たちの目の前で亡くなりました！,盾衛,True
name,这哪里是你们能理解的事情？,盾卫,,,,111,这哪里是你们能理解的事情？,これはあなたたちが理解できることなのでしょうか？,盾衛,True
name,但你们有能理解的。菲林，你失去过亲人吗？,盾卫,,,,112,但你们有能理解的。菲林，你失去过亲人吗？,ですが、あなたたちに理解できるものもあります。フィリン、あなたは大切な人を失ったことがありますか？,盾衛,True
character,,avg_npc_042,,,,113,,,avg_npc_042,True
name,......,迷迭香,,,,114,......,......,ローズマリー,True
character,,avg_npc_058,,,,115,,,avg_npc_058,True
name,你的眼神已经把答案告诉我了。,盾卫,,,,116,你的眼神已经把答案告诉我了。,あなたの目がもう答えを教えてくれました。,盾衛,True
character,,avg_npc_042,,,,117,,,avg_npc_042,True
name,我不想和你说话。,迷迭香,,,,118,我不想和你说话。,私はあなたと話したくありません。,ローズマリー,True
character,,avg_npc_058,,,,119,,,avg_npc_058,True
name,但你会听的，菲林。你有着战士的眼神。,盾卫,,,,120,但你会听的，菲林。你有着战士的眼神。,しかしあなたは聞くでしょう、フィリン。あなたには戦士の目があります。,盾衛,True
dialog,,,,,,121,,,,True
character,,,,,,122,,,,True
blocker,,,,,,123,,,,True
background,,,,bg_topout,,124,,,,True
blocker,,,,,,125,,,,True
character,,avg_npc_016,,,,126,,,avg_npc_016,True
name,封闭层还在上升......,幻影弩手,,,,127,封闭层还在上升......,封鎖層はまだ上昇しています……,ファントムクロスボウ,True
character,,avg_npc_058,,,,128,,,avg_npc_058,True
name,这东西没见停下。,盾卫,,,,129,这东西没见停下。,これが止まる気配はありません。,盾衛,True
character,,char_002_amiya_1#7,1,,avg_npc_058,130,,,char_002_amiya_1#7,True
name,要调谐源石传动需要不少时间。,阿米娅,,,,131,要调谐源石传动需要不少时间。,源石駆動を調整するのにはかなり時間がかかります。,アーミヤ,True
character,,char_002_amiya_1#7,2,,avg_npc_058,132,,,char_002_amiya_1#7,True
name,那你们最好快点。这门如果阖上，那乌萨斯公义的大门，可能是又要等上有几百年才能再开启了。,盾卫,,,,133,那你们最好快点。这门如果阖上，那乌萨斯公义的大门，可能是又要等上有几百年才能再开启了。,ならば急いだ方がいい。この扉が閉じてしまったら、ウーサスの正義の門はまた何百年も開かれないかもしれません。,盾衛,True
character,,char_002_amiya_1#7,1,,avg_npc_058,134,,,char_002_amiya_1#7,True
name,游击队不只是在为了感染者而战。,阿米娅,,,,135,游击队不只是在为了感染者而战。,遊撃隊はただ感染者のためだけに戦っているわけではありません。,アーミヤ,True
character,,char_002_amiya_1#7,2,,avg_npc_058,136,,,char_002_amiya_1#7,True
name,当然不只是！,盾卫,,,,137,当然不只是！,もちろんそれだけではありません！,盾衛,True
name,感染者只是个理由。想要的话，多少都有！,盾卫,,,,138,感染者只是个理由。想要的话，多少都有！,感染者はただの理由にすぎません。欲しいのなら、どれほどでもいます！,盾衛,True
name,我们走上雪原只有一个原因，那就是乌萨斯破坏了公平和秩序。大尉说了，感染者原本不必这样子，这只是现在乌萨斯的手段！,盾卫,,,,139,我们走上雪原只有一个原因，那就是乌萨斯破坏了公平和秩序。大尉说了，感染者原本不必这样子，这只是现在乌萨斯的手段！,私たちが雪原に進んだのはただ一つの理由からです。それはウーサスが公平と秩序を破壊したからです。大尉も言いました、感染者は本来こうあるべきではなく、これは今のウーサスの手段にすぎません！,盾衛,True
name,想象一下，一场大远征......大尉带我们走到这里，怎么会只是为了感染者？,盾卫,,,,140,想象一下，一场大远征......大尉带我们走到这里，怎么会只是为了感染者？,想像してください、大遠征を……大尉が私たちをここまで導いたのは、ただ感染者のためだけでしょうか？,盾衛,True
name,我们从边疆来到边疆，绕过坚固的要塞城市，夺下帝国命脉的控制权，联合各种力量，长驱直入，刺向腐朽帝国的心脏......！,盾卫,,,,141,我们从边疆来到边疆，绕过坚固的要塞城市，夺下帝国命脉的控制权，联合各种力量，长驱直入，刺向腐朽帝国的心脏......！,私たちは辺境から辺境へと渡り、堅固な要塞都市を迂回し、帝国の命脈を掌握し、様々な勢力と連合し、長駆直入して腐敗した帝国の心臓を刺し貫く……！,盾衛,True
name,卡特斯，你难道没想过吗？你可不只是因为变成感染者才变成这样。,盾卫,,,,142,卡特斯，你难道没想过吗？你可不只是因为变成感染者才变成这样。,カーツ、君は考えたことがありませんか？君は感染者になったからこうなったわけじゃないのです。,盾衛,True
name,如果他们公平地对待所有人，你可能不用变成感染者的。,盾卫,,,,143,如果他们公平地对待所有人，你可能不用变成感染者的。,もし彼らがすべての人を公平に扱っていれば、君は感染者になる必要はなかったかもしれません。,盾衛,True
name,想想看，那些端坐城市的市民和贵族，商人和唱歌跳舞的，有几个人感染了？,盾卫,,,,144,想想看，那些端坐城市的市民和贵族，商人和唱歌跳舞的，有几个人感染了？,考えてみてください、都市に座っている市民や貴族、商人や歌って踊る人たちの中で、どれくらいの人が感染しましたか？,盾衛,True
name,而在荒原上，在城市周围和矿场里，又有多少人感染了？,盾卫,,,,145,而在荒原上，在城市周围和矿场里，又有多少人感染了？,そして荒野や都市の周辺、鉱山ではどれほどの人が感染しましたか？,盾衛,True
name,这个仇，必须得报！,盾卫,,,,146,这个仇，必须得报！,この恨みは必ず晴らさなければなりません！,盾衛,True
character,,char_002_amiya_1#7,1,,avg_npc_058,147,,,char_002_amiya_1#7,True
name,向谁报复？,阿米娅,,,,148,向谁报复？,誰に復讐をするのですか？,アーミヤ,True
character,,char_002_amiya_1#7,2,,avg_npc_058,149,,,char_002_amiya_1#7,True
name,所有挡在这条正道前面的人！,盾卫,,,,150,所有挡在这条正道前面的人！,この正しき道の前に立ちはだかる者たちすべて！,盾衛,True
character,,char_002_amiya_1#7,,,,151,,,char_002_amiya_1#7,True
name,不对......！,阿米娅,,,,152,不对......！,違います……！,アーミヤ,True
character,,avg_npc_042,,,,153,,,avg_npc_042,True
name,阿米娅......,迷迭香,,,,154,阿米娅......,アーミヤ……,ローズマリー,True
character,,avg_npc_042,2,,char_002_amiya_1,155,,,avg_npc_042,True
name,嗯？,阿米娅,,,,156,嗯？,ん？,アーミヤ,True
character,,avg_npc_042,1,,char_002_amiya_1,157,,,avg_npc_042,True
name,......,迷迭香,,,,158,......,……,ローズマリー,True
name,你难道不恨那些把我们变成这样的人吗？,迷迭香,,,,159,你难道不恨那些把我们变成这样的人吗？,私たちをこんなふうに変えた人たちを恨んでいませんか？,ローズマリー,True
character,,avg_npc_042,2,,char_002_amiya_1,160,,,avg_npc_042,True
name,我不是在说感染者遭遇的不公这件事！我是说，将这变成一种宣泄的手段，这很......,阿米娅,,,,161,我不是在说感染者遭遇的不公这件事！我是说，将这变成一种宣泄的手段，这很......,私は感染者が受けた理不尽のことを言っているのではありません！これは、一種の感情のはけ口にしてしまうのは、とても……,アーミヤ,True
character,,avg_npc_042,1,,char_002_amiya_1,162,,,avg_npc_042,True
name,他们为了自己，让我们变成这样......！,迷迭香,,,,163,他们为了自己，让我们变成这样......！,彼らは自分たちのために、私たちをこんなふうに変えたのです……！,ローズマリー,True
name,那些把我们变成怪物的人！我......我也恨他们。,迷迭香,,,,164,那些把我们变成怪物的人！我......我也恨他们。,私たちを化け物に変えた者たちを！わたし……わたしも彼らを恨んでいます。,ローズマリー,True
character,,avg_npc_058,,,,165,,,avg_npc_058,True
name,对不对，菲林？,盾卫,,,,166,对不对，菲林？,そうだろう、フェリン？,盾衛,True
character,,char_002_amiya_1#7,,,,167,,,char_002_amiya_1#7,True
name,不......,阿米娅,,,,168,不......,いいえ……,アーミヤ,True
name,......不是的......,阿米娅,,,,169,......不是的......,……違います……,アーミヤ,True
dialog,,,,,,170,,,,True
character,,,,,,171,,,,True
blocker,,,,,,172,,,,True
,......对不起。,,,,,173,......对不起。,……ごめんなさい。,,True
,这会很痛。,,,,,174,这会很痛。,とても痛いでしょう。,,True
,对不起......阿米娅。这不该发生在你身上的。,,,,,175,对不起......阿米娅。这不该发生在你身上的。,ごめんなさい……アーミヤ。こんなことはあなたに起こるべきではありません。,,True
dialog,,,,,,176,,,,True
blocker,,,,,,177,,,,True
character,,char_002_amiya_1#4,,,,178,,,char_002_amiya_1#4,True
name,不是的。,阿米娅,,,,179,不是的。,違います。,アーミヤ,True
character,,avg_npc_042,,,,180,,,avg_npc_042,True
name,你......阿米娅，你为什么......为什么会这么说？,迷迭香,,,,181,你......阿米娅，你为什么......为什么会这么说？,あなたは……アーミヤ、なぜ……どうしてそんなことを言うのですか？,ローズマリー,True
name,难道他们不可恨吗？难道他们没有抢走你的生活吗？,迷迭香,,,,182,难道他们不可恨吗？难道他们没有抢走你的生活吗？,彼らを恨むべきではないのですか？彼らはあなたの人生を奪ったではありませんか？,ローズマリー,True
name,我不想忘记那些事情......我不想忘记我的朋友和家人！,迷迭香,,,,183,我不想忘记那些事情......我不想忘记我的朋友和家人！,私はあの出来事を忘れたくありません……友達も家族も忘れたくないのです！,ローズマリー,True
name,我原本可以穿自己喜欢的衣服，去自己想去的学校，我想知道我的爸爸妈妈是什么样，我的......,迷迭香,,,,184,我原本可以穿自己喜欢的衣服，去自己想去的学校，我想知道我的爸爸妈妈是什么样，我的......,本当は好きな服を着て、行きたい学校に行けたはず。父と母がどんな人か知りたかった、私の……,ローズマリー,True
name,我的......兄弟......呜......,迷迭香,,,,185,我的......兄弟......呜......,私の……兄弟……うぅ……,ローズマリー,True
character,,avg_npc_042,2,,char_002_amiya_1#4,186,,,avg_npc_042,True
name,迷迭香，别急......别急！,阿米娅,,,,187,迷迭香，别急......别急！,ローズマリー、焦らないで……焦らないでください！,アーミヤ,True
character,,avg_npc_042,1,,char_002_amiya_1#4,188,,,avg_npc_042,True
name,我不管......,迷迭香,,,,189,我不管......,私は構いません……,ローズマリー,True
name,我不管。,迷迭香,,,,190,我不管。,構いません。,ローズマリー,True
name,阿米娅说的这些，只有这些......我不管！,迷迭香,,,,191,阿米娅说的这些，只有这些......我不管！,アーミヤが言ったこと、たったそれだけ……構わない！,ローズマリー,True
name,要是我受伤就能让他们不受伤，要是我受苦可以让他们不受苦......,迷迭香,,,,192,要是我受伤就能让他们不受伤，要是我受苦可以让他们不受苦......,もし私が傷つくことで彼らが傷つかないなら、私が苦しむことで彼らが苦しまないのなら……,ローズマリー,True
name,那就，那就让我来吧！,迷迭香,,,,193,那就，那就让我来吧！,それなら、それなら私にやらせてください！,ローズマリー,True
name,要是杀了他们，杀了那些毁掉我们生活的人能让你们都更好受一些的话，阿米娅，你不愿意做的话，就让我来吧！,迷迭香,,,,194,要是杀了他们，杀了那些毁掉我们生活的人能让你们都更好受一些的话，阿米娅，你不愿意做的话，就让我来吧！,もし彼らを殺し、私たちの生活を壊した者たちを殺すことで皆が少しでも楽になるのなら、アーミヤ、あなたがそれをしたくないのなら、私にさせてください！,ローズマリー,True
dialog,,,,,,195,,,,True
character,,,,,,196,,,,True
playsound,,,,,,197,,,,True
delay,,,,,,198,,,,True
character,,avg_npc_012,,,,199,,,avg_npc_012,True
name,迷迭香，阿米娅，来自工程小队的通讯......！,罗德岛干员,,,,200,迷迭香，阿米娅，来自工程小队的通讯......！,ローズマリー、ドクター、工学小隊からの通信です……！,ロドスのオペレーター,True
dialog,,,,,,201,,,,True
character,,,,,,202,,,,True
name,我们受到了奇怪的干扰，传动结构卡住不动了！,迷迭香小队成员,,,,203,我们受到了奇怪的干扰，传动结构卡住不动了！,奇妙な妨害を受けて、駆動構造が固まって動きません！,ローズマリー小隊の隊員,True
name,......敌人？队长听到请回话，这里是......,迷迭香小队成员,,,,204,......敌人？队长听到请回话，这里是......,……敵ですか？隊長、聞こえましたら応答してください、こちらは……,ローズマリー小隊の隊員,True
name,不对，不对！他们是......,迷迭香小队成员,,,,205,不对，不对！他们是......,違います、違います！彼らは……,ローズマリー小隊の隊員,True
name,队长！当心乌——,迷迭香小队成员,,,,206,队长！当心乌——,隊長！カラスに気をつけて——,ローズマリー小隊の隊員,True
name,退开！跳下去，快！,女性声音,,,,207,退开！跳下去，快！,下がって！飛び降りて、早く！,女性の声,True
dialog,,,,,,208,,,,True
playsound,,,,,,209,,,,True
camerashake,,,,,,210,,,,True
blocker,,,,,,211,,,,True
camerashake,,,,,,212,,,,True
dialog,,,,,,213,,,,True
character,,,,,,214,,,,True
playsound,,,,,,215,,,,True
delay,,,,,,216,,,,True
character,,avg_npc_042,,,,217,,,avg_npc_042,True
name,......,迷迭香,,,,218,......,……,ローズマリー,True
name,怎么了？快回话......,迷迭香,,,,219,怎么了？快回话......,どうしたの？早く返事してください……,ローズマリー,True
name,......快回话呀！拉瓦卡！碧银！,迷迭香,,,,220,......快回话呀！拉瓦卡！碧银！,……早く返事を！ラバカ！ビギン！,ローズマリー,True
name,不，不不不......,迷迭香,,,,221,不，不不不......,い、いや、いやいや……,ローズマリー,True
character,,avg_npc_058,,,,222,,,avg_npc_058,True
name,封闭层还在上升！,盾卫,,,,223,封闭层还在上升！,封鎖層がまだ上昇しています！,シールドガード,True
character,,char_002_amiya_1#4,,,,224,,,char_002_amiya_1#4,True
name,（工程小组......遇伏了？）,阿米娅,,,,225,（工程小组......遇伏了？）,（工学チームが……待ち伏せに遭いましたか？）,アーミヤ,True
character,,avg_npc_042,,,,226,,,avg_npc_042,True
name,不对，不对，碧银，碧银她，我摸不到她了，我够不着她了！,迷迭香,,,,227,不对，不对，碧银，碧银她，我摸不到她了，我够不着她了！,違います、違います、ビギン、ビギン、彼女に触れられない、届かないんです！,ローズマリー,True
character,,avg_npc_058,,,,228,,,avg_npc_058,True
name,......准备爆炸物。把这里全部炸掉。,盾卫,,,,229,......准备爆炸物。把这里全部炸掉。,……爆発物の準備をしろ。ここを全部爆破する。,シールドガード,True
character,,char_002_amiya_1#4,,,,230,,,char_002_amiya_1#4,True
name,炸毁摧毁封闭层意味着这附近的数条街道也不能幸免，还有躲藏着的不合作感染者在！,阿米娅,,,,231,炸毁摧毁封闭层意味着这附近的数条街道也不能幸免，还有躲藏着的不合作感染者在！,封鎖層を爆破・破壊することは、この付近の通り数本も免れませんし、隠れている非協力的な感染者もいます！,アーミヤ,True
character,,avg_npc_058,,,,232,,,avg_npc_058,True
name,没有时间了。再磨蹭下去只会死更多人！,盾卫,,,,233,没有时间了。再磨蹭下去只会死更多人！,時間がない。これ以上ぐずぐずしていれば、もっと多くの人が死ぬだけだ！,シールドガード,True
character,,avg_npc_012,,,,234,,,avg_npc_012,True
name,通讯彻底断线了！,罗德岛干员,,,,235,通讯彻底断线了！,通信が完全に途絶えました！,ロドスのオペレーター,True
character,,avg_npc_058,,,,236,,,avg_npc_058,True
name,如果你不同意就拿出更好的方案来！,盾卫,,,,237,如果你不同意就拿出更好的方案来！,もし納得できないなら、もっといい案を出せ！,シールドガード,True
dialog,,,,,,238,,,,True
character,,,,,,239,,,,True
blocker,,,,,,240,,,,True
,不行。,,,,,241,不行。,ダメです。,,True
,绝对不行。,,,,,242,绝对不行。,絶対にダメです。,,True
dialog,,,,,,243,,,,True
blocker,,,,,,244,,,,True
character,,avg_npc_042,,,,245,,,avg_npc_042,True
name,不行。,迷迭香,,,,246,不行。,ダメです。,ローズマリー,True
name,你们说的我都......我不知道。但是......,迷迭香,,,,247,你们说的我都......我不知道。但是......,みなさんのおっしゃることは……わかりません。でも……,ローズマリー,True
name,我的小队......我的小队成员......我......,迷迭香,,,,248,我的小队......我的小队成员......我......,私の小隊……私の小隊の隊員たち……私は……,ローズマリー,True
name,他们已经做得很好了，他们为什么会遇到这种事！！,迷迭香,,,,249,他们已经做得很好了，他们为什么会遇到这种事！！,彼らはすでに十分に頑張ったのに、なぜこんなことに遭うのでしょうか！！,ローズマリー,True
name,要是需要力气，需要摧毁什么的话，我来不就好了吗！！,迷迭香,,,,250,要是需要力气，需要摧毁什么的话，我来不就好了吗！！,もし力が必要で、何かを壊す必要があるなら、私が行けばいいじゃないですか！！,ローズマリー,True
character,,char_002_amiya_1#4,,,,251,,,char_002_amiya_1#4,True
name,迷迭香！,阿米娅,,,,252,迷迭香！,ローズマリー！,アーミヤ,True
dialog,,,,,,253,,,,True
character,,,,,,254,,,,True
blocker,,,,,,255,,,,True
image,,,,avg_8_2,,256,,,,True
blocker,,,,,,257,,,,True
character,,,,,,258,,,,True
imagetween,,,,,,259,,,,True
name,啊......啊......！,迷迭香,,,,260,啊......啊......！,あ……あ……！,ローズマリー,True
character,,,,,,261,,,,True
dialog,,,,,,262,,,,True
blocker,,,,,,263,,,,True
playsound,,,,,,264,,,,True
blocker,,,,,,265,,,,True
camerashake,,,,,,266,,,,True
delay,,,,,,267,,,,True
name,迷迭香！蜷起手指！,阿米娅,,,,268,迷迭香！蜷起手指！,ローズマリー！指を丸めてください！,アーミヤ,True
name,只要......撕开......毁掉不就......,迷迭香,,,,269,只要......撕开......毁掉不就......,ただ……引き裂いて……壊せば……いいんじゃ……,ローズマリー,True
character,,,,,,270,,,,True
dialog,,,,,,271,,,,True
blocker,,,,,,272,,,,True
playsound,,,,,,273,,,,True
blocker,,,,,,274,,,,True
camerashake,,,,,,275,,,,True
delay,,,,,,276,,,,True
dialog,,,,,,277,,,,True
playsound,,,,,,278,,,,True
camerashake,,,,,,279,,,,True
blocker,,,,,,280,,,,True
camerashake,,,,,,281,,,,True
dialog,,,,,,282,,,,True
playsound,,,,,,283,,,,True
camerashake,,,,,,284,,,,True
blocker,,,,,,285,,,,True
camerashake,,,,,,286,,,,True
delay,,,,,,287,,,,True
name,什......封闭层被强行停住了？,盾卫,,,,288,什......封闭层被强行停住了？,な……封鎖層が強制的に停止された？,シールドガード,True
name,不就好了！！！,迷迭香,,,,289,不就好了！！！,良くなったじゃない！！！,ローズマリー,True
dialog,,,,,,290,,,,True
playsound,,,,,,291,,,,True
camerashake,,,,,,292,,,,True
blocker,,,,,,293,,,,True
camerashake,,,,,,294,,,,True
delay,,,,,,295,,,,True
dialog,,,,,,296,,,,True
blocker,,,,,,297,,,,True
image,,,,,,298,,,,True
blocker,,,,,,299,,,,True
character,,,,,,300,,,,True
dialog,,,,,,301,,,,True
playsound,,,,,,302,,,,True
camerashake,,,,,,303,,,,True
blocker,,,,,,304,,,,True
camerashake,,,,,,305,,,,True
playsound,,,,,,306,,,,True
camerashake,,,,,,307,,,,True
delay,,,,,,308,,,,True
character,,avg_npc_016,,,,309,,,avg_npc_016,True
name,爆炸？！不，不，那个菲林，她......那是用什么东西撕扯了地块？,幻影弩手,,,,310,爆炸？！不，不，那个菲林，她......那是用什么东西撕扯了地块？,爆発？！いや、違う、あのフィリン、彼女は……あれは一体何で地面を引き裂いたのですか？,幻影の弩手,True
name,......什么......什么东西......,幻影弩手,,,,311,......什么......什么东西......,……何だ……何なんだ……,幻影の弩手,True
name,简直，简直是......,幻影弩手,,,,312,简直，简直是......,まったく、まったく……,幻影の弩手,True
character,,avg_npc_059,,,,313,,,avg_npc_059,True
name,嘘。,罗德岛近卫干员？,,,,314,嘘。,シー。,ロドス近衛オペレーター？,True
name,（摇头）,罗德岛近卫干员？,,,,315,（摇头）,（首を振る）,ロドス近衛オペレーター？,True
name,你们第一次见霜星与塔露拉，难道不也是这样？,罗德岛近卫干员？,,,,316,你们第一次见霜星与塔露拉，难道不也是这样？,君たちが初めてフロストリーフとタルラーを見たときも、こうだったのでは？,ロドス近衛オペレーター？,True
name,等你我身上的感染症状再严重点......说不定还会见到更多。,罗德岛近卫干员？,,,,317,等你我身上的感染症状再严重点......说不定还会见到更多。,私たちの感染症状がもっとひどくなったら……もっと多くを見るかもしれませんね。,ロドス近衛オペレーター？,True
character,,avg_npc_042,,,,318,,,avg_npc_042,True
name,呼，呼......我......,迷迭香,,,,319,呼，呼......我......,はあ、はあ……私……,ローズマリー,True
name,阿米娅......我......有些冷......头好......,迷迭香,,,,320,阿米娅......我......有些冷......头好......,アーミヤ様……私……ちょっと寒いです……頭が……,ローズマリー,True
character,,char_002_amiya_1#4,,,,321,,,char_002_amiya_1#4,True
name,迷迭香！我抓住你了，我抓住你了......别松开，你也要抓紧......抓紧！,阿米娅,,,,322,迷迭香！我抓住你了，我抓住你了......别松开，你也要抓紧......抓紧！,ローズマリー！私はあなたをつかみました、つかみました……離さないで、あなたもしっかり掴んで……しっかり！,アーミヤ,True
character,,avg_npc_058,,,,323,,,avg_npc_058,True
name,她一个人摧毁了封闭层？,盾卫,,,,324,她一个人摧毁了封闭层？,彼女一人で封鎖層を破壊したのか？,シールドウォード,True
name,虽然支撑不了多久......但应该够我们通过整片区域了！,盾卫,,,,325,虽然支撑不了多久......但应该够我们通过整片区域了！,長くは持たないが……これで全域を突破できるはずだ！,シールドウォード,True
character,,char_002_amiya_1#7,,,,326,,,char_002_amiya_1#7,True
name,医疗干员！快来！,阿米娅,,,,327,医疗干员！快来！,医療オペレーター！早く来てください！,アーミヤ,True
character,,avg_npc_042,,,,328,,,avg_npc_042,True
name,呃，呃呃......呜......！在抓我，在抓我，在抓我......！,迷迭香,,,,329,呃，呃呃......呜......！在抓我，在抓我，在抓我......！,うっ、ううっ……うう……！掴まれてる、掴まれてる、掴まれてる……！,ローズマリー,True
character,,avg_npc_042,2,,char_002_amiya_1,330,,,avg_npc_042,True
name,负面情感和直接作用性法术导致的副作用......全是和碧银相关的记忆。,阿米娅,,,,331,负面情感和直接作用性法术导致的副作用......全是和碧银相关的记忆。,ネガティブな感情と直接作用する術の副作用……すべて碧銀に関する記憶です。,アーミヤ,True
name,迷迭香......看我这里，看我的眼睛！,阿米娅,,,,332,迷迭香......看我这里，看我的眼睛！,ローズマリー……こちらを見て、私の目を見てください！,アーミヤ,True
character,,avg_npc_058,,,,333,,,avg_npc_058,True
name,（黑色的线条从魔王的手指流进了菲林的眼睛......）,盾卫,,,,334,（黑色的线条从魔王的手指流进了菲林的眼睛......）,（黒い線が魔王の指からフィリンの目に流れ込んでいる……）,シールドウォード,True
name,（她的确是......）,盾卫,,,,335,（她的确是......）,（彼女は確かに……）,シールドウォード,True
character,,avg_npc_042,1,,char_002_amiya_1,336,,,avg_npc_042,True
name,呜，呜......我知道......知道的......阿米娅......,迷迭香,,,,337,呜，呜......我知道......知道的......阿米娅......,うう……わかってます……わかってるんです……アーミヤ様……,ローズマリー,True
character,,avg_npc_042,2,,char_002_amiya_1,338,,,avg_npc_042,True
name,不可以再这么做......！但，但就算我这样说了你也......,阿米娅,,,,339,不可以再这么做......！但，但就算我这样说了你也......,もうこれ以上はやってはいけません……！でも、でも私がそう言ってもあなたは……,アーミヤ,True
character,,avg_npc_042,1,,char_002_amiya_1,340,,,avg_npc_042,True
name,嗯......对，对不起......我不会改的。嗯。,迷迭香,,,,341,嗯......对，对不起......我不会改的。嗯。,うん……ごめんなさい……変わらないです。うん。,ローズマリー,True
character,,avg_npc_058,,,,342,,,avg_npc_058,True
name,做得好，菲林。做得非常好！,盾卫,,,,343,做得好，菲林。做得非常好！,よくやった、フィリン。素晴らしいぞ！,シールドウォード,True
name,兄弟们，我们向前走！顶着炮火和弩箭，我们前进！,盾卫,,,,344,兄弟们，我们向前走！顶着炮火和弩箭，我们前进！,兄弟たちよ、前へ進むぞ！砲火と矢を浴びても進むんだ！,シールドウォード,True
name,你们就现在这里歇一会儿吧，罗德岛。,盾卫,,,,345,你们就现在这里歇一会儿吧，罗德岛。,お前たちはここで休め、ロドス。,シールドウォード,True
character,,char_002_amiya_1#4,,,,346,,,char_002_amiya_1#4,True
name,能暂且等一下吗，游击队的战士？,阿米娅,,,,347,能暂且等一下吗，游击队的战士？,少しお待ちいただけますか、遊撃隊の戦士さん？,アーミヤ,True
name,我们相互之间没有通讯方式。即使是你身边那位前罗德岛雇员，他的通讯设备也没有我们这一次行动的权限。,阿米娅,,,,348,我们相互之间没有通讯方式。即使是你身边那位前罗德岛雇员，他的通讯设备也没有我们这一次行动的权限。,私たちは互いに連絡手段がありません。あなたの側にいる元ロドスの者でさえ、今回の作戦の通信許可を持っていません。,アーミヤ,True
name,如果盾卫真的需要我们配合......那么至少应该了解一下罗德岛会怎样去做。,阿米娅,,,,349,如果盾卫真的需要我们配合......那么至少应该了解一下罗德岛会怎样去做。,もしシールドウォードが本当に私たちの協力を必要としているなら……少なくともロドスの方針を理解すべきです。,アーミヤ,True
character,,avg_npc_058,,,,350,,,avg_npc_058,True
name,——,盾卫,,,,351,——,——,盾衛,True
name,好。等上一会儿也无妨。,盾卫,,,,352,好。等上一会儿也无妨。,いいですよ。少し待つのも構いません。,盾衛,True
name,毕竟这只小菲林帮了我们大忙了。,盾卫,,,,353,毕竟这只小菲林帮了我们大忙了。,何と言っても、この小さなフィリニャンは私たちに大いに助けてくれましたから。,盾衛,True
character,,avg_npc_042,,,,354,,,avg_npc_042,True
name,（微弱地喘气）,迷迭香,,,,355,（微弱地喘气）,（かすかに息をつく）,ローズマリー,True
character,,avg_npc_042,2,,char_002_amiya_1,356,,,avg_npc_042,True
name,迷迭香......,阿米娅,,,,357,迷迭香......,ローズマリー......,アーミヤ,True
character,,avg_npc_042,1,,char_002_amiya_1,358,,,avg_npc_042,True
name,我不会有事的。我还要......继续......战斗呢。,迷迭香,,,,359,我不会有事的。我还要......继续......战斗呢。,私は大丈夫です。まだ……戦いを……続けなければなりません。,ローズマリー,True
name,得......去......找我的工程小组。,迷迭香,,,,360,得......去......找我的工程小组。,……私のエンジニアチームを……探しに……行かなければ。,ローズマリー,True
character,,char_002_amiya_1#7,,,,361,,,char_002_amiya_1#7,True
name,......好，我知道。,阿米娅,,,,362,......好，我知道。,......わかりました。,アーミヤ,True
dialog,,,,,,363,,,,True
stopmusic,,,,,,364,,,,True
character,,char_002_amiya_1#7,,,,365,,,char_002_amiya_1#7,True
playsound,,,,,,366,,,,True
camerashake,,,,,,367,,,,True
cameraeffect,,,,,,368,,,,True
cameraeffect,,,,,,369,,,,True
delay,,,,,,370,,,,True
playsound,,,,,,371,,,,True
camerashake,,,,,,372,,,,True
cameraeffect,,,,,,373,,,,True
cameraeffect,,,,,,374,,,,True
playsound,,,,,,375,,,,True
camerashake,,,,,,376,,,,True
cameraeffect,,,,,,377,,,,True
cameraeffect,,,,,,378,,,,True
delay,,,,,,379,,,,True
character,,char_002_amiya_1#6,,,,380,,,char_002_amiya_1#6,True
name,又是，陈长官的......,阿米娅,,,,381,又是，陈长官的......,また、チェン指揮官の……,アーミヤ,True
character,,,,,,382,,,,True
dialog,,,,,,383,,,,True
blocker,,,,,,384,,,,True
playmusic,,,,,,385,,,,True
background,,,,bg_outcounty,,386,,,,True
cameraeffect,,,,,,387,,,,True
blocker,,,,,,388,,,,True
delay,,,,,,389,,,,True
character,,char_222_bpipe,,,,390,,,char_222_bpipe,True
name,那你是一定会回去咯？,风笛,,,,391,那你是一定会回去咯？,じゃあ、必ず戻るんですね？,パイパー,True
character,,char_010_chen_1,,,,392,,,char_010_chen_1,True
name,肯定的。,陈,,,,393,肯定的。,もちろんです。,チェン,True
character,,char_222_bpipe,,,,394,,,char_222_bpipe,True
name,可你也说了，现在你这个朋友在乌萨斯生死不明，你回去龙门也没什么用吧。唔，毕业以后直接去乌萨斯......可能不？,风笛,,,,395,可你也说了，现在你这个朋友在乌萨斯生死不明，你回去龙门也没什么用吧。唔，毕业以后直接去乌萨斯......可能不？,でも、あなたも言いました。今、友人がウルサスで生死不明で、戻ってもロドスではあまり意味がないと。うーん、卒業直後に直接ウルサスに行くのは……無理でしょうか？,パイパー,True
character,,char_010_chen_1,,,,396,,,char_010_chen_1,True
name,乌萨斯是不会开入境准证给我这种人的。,陈,,,,397,乌萨斯是不会开入境准证给我这种人的。,ウルサスは私のような者に入国許可証を出しません。,チェン,True
character,,char_222_bpipe,,,,398,,,char_222_bpipe,True
name,不会吧......唉，但真的好可惜，你居然读完就走。陈陈头脑那么好，进修个高级讲师不成问题的！,风笛,,,,399,不会吧......唉，但真的好可惜，你居然读完就走。陈陈头脑那么好，进修个高级讲师不成问题的！,そんなはずないでしょう……ああ、本当に残念です。あなたが卒業してすぐに去ってしまうなんて。チェンさんは頭が良いのですから、高度な講師の道に進んでも問題なかったのに！,パイパー,True
name,过两年资历就唰唰地上去了呀，这在哪个国家都会很吃香吧？,风笛,,,,400,过两年资历就唰唰地上去了呀，这在哪个国家都会很吃香吧？,2年も経験を積めば、どこの国でもすごく評価されるでしょう？,風笛（ふうてき）,True
character,,char_010_chen_1,,,,401,,,char_010_chen_1,True
name,别再那么叫我了，求你。,陈,,,,402,别再那么叫我了，求你。,もうそんな風に呼ばないでください、お願いします。,ドクター・チェン,True
name,......你呢？,陈,,,,403,......你呢？,……あなたは？,ドクター・チェン,True
character,,char_222_bpipe,,,,404,,,char_222_bpipe,True
name,我？我头脑怎么样你也知道。不笨是肯定的，但是你说聪明吧......我联合作战课每次都只是刚及格。,风笛,,,,405,我？我头脑怎么样你也知道。不笨是肯定的，但是你说聪明吧......我联合作战课每次都只是刚及格。,私？私の頭の良さはあなたも知っていますよね。決してバカではありませんが、賢いかと言えば……合同作戦の授業はいつもギリギリの合格です。,風笛（ふうてき）,True
character,,char_010_chen_1,,,,406,,,char_010_chen_1,True
name,刚考完的那门军事战略？,陈,,,,407,刚考完的那门军事战略？,さっき受けた軍事戦略の試験か？,ドクター・チェン,True
character,,char_222_bpipe,,,,408,,,char_222_bpipe,True
name,每次都差点没及格。,风笛,,,,409,每次都差点没及格。,毎回ギリギリで合格しています。,風笛（ふうてき）,True
character,,char_010_chen_1,,,,410,,,char_010_chen_1,True
name,行了，你已经比维多利亚百分之九十八的人都有头脑了。至少纸面上是这样。,陈,,,,411,行了，你已经比维多利亚百分之九十八的人都有头脑了。至少纸面上是这样。,いいかげんにしろ、お前はビクトリアの98%以上の人より頭がいい。少なくとも書類上はね。,ドクター・チェン,True
character,,char_222_bpipe,,,,412,,,char_222_bpipe,True
name,但讲师我肯定是不指望啦。再说，比起一上来就去搞指挥搞技术的军官，我还是觉得，得从士兵一步步做起。,风笛,,,,413,但讲师我肯定是不指望啦。再说，比起一上来就去搞指挥搞技术的军官，我还是觉得，得从士兵一步步做起。,でも講師には絶対になれないでしょうね。それに、最初から指揮や技術に進む軍官よりは、兵士から一歩一歩始める方がいいと思います。,風笛（ふうてき）,True
character,,char_010_chen_1,,,,414,,,char_010_chen_1,True
name,你真是不怕死。谁知道维多利亚的士兵会在战场上遇到什么。,陈,,,,415,你真是不怕死。谁知道维多利亚的士兵会在战场上遇到什么。,お前は本当に命知らずだな。ビクトリアの兵士が戦場で何に遭遇するか誰がわかるんだ。,ドクター・チェン,True
character,,char_222_bpipe,,,,416,,,char_222_bpipe,True
name,可敌人也不想在战场上遇到维多利亚的士兵。,风笛,,,,417,可敌人也不想在战场上遇到维多利亚的士兵。,でも敵も戦場でビクトリアの兵士と遭遇したくはないでしょう。,風笛（ふうてき）,True
name,......我怕在战略地图前面坐太久，会慢慢把人命看成数字。很可怕。前线和各个驻地的士兵需要有人去告诉他们什么该做，什么不该做。,风笛,,,,418,......我怕在战略地图前面坐太久，会慢慢把人命看成数字。很可怕。前线和各个驻地的士兵需要有人去告诉他们什么该做，什么不该做。,……私は戦略マップの前に長く座りすぎると、人命を数字として見てしまいそうで怖いです。前線や各駐屯地の兵士には、何をすべきで何をしてはいけないかを教える人が必要です。,風笛（ふうてき）,True
name,只有亲身上了战场，才会知道战斗有多残忍，战争有多不该发生。,风笛,,,,419,只有亲身上了战场，才会知道战斗有多残忍，战争有多不该发生。,実際に戦場に行ってこそ、戦闘がどれほど残酷か、戦争がどれほど起こってはならないものかを知るのです。,風笛（ふうてき）,True
character,,char_010_chen_1,,,,420,,,char_010_chen_1,True
name,你还真想改变维多利亚？我以为......以为那是你酒后瞎说的。,陈,,,,421,你还真想改变维多利亚？我以为......以为那是你酒后瞎说的。,お前、本気でビクトリアを変えたいのか？酒の勢いで言ってるんじゃないかと思ってたよ。,ドクター・チェン,True
character,,char_222_bpipe,,,,422,,,char_222_bpipe,True
name,没，没啊。有那么奇怪吗？！我就......就只是想做点好事。,风笛,,,,423,没，没啊。有那么奇怪吗？！我就......就只是想做点好事。,い、いいえ、そんな変ですか？！ただ……ただ少し良いことをしたいだけです。,風笛（ふうてき）,True
character,,char_010_chen_1,,,,424,,,char_010_chen_1,True
name,——,陈,,,,425,——,――,ドクター・チェン,True
name,好事不易。,陈,,,,426,好事不易。,良いことは簡単にはできません。,ドクター・チェン,True
name,那我回龙门也是差不多的原因。我不想龙门再发生更多坏事。呆在龙门，解决坏事，阻止坏事。,陈,,,,427,那我回龙门也是差不多的原因。我不想龙门再发生更多坏事。呆在龙门，解决坏事，阻止坏事。,私が龍門に戻るのも同じ理由です。龍門でこれ以上悪いことが起こってほしくない。龍門にいて悪いことを解決し、阻止したいんです。,ドクター・チェン,True
character,,char_222_bpipe,,,,428,,,char_222_bpipe,True
name,......你是要回去当警察？,风笛,,,,429,......你是要回去当警察？,……あなたは警察に戻るのですか？,風笛（ふうてき）,True
character,,char_010_chen_1,,,,430,,,char_010_chen_1,True
name,警察？,陈,,,,431,警察？,警察か？,ドクター・チェン,True
character,,char_222_bpipe,,,,432,,,char_222_bpipe,True
name,哇。我一直觉得陈陈你看上去就是那种，会狠狠地揍歹徒一顿的人。我没看错！,风笛,,,,433,哇。我一直觉得陈陈你看上去就是那种，会狠狠地揍歹徒一顿的人。我没看错！,わあ。ずっとチェンさんは、悪党を思いっきり叩きのめすタイプだと思ってました。私の見る目は間違っていませんね！,風笛（ふうてき）,True
character,,char_010_chen_1,,,,434,,,char_010_chen_1,True
name,别下结论。但警察......,陈,,,,435,别下结论。但警察......,決めつけないでくれ。しかし警察も……,ドクター・チェン,True
name,警察也不坏。,陈,,,,436,警察也不坏。,警察も悪くない。,ドクター・チェン,True
name,警察应该也会手握更多线索吧，当年的事，现在的事......不用再靠我那个一脸老谋深算样的舅舅了。,陈,,,,437,警察应该也会手握更多线索吧，当年的事，现在的事......不用再靠我那个一脸老谋深算样的舅舅了。,警察はもっと多くの手がかりを持っているはずです。昔のこと、今のこと……もうあの狡猾そうな舅に頼る必要はありません。,ドクター・チェン,True
character,,char_222_bpipe,,,,438,,,char_222_bpipe,True
name,......我以前都有点害怕，怕你会去选军事情报科，陈陈这么阴森森的，成了间谍肯定特别可怕。,风笛,,,,439,......我以前都有点害怕，怕你会去选军事情报科，陈陈这么阴森森的，成了间谍肯定特别可怕。,……以前は少し怖かったです。チェンさんが軍事情報科を選ぶのではと。チェンさんはとても陰険そうなので、スパイになったら特に怖いだろうなと。,風笛（ふうてき）,True
character,,char_010_chen_1,,,,440,,,char_010_chen_1,True
name,*维多利亚问候用语*,陈,,,,441,*维多利亚问候用语*,*ビクトリアの挨拶言葉*,ドクター・チェン,True
character,,char_222_bpipe,,,,442,,,char_222_bpipe,True
name,你......！我是不会讲粗话的。哎，我忍得住！,风笛,,,,443,你......！我是不会讲粗话的。哎，我忍得住！,あなた……！私は悪口は言いません。ええ、我慢します！,風笛（ふうてき）,True
character,,char_010_chen_1,,,,444,,,char_010_chen_1,True
name,哈。看你能忍到什么时候。,陈,,,,445,哈。看你能忍到什么时候。,はは。いつまで我慢できるか見ものだな。,ドクター・チェン,True
dialog,,,,,,446,,,,True
playsound,,,,,,447,,,,True
character,,char_222_bpipe,,,,448,,,char_222_bpipe,True
name,啊，有人敲门。稍等！来啦！,风笛,,,,449,啊，有人敲门。稍等！来啦！,あっ、誰かノックしています。少々お待ちください！参ります！,風笛（ふうてき）,True
character,,,,,,450,,,,True
name,给陈晖洁小姐的电讯，已经完成了转录，请您检查下终端。为了确保这条信息是您自己阅读的，我需要当面确认。,学院信使,,,,451,给陈晖洁小姐的电讯，已经完成了转录，请您检查下终端。为了确保这条信息是您自己阅读的，我需要当面确认。,陳晖潔様への電報はすでに転写を完了いたしました。端末をご確認くださいませ。この情報がご本人様によって読まれるものであることを確実にするため、直接お会いして確認する必要がございます。,学院の使者,True
character,,char_010_chen_1,,,,452,,,char_010_chen_1,True
name,什么东西这么大费周章？等我看下。,陈,,,,453,什么东西这么大费周章？等我看下。,こんなに大げさなことは何ですか？ちょっと見せてください。,陳,True
character,,char_010_chen_1#3,,,,454,,,char_010_chen_1#3,True
stopmusic,,,,,,455,,,,True
name,......,陈,,,,456,......,……,陳,True
character,,char_010_chen_1#2,,,,457,,,char_010_chen_1#2,True
name,......你说什么？这......什么？,陈,,,,458,......你说什么？这......什么？,……何とおっしゃいました？これは……何ですか？,陳,True
character,,,,,,459,,,,True
name,看来您已经收到讯息了。学院没有对高保密内容进行例行检查的权力，如果需要对内容进行进一步的咨询，我推荐您直接回件。,学院信使,,,,460,看来您已经收到讯息了。学院没有对高保密内容进行例行检查的权力，如果需要对内容进行进一步的咨询，我推荐您直接回件。,どうやらメッセージはすでに受け取っておられるようですね。学院には高度な機密内容を定期的に検査する権限はありません。内容についてさらにご相談が必要な場合は、直接返信されることをお勧めいたします。,学院の使者,True
name,还需要我做些什么？没有的话，就此告辞。祝两位度过一个美好的下午。,学院信使,,,,461,还需要我做些什么？没有的话，就此告辞。祝两位度过一个美好的下午。,他に私にできることはございますか？なければこれにて失礼いたします。お二人とも素敵な午後をお過ごしくださいませ。,学院の使者,True
character,,char_222_bpipe,,,,462,,,char_222_bpipe,True
name,啊，走了。,风笛,,,,463,啊，走了。,ああ、行ってしまった。,風笛,True
name,......为什么要在走廊上走正步啊。,风笛,,,,464,......为什么要在走廊上走正步啊。,…なぜ廊下を行進しながら歩くのですか。,風笛,True
name,你脸色很奇怪。就像你刚收到的信息给了你一拳。,风笛,,,,465,你脸色很奇怪。就像你刚收到的信息给了你一拳。,君の顔色がとてもおかしい。まるで今受け取ったメッセージが君に一発殴ったかのようだ。,風笛,True
character,,char_010_chen_1#6,,,,466,,,char_010_chen_1#6,True
name,我也不知道该怎么形容自己的心情。,陈,,,,467,我也不知道该怎么形容自己的心情。,私も自分の気持ちをどう表現していいかわかりません。,陳,True
name,他们知道我朋友的行踪了。,陈,,,,468,他们知道我朋友的行踪了。,彼らは私の友人の行方を知ってしまいました。,陳,True
character,,char_222_bpipe,,,,469,,,char_222_bpipe,True
name,那不是好事吗！,风笛,,,,470,那不是好事吗！,それは良いことではありませんか！,風笛,True
character,,char_010_chen_1#6,,,,471,,,char_010_chen_1#6,True
name,不。,陈,,,,472,不。,いいえ。,陳,True
name,得到她的踪迹这件事......也是她又一次失踪的开始。她......,陈,,,,473,得到她的踪迹这件事......也是她又一次失踪的开始。她......,彼女の痕跡を得たという事実は……彼女がまた行方不明になる始まりでもあります。彼女は……,陳,True
playmusic,,,,,,474,,,,True
character,,char_010_chen_1#5,,,,475,,,char_010_chen_1#5,True
name,她......杀了当时掳走她的那个人。在这之后又一次......下落不明。,陈,,,,476,她......杀了当时掳走她的那个人。在这之后又一次......下落不明。,彼女は……当時誘拐した人物を殺しました。その後、また……行方不明です。,陳,True
character,,char_222_bpipe,,,,477,,,char_222_bpipe,True
name,呃。,风笛,,,,478,呃。,ええと。,風笛,True
name,那最少——最少她还活着。,风笛,,,,479,那最少——最少她还活着。,それなら少なくとも――少なくとも彼女はまだ生きているのですね。,風笛,True
character,,char_010_chen_1#5,,,,480,,,char_010_chen_1#5,True
name,你说得对。,陈,,,,481,你说得对。,あなたの言う通りです。,陳,True
name,......毕业后我会立刻回龙门。,陈,,,,482,......毕业后我会立刻回龙门。,…卒業後すぐに龍門に戻ります。,陳,True
character,,char_222_bpipe,,,,483,,,char_222_bpipe,True
name,啊？不是......不是，她不是在乌萨斯吗？我以为你一定要去乌萨斯了，还在想要不要毕业前帮你织几条围巾做饯别礼呢。,风笛,,,,484,啊？不是......不是，她不是在乌萨斯吗？我以为你一定要去乌萨斯了，还在想要不要毕业前帮你织几条围巾做饯别礼呢。,あれ？違いますよね…彼女はウーサスにいるのでは？君は必ずウーサスに行くと思っていました。卒業前にいくつかマフラーを編んで送別の贈り物にしようか考えていましたよ。,風笛,True
character,,char_010_chen_1#5,,,,485,,,char_010_chen_1#5,True
name,我在乌萨斯不可能伸得开手脚，但在龙门，我会逐渐扩大自己的优势。龙门的力量在城市间肯定比我一个人的力量强。,陈,,,,486,我在乌萨斯不可能伸得开手脚，但在龙门，我会逐渐扩大自己的优势。龙门的力量在城市间肯定比我一个人的力量强。,ウーサスでは自由に行動できませんが、龍門では自分の優位性を徐々に拡大していきます。龍門の力は都市間でおそらく私一人の力より強いのです。,陳,True
name,......我会找到她的。,陈,,,,487,......我会找到她的。,…私は彼女を見つけ出します。,陳,True
dialog,,,,,,488,,,,True
blocker,,,,,,489,,,,True
cameraeffect,,,,,,490,,,,True
image,,,,,,491,,,,True
,“泪锋之招，当断即断。”,,,,,492,“泪锋之招，当断即断。”,「涙の刃の技、断つべきは即断つべし。」,,True
dialog,,,,,,493,,,,True
blocker,,,,,,494,,,,True
image,,,,,,495,,,,True
